"playerID","awardID","yearID","lgID","tie","notes"
"poseybu01","Lou Gehrig Memorial Award",2019,"ML",NA,NA
"klubeco01","Lou Gehrig Memorial Award",2018,"ML",NA,NA
"vottojo01","Lou Gehrig Memorial Award",2017,"ML",NA,NA
"altuvjo01","Lou Gehrig Memorial Award",2016,"ML",NA,NA
"grandcu01","Lou Gehrig Memorial Award",2015,"ML",NA,NA
"beltrad01","Lou Gehrig Memorial Award",2014,"ML",NA,NA
"hamiljo03","Lou Gehrig Memorial Award",2013,"ML",NA,NA
"zitoba01","Lou Gehrig Memorial Award",2012,"ML",NA,NA
"acunaro01","Most Valuable Player",2023,"NL",NA,NA
"ohtansh01","Most Valuable Player",2023,"AL",NA,NA
"judgeaa01","Most Valuable Player",2022,"AL",NA,NA
"goldspa01","Most Valuable Player",2022,"NL",NA,NA
"marteke01","NLCS MVP",2023,"NL",NA,NA
"harpebr03","NLCS MVP",2022,"NL",NA,NA
"ohtansh01","Outstanding DH Award",2023,"ML",NA,NA
"ohtansh01","Outstanding DH Award",2022,"ML",NA,NA
"biebesh01","Pitching Triple Crown",2020,"AL",NA,NA
"gimenan01","Platinum Glove",2023,"AL",NA,NA
"tatisfe02","Platinum Glove",2023,"NL",NA,NA
"trevijo01","Platinum Glove",2022,"AL",NA,NA
"arenano01","Platinum Glove",2022,"NL",NA,NA
"raleica01","TSN All-Star",2023,"AL","Y","C"
"contrwi02","TSN All-Star",2023,"NL","Y","C"
"rutscad01","TSN All-Star",2023,"AL","Y","C"
"murphse01","TSN All-Star",2023,"NL","Y","C"
"smithwi05","TSN All-Star",2023,"NL","Y","C"
"harpebr03","TSN All-Star",2023,"NL",NA,"DH"
"ohtansh01","TSN All-Star",2023,"AL",NA,"DH"
"bellico01","TSN All-Star",2023,"NL","Y","OF"
"sotoju01","TSN All-Star",2023,"NL","Y","OF"
"rodriju01","TSN All-Star",2023,"AL",NA,"OF"
"tuckeky01","TSN All-Star",2023,"AL",NA,"OF"
"bettsmo01","TSN All-Star",2023,"NL",NA,"OF"
"roberlu01","TSN All-Star",2023,"AL",NA,"OF"
"acunaro01","TSN All-Star",2023,"NL",NA,"OF"
"willide03","TSN All-Star",2023,"NL",NA,"RP"
"bautife01","TSN All-Star",2023,"AL",NA,"RP"
"snellbl01","TSN All-Star",2023,"NL",NA,"SP"
"colege01","TSN All-Star",2023,"AL",NA,"SP"
"seageco01","TSN All-Star",2023,"AL",NA,"SS"
"rileyau01","TSN All-Star",2023,"NL",NA,"SS"
"abreujo02","TSN All-Star",2022,"AL",NA,"1B"
"goldspa01","TSN All-Star",2022,"NL",NA,"1B"
"gimenan01","TSN All-Star",2022,"AL",NA,"2B"
"mcneije01","TSN All-Star",2022,"NL",NA,"2B"
"arenano01","TSN All-Star",2022,"NL",NA,"3B"
"ramirjo01","TSN All-Star",2022,"AL",NA,"3B"
"kirkal01","TSN All-Star",2022,"AL",NA,"C"
"realmjt01","TSN All-Star",2022,"NL",NA,"C"
"alvaryo01","TSN All-Star",2022,"AL",NA,"DH"
"harpebr03","TSN All-Star",2022,"NL",NA,"DH"
"judgeaa01","TSN All-Star",2022,"AL",NA,"OF"
"sotoju01","TSN All-Star",2022,"NL",NA,"OF"
"rodriju01","TSN All-Star",2022,"AL",NA,"OF"
"harrimi04","TSN All-Star",2022,"NL",NA,"OF"
"troutmi01","TSN All-Star",2022,"AL",NA,"OF"
"bettsmo01","TSN All-Star",2022,"NL",NA,"OF"
"diazed04","TSN All-Star",2022,"NL",NA,"RP"
"claseem01","TSN All-Star",2022,"AL",NA,"RP"
"verlaju01","TSN All-Star",2022,"AL",NA,"SP"
"alcansa01","TSN All-Star",2022,"NL",NA,"SP"
"bogaexa01","TSN All-Star",2022,"AL",NA,"SS"
"turnetr01","TSN All-Star",2022,"NL",NA,"SS"
"acunaro01","TSN Major League Player of the Year",2023,"ML",NA,NA
"judgeaa01","TSN Major League Player of the Year",2022,"ML",NA,NA
"ohtansh01","TSN Major League Player of the Year",2021,"ML",NA,NA
"abreujo02","TSN Major League Player of the Year",2020,"ML",NA,NA
"troutmi01","TSN Major League Player of the Year",2019,"ML",NA,NA
"bettsmo01","TSN Major League Player of the Year",2018,"ML",NA,NA
"altuvjo01","TSN Major League Player of the Year",2017,"ML",NA,NA
"snellbl01","TSN Pitcher of the Year",2023,"NL",NA,NA
"colege01","TSN Pitcher of the Year",2023,"AL",NA,NA
"verlaju01","TSN Pitcher of the Year",2022,"AL",NA,NA
"alcansa01","TSN Pitcher of the Year",2022,"NL",NA,NA
"colege01","TSN Pitcher of the Year",2021,"AL",NA,NA
"scherma01","TSN Pitcher of the Year",2021,"NL",NA,NA
"degroja01","TSN Pitcher of the Year",2020,"NL",NA,NA
"biebesh01","TSN Pitcher of the Year",2020,"AL",NA,NA
"colege01","TSN Pitcher of the Year",2019,"AL",NA,NA
"degroja01","TSN Pitcher of the Year",2019,"NL",NA,NA
"salech01","TSN Pitcher of the Year",2018,"AL",NA,NA
"degroja01","TSN Pitcher of the Year",2018,"NL",NA,NA
"salech01","TSN Pitcher of the Year",2017,"AL",NA,NA
"scherma01","TSN Pitcher of the Year",2017,"NL",NA,NA
"willide03","TSN Reliever of the Year",2023,"NL",NA,NA
"bautife01","TSN Reliever of the Year",2023,"AL",NA,NA
"diazed04","TSN Reliever of the Year",2022,"NL",NA,NA
"claseem01","TSN Reliever of the Year",2022,"AL",NA,NA
"haderjo01","TSN Reliever of the Year",2021,"NL",NA,NA
"hendrli01","TSN Reliever of the Year",2021,"AL",NA,NA
"willide03","TSN Reliever of the Year",2020,"NL",NA,NA
"hendrli01","TSN Reliever of the Year",2020,"AL",NA,NA
"yateski01","TSN Reliever of the Year",2019,"NL",NA,NA
"hendrli01","TSN Reliever of the Year",2019,"AL",NA,NA
"diazed04","TSN Reliever of the Year",2018,"AL",NA,NA
"haderjo01","TSN Reliever of the Year",2018,"NL",NA,NA
"kimbrcr01","TSN Reliever of the Year",2017,"AL",NA,NA
"janseke01","TSN Reliever of the Year",2017,"NL",NA,NA
"seageco01","World Series MVP",2023,"ML",NA,NA
"penaje02","World Series MVP",2022,"ML",NA,NA
"smithle02","Reliever of the Year Award",1992,"NL",NA,NA
"wettejo01","Reliever of the Year Award",1996,"AL",NA,NA
"riverma01","Reliever of the Year Award",2004,"AL",NA,NA
"rodrifr03","Reliever of the Year Award",2008,"AL",NA,NA
"johnsji04","Reliever of the Year Award",2012,"AL",NA,NA
"tatisfe02","TSN All-Star",2021,"NL",NA,"SS"
"sotoju01","TSN All-Star",2021,"NL",NA,"OF"
"harpebr03","TSN All-Star",2021,"NL",NA,"OF"
"reynobr01","TSN All-Star",2021,"NL",NA,"OF"
"scherma01","TSN All-Star",2021,"NL",NA,"SP"
"haderjo01","TSN All-Star",2021,"NL",NA,"RP"
"friedma01","Silver Slugger",2021,"NL",NA,"P"
"ramirjo01","TSN All-Star",2021,"AL",NA,"3B"
"garciad02","ALCS MVP",2023,"AL",NA,NA
"penaje02","ALCS MVP",2022,"AL",NA,NA
"diazel01","All-Star Game MVP",2023,"NL",NA,NA
"stantmi03","All-Star Game MVP",2022,"AL",NA,NA
"guerrvl02","All-Star Game MVP",2021,"AL",NA,NA
"biebesh01","All-Star Game MVP",2019,"AL",NA,NA
"bregmal01","All-Star Game MVP",2018,"AL",NA,NA
"canoro01","All-Star Game MVP",2017,"AL",NA,NA
"correca01","Platinum Glove",2021,"AL",NA,NA
"arenano01","Platinum Glove",2021,"NL",NA,NA
"gordoal01","Platinum Glove",2020,"AL",NA,NA
"arenano01","Platinum Glove",2020,"NL",NA,NA
"chapmma01","Platinum Glove",2019,"AL",NA,NA
"arenano01","Platinum Glove",2019,"NL",NA,NA
"chapmma01","Platinum Glove",2018,"AL",NA,NA
"arenano01","Platinum Glove",2018,"NL",NA,NA
"buxtoby01","Platinum Glove",2017,"AL",NA,NA
"arenano01","Platinum Glove",2017,"NL",NA,NA
"rizzoan01","Platinum Glove",2016,"NL",NA,NA
"lindofr01","Platinum Glove",2016,"AL",NA,NA
"kiermke01","Platinum Glove",2015,"AL",NA,NA
"molinya01","Platinum Glove",2015,"NL",NA,NA
"gordoal01","Platinum Glove",2014,"AL",NA,NA
"molinya01","Platinum Glove",2014,"NL",NA,NA
"simmoan01","Platinum Glove",2013,"NL",NA,NA
"machama01","Platinum Glove",2013,"AL",NA,NA
"beltrad01","Platinum Glove",2012,"AL",NA,NA
"molinya01","Platinum Glove",2012,"NL",NA,NA
"beltrad01","Platinum Glove",2011,"AL",NA,NA
"molinya01","Platinum Glove",2011,"NL",NA,NA
"willide03","Reliever of the Year Award",2023,"NL",NA,NA
"bautife01","Reliever of the Year Award",2023,"AL",NA,NA
"diazed04","Reliever of the Year Award",2022,"NL",NA,NA
"claseem01","Reliever of the Year Award",2022,"AL",NA,NA
"judgeaa01","Roberto Clemente Award",2023,"ML",NA,NA
"turneju01","Roberto Clemente Award",2022,"ML",NA,NA
"carroco02","Rookie of the Year",2023,"NL",NA,NA
"hendegu01","Rookie of the Year",2023,"AL",NA,NA
"rodriju01","Rookie of the Year",2022,"AL",NA,NA
"harrimi04","Rookie of the Year",2022,"NL",NA,NA
"diazya01","Silver Slugger",2023,"AL",NA,"1B"
"olsonma02","Silver Slugger",2023,"NL",NA,"1B"
"arraelu01","Silver Slugger",2023,"NL",NA,"2B"
"semiema01","Silver Slugger",2023,"AL",NA,"2B"
"deverra01","Silver Slugger",2023,"AL",NA,"3B"
"rileyau01","Silver Slugger",2023,"NL",NA,"3B"
"contrwi02","Silver Slugger",2023,"NL",NA,"C"
"rutscad01","Silver Slugger",2023,"AL",NA,"C"
"harpebr03","Silver Slugger",2023,"NL",NA,"DH"
"ohtansh01","Silver Slugger",2023,"AL",NA,"DH"
"acunaro01","Silver Slugger",2023,"NL",NA,"OF"
"bettsmo01","Silver Slugger",2023,"NL",NA,"OF"
"roberlu01","Silver Slugger",2023,"AL",NA,"OF"
"rodriju01","Silver Slugger",2023,"AL",NA,"OF"
"sotoju01","Silver Slugger",2023,"NL",NA,"OF"
"tuckeky01","Silver Slugger",2023,"AL",NA,"OF"
"lindofr01","Silver Slugger",2023,"NL",NA,"SS"
"seageco01","Silver Slugger",2023,"AL",NA,"SS"
"bellico01","Silver Slugger",2023,"NL",NA,"UT"
"hendegu01","Silver Slugger",2023,"AL",NA,"UT"
"goldspa01","Silver Slugger",2022,"NL",NA,"1B"
"lowena01","Silver Slugger",2022,"AL",NA,"1B"
"altuvjo01","Silver Slugger",2022,"AL",NA,"2B"
"mcneije01","Silver Slugger",2022,"NL",NA,"2B"
"arenano01","Silver Slugger",2022,"NL",NA,"3B"
"ramirjo01","Silver Slugger",2022,"AL",NA,"3B"
"kirkal01","Silver Slugger",2022,"AL",NA,"C"
"realmjt01","Silver Slugger",2022,"NL",NA,"C"
"alvaryo01","Silver Slugger",2022,"AL",NA,"DH"
"belljo02","Silver Slugger",2022,"NL",NA,"DH"
"bettsmo01","Silver Slugger",2022,"NL",NA,"OF"
"judgeaa01","Silver Slugger",2022,"AL",NA,"OF"
"rodriju01","Silver Slugger",2022,"AL",NA,"OF"
"schwaky01","Silver Slugger",2022,"NL",NA,"OF"
"sotoju01","Silver Slugger",2022,"NL",NA,"OF"
"troutmi01","Silver Slugger",2022,"AL",NA,"OF"
"bogaexa01","Silver Slugger",2022,"AL",NA,"SS"
"turnetr01","Silver Slugger",2022,"NL",NA,"SS"
"arraelu01","Silver Slugger",2022,"AL",NA,"UT"
"drurybr01","Silver Slugger",2022,"NL",NA,"UT"
"diazya01","TSN All-Star",2023,"AL",NA,"1B"
"freemfr01","TSN All-Star",2023,"NL",NA,"1B"
"albieoz01","TSN All-Star",2023,"NL",NA,"2B"
"semiema01","TSN All-Star",2023,"AL",NA,"2B"
"ramirjo01","TSN All-Star",2023,"AL",NA,"3B"
"swansda01","TSN All-Star",2023,"NL",NA,"3B"
"quiseda01","Reliever of the Year Award",1980,"AL",NA,NA
"kineris01","Gold Glove",2020,"AL",NA,"3B"
"crawfjp01","Gold Glove",2020,"AL",NA,"SS"
"roberlu01","Gold Glove",2020,"AL",NA,"LF"
"gordoal01","Gold Glove",2020,"AL",NA,"CF"
"gallojo01","Gold Glove",2020,"AL",NA,"RF"
"cannigr01","Gold Glove",2020,"AL",NA,"P"
"barnhtu01","Gold Glove",2020,"NL",NA,"C"
"rizzoan01","Gold Glove",2020,"NL",NA,"1B"
"wongko01","Gold Glove",2020,"NL",NA,"2B"
"arenano01","Gold Glove",2020,"NL",NA,"3B"
"baezja01","Gold Glove",2020,"NL",NA,"SS"
"oneilty01","Gold Glove",2020,"NL",NA,"LF"
"grishtr01","Gold Glove",2020,"NL",NA,"CF"
"bettsmo01","Gold Glove",2020,"NL",NA,"RF"
"friedma01","Gold Glove",2020,"NL",NA,"P"
"seageco01","World Series MVP",2020,"ML",NA,NA
"arozara01","ALCS MVP",2020,"AL",NA,NA
"seageco01","NLCS MVP",2020,"NL",NA,NA
"ozunama01","Outstanding DH Award",2020,NA,NA,NA
"hendrli01","Reliever of the Year Award",2020,"AL",NA,NA
"hosmeer01","All-Star Game MVP",2016,"AL",NA,NA
"garciad02","Babe Ruth Award",2023,"ML",NA,NA
"penaje02","Babe Ruth Award",2022,"ML",NA,NA
"freemfr01","Babe Ruth Award",2021,"ML",NA,NA
"arozara01","Babe Ruth Award",2020,"ML",NA,NA
"sotoju01","Babe Ruth Award",2019,"ML","Y",NA
"strasst01","Babe Ruth Award",2019,"ML","Y",NA
"priceda01","Babe Ruth Award",2018,"ML",NA,NA
"altuvjo01","Babe Ruth Award",2017,"ML","Y",NA
"verlaju01","Babe Ruth Award",2017,"ML","Y",NA
"lestejo01","Babe Ruth Award",2016,"ML",NA,NA
"daviswa01","Babe Ruth Award",2015,"AL",NA,NA
"bumgama01","Babe Ruth Award",2014,"NL",NA,NA
"ortizda01","Babe Ruth Award",2013,"AL",NA,NA
"sandopa01","Babe Ruth Award",2012,"NL",NA,NA
"bellico01","Comeback Player of the Year",2023,"NL",NA,NA
"hendrli01","Comeback Player of the Year",2023,"AL",NA,NA
"pujolal01","Comeback Player of the Year",2022,"NL",NA,NA
"verlaju01","Comeback Player of the Year",2022,"AL",NA,NA
"poseybu01","Comeback Player of the Year",2021,"NL",NA,NA
"mancitr01","Comeback Player of the Year",2021,"AL",NA,NA
"snellbl01","Cy Young Award",2023,"NL",NA,NA
"colege01","Cy Young Award",2023,"AL",NA,NA
"verlaju01","Cy Young Award",2022,"AL",NA,NA
"alcansa01","Cy Young Award",2022,"NL",NA,NA
"lowena01","Gold Glove",2023,"AL",NA,"1B"
"walkech02","Gold Glove",2023,"NL",NA,"1B"
"gimenan01","Gold Glove",2023,"AL",NA,"2B"
"hoernni01","Gold Glove",2023,"NL",NA,"2B"
"chapmma01","Gold Glove",2023,"AL",NA,"3B"
"hayeske01","Gold Glove",2023,"NL",NA,"3B"
"heimjo01","Gold Glove",2023,"AL",NA,"C"
"morenga01","Gold Glove",2023,"NL",NA,"C"
"doylebr02","Gold Glove",2023,"NL",NA,"OF"
"garciad02","Gold Glove",2023,"AL",NA,"OF"
"happia01","Gold Glove",2023,"NL",NA,"OF"
"kiermke01","Gold Glove",2023,"AL",NA,"OF"
"kwanst01","Gold Glove",2023,"AL",NA,"OF"
"tatisfe02","Gold Glove",2023,"NL",NA,"OF"
"berrijo01","Gold Glove",2023,"AL",NA,"P"
"wheelza01","Gold Glove",2023,"NL",NA,"P"
"swansda01","Gold Glove",2023,"NL",NA,"SS"
"volpean01","Gold Glove",2023,"AL",NA,"SS"
"dubonma01","Gold Glove",2023,"AL",NA,"UT"
"kimha01","Gold Glove",2023,"NL",NA,"UT"
"guerrvl02","Gold Glove",2022,"AL",NA,"1B"
"walkech02","Gold Glove",2022,"NL",NA,"1B"
"gimenan01","Gold Glove",2022,"AL",NA,"2B"
"rodgebr02","Gold Glove",2022,"NL",NA,"2B"
"arenano01","Gold Glove",2022,"NL",NA,"3B"
"uriasra01","Gold Glove",2022,"AL",NA,"3B"
"realmjt01","Gold Glove",2022,"NL",NA,"C"
"trevijo01","Gold Glove",2022,"AL",NA,"C"
"bettsmo01","Gold Glove",2022,"NL",NA,"OF"
"grishtr01","Gold Glove",2022,"NL",NA,"OF"
"happia01","Gold Glove",2022,"NL",NA,"OF"
"kwanst01","Gold Glove",2022,"AL",NA,"OF"
"strawmy01","Gold Glove",2022,"AL",NA,"OF"
"tuckeky01","Gold Glove",2022,"AL",NA,"OF"
"biebesh01","Gold Glove",2022,"AL",NA,"P"
"friedma01","Gold Glove",2022,"NL",NA,"P"
"penaje02","Gold Glove",2022,"AL",NA,"SS"
"swansda01","Gold Glove",2022,"NL",NA,"SS"
"donovbr01","Gold Glove",2022,"NL",NA,"UT"
"lemahdj01","Gold Glove",2022,"AL",NA,"UT"
"acunaro01","Hank Aaron Award",2023,"NL",NA,NA
"ohtansh01","Hank Aaron Award",2023,"AL",NA,NA
"judgeaa01","Hank Aaron Award",2022,"AL",NA,NA
"goldspa01","Hank Aaron Award",2022,"NL",NA,NA
"gordode01","Hutch Award",2019,"ML",NA,NA
"piscost01","Hutch Award",2018,"ML",NA,NA
"diekmja01","Hutch Award",2017,"ML",NA,NA
"mcgowdu01","Hutch Award",2016,"ML",NA,NA
"wainwad01","Hutch Award",2015,"ML",NA,NA
"gordoal01","Hutch Award",2014,"ML",NA,NA
"ibanera01","Hutch Award",2013,"ML",NA,NA
"goldspa01","Lou Gehrig Memorial Award",2023,"ML",NA,NA
"crawfbr01","Lou Gehrig Memorial Award",2022,"ML",NA,NA
"perezsa02","Lou Gehrig Memorial Award",2021,"ML",NA,NA
"piscost01","Lou Gehrig Memorial Award",2020,"ML",NA,NA
"ramirjo01","TSN All-Star",2018,"AL",NA,"3B"
"freemfr01","Gold Glove",2018,"NL","Y","1B"
"troutmi01","Most Valuable Player",2019,"AL",NA,NA
"bellico01","Most Valuable Player",2019,"NL",NA,NA
"verlaju01","Cy Young Award",2019,"AL",NA,NA
"degroja01","Cy Young Award",2019,"NL",NA,NA
"alvaryo01","Rookie of the Year",2019,"AL",NA,NA
"alonspe01","Rookie of the Year",2019,"NL",NA,NA
"carraca01","Roberto Clemente Award",2019,"ML",NA,NA
"troutmi01","Hank Aaron Award",2019,"AL",NA,NA
"yelicch01","Hank Aaron Award",2019,"NL",NA,NA
"garvemi01","Silver Slugger",2019,"AL",NA,"C"
"willide03","Reliever of the Year Award",2020,"NL",NA,NA
"perezsa02","TSN All-Star",2020,"AL",NA,"C"
"abreujo02","TSN All-Star",2020,"AL",NA,"1B"
"lemahdj01","TSN All-Star",2020,"AL",NA,"2B"
"anderti01","TSN All-Star",2020,"AL",NA,"SS"
"troutmi01","TSN All-Star",2020,"AL",NA,"OF"
"hernate01","TSN All-Star",2020,"AL",NA,"OF"
"springe01","TSN All-Star",2020,"AL",NA,"OF"
"cruzne02","TSN All-Star",2020,"AL",NA,"DH"
"biebesh01","TSN All-Star",2020,"AL",NA,"SP"
"hendrli01","TSN All-Star",2020,"AL",NA,"RP"
"realmjt01","TSN All-Star",2020,"NL",NA,"C"
"freemfr01","TSN All-Star",2020,"NL",NA,"1B"
"solando01","TSN All-Star",2020,"NL",NA,"2B"
"machama01","TSN All-Star",2020,"NL",NA,"3B"
"tatisfe02","TSN All-Star",2020,"NL",NA,"SS"
"bettsmo01","TSN All-Star",2020,"NL",NA,"OF"
"sotoju01","TSN All-Star",2020,"NL",NA,"OF"
"acunaro01","TSN All-Star",2020,"NL",NA,"OF"
"degroja01","TSN All-Star",2020,"NL",NA,"SP"
"willide03","TSN All-Star",2020,"NL",NA,"RP"
"ozunama01","Silver Slugger",2020,"NL",NA,"DH"
"ramirjo01","TSN All-Star",2020,"AL",NA,"3B"
"ozunama01","TSN All-Star",2020,"NL",NA,"DH"
"ohtansh01","Most Valuable Player",2021,"AL",NA,NA
"harpebr03","Most Valuable Player",2021,"NL",NA,NA
"rayro02","Cy Young Award",2021,"AL",NA,NA
"burneco01","Cy Young Award",2021,"NL",NA,NA
"arozara01","Rookie of the Year",2021,"AL",NA,NA
"indiajo01","Rookie of the Year",2021,"NL",NA,NA
"cruzne02","Roberto Clemente Award",2021,"ML",NA,NA
"guerrvl02","Hank Aaron Award",2021,"AL",NA,NA
"harpebr03","Hank Aaron Award",2021,"NL",NA,NA
"perezsa02","Silver Slugger",2021,"AL",NA,"C"
"guerrvl02","Silver Slugger",2021,"AL",NA,"1B"
"semiema01","Silver Slugger",2021,"AL",NA,"2B"
"deverra01","Silver Slugger",2021,"AL",NA,"3B"
"bogaexa01","SIlver Slugger",2021,"AL",NA,"SS"
"mullice01","Silver Slugger",2021,"AL",NA,"OF"
"judgeaa01","Silver Slugger",2021,"AL",NA,"OF"
"hernate01","Silver Slugger",2021,"AL",NA,"OF"
"ohtansh01","Silver Slugger",2021,"AL",NA,"DH"
"poseybu01","Silver Slugger",2021,"NL",NA,"C"
"freemfr01","Silver Slugger",2021,"NL",NA,"1B"
"albieoz01","Silver Slugger",2021,"NL",NA,"2B"
"rileyau01","Silver Slugger",2021,"NL",NA,"3B"
"tatisfe02","Silver Slugger",2021,"NL",NA,"SS"
"harpebr03","Silver Slugger",2021,"NL",NA,"OF"
"casteni01","Silver Slugger",2021,"NL",NA,"OF"
"sotoju01","Silver Slugger",2021,"NL",NA,"OF"
"murphse01","Gold Glove",2021,"AL",NA,"C"
"gourryu01","Gold Glove",2021,"AL",NA,"1B"
"semiema01","Gold Glove",2021,"AL",NA,"2B"
"chapmma01","Gold Glove",2021,"AL",NA,"3B"
"correca01","Gold Glove",2021,"AL",NA,"SS"
"taylomi02","Gold Glove",2021,"AL",NA,"LF"
"gallojo01","Gold Glove",2021,"AL",NA,"CF"
"beninan01","Gold Glove",2021,"AL",NA,"RF"
"keuchda01","Gold Glove",2021,"AL",NA,"P"
"stallja01","Gold Glove",2021,"NL",NA,"C"
"goldspa01","Gold Glove",2021,"NL",NA,"1B"
"edmanto01","Gold Glove",2021,"NL",NA,"2B"
"arenano01","Gold Glove",2021,"NL",NA,"3B"
"crawfbr01","Gold Glove",2021,"NL",NA,"SS"
"oneilty01","Gold Glove",2021,"NL",NA,"LF"
"duvalad01","Gold Glove",2021,"NL",NA,"CF"
"baderha01","Gold Glove",2021,"NL",NA,"RF"
"friedma01","Gold Glove",2021,"NL",NA,"P"
"solerjo01","World Series MVP",2021,"ML",NA,NA
"alvaryo01","ALCS MVP",2021,"AL",NA,NA
"rosared01","NLCS MVP",2021,"NL",NA,NA
"ohtansh01","Outstanding DH Award",2021,NA,NA,NA
"hendrli01","Reliever of the Year Award",2021,"AL",NA,NA
"haderjo01","Reliever of the Year Award",2021,"NL",NA,NA
"perezsa02","TSN All-Star",2021,"AL",NA,"C"
"guerrvl02","TSN All-Star",2021,"AL",NA,"1B"
"semiema01","TSN All-Star",2021,"AL",NA,"2B"
"correca01","TSN All-Star",2021,"AL",NA,"SS"
"judgeaa01","TSN All-Star",2021,"AL",NA,"OF"
"mullice01","TSN All-Star",2021,"AL",NA,"OF"
"tuckeky01","TSN All-Star",2021,"AL",NA,"OF"
"ohtansh01","TSN All-Star",2021,"AL",NA,"DH"
"colege01","TSN All-Star",2021,"AL",NA,"SP"
"hendrli01","TSN All-Star",2021,"AL",NA,"RP"
"realmjt01","TSN All-Star",2021,"NL",NA,"C"
"freemfr01","TSN All-Star",2021,"NL",NA,"1B"
"albieoz01","TSN All-Star",2021,"NL",NA,"2B"
"machama01","TSN All-Star",2021,"NL",NA,"3B"
"ozunama01","Gold Glove",2017,"NL",NA,"LF"
"inciaen01","Gold Glove",2017,"NL",NA,"CF"
"heywaja01","Gold Glove",2017,"NL",NA,"RF"
"greinza01","Gold Glove",2017,"NL",NA,"P"
"springe01","World Series MVP",2017,"ML",NA,NA
"verlaju01","ALCS MVP",2017,"AL",NA,NA
"santaca01","Silver Slugger",2019,"AL",NA,"1B"
"lemahdj01","Silver Slugger",2019,"AL",NA,"2B"
"bregmal01","Silver Slugger",2019,"AL",NA,"3B"
"bogaexa01","SIlver Slugger",2019,"AL",NA,"SS"
"springe01","Silver Slugger",2019,"AL",NA,"OF"
"troutmi01","Silver Slugger",2019,"AL",NA,"OF"
"bettsmo01","Silver Slugger",2019,"AL",NA,"OF"
"cruzne02","Silver Slugger",2019,"AL",NA,"DH"
"realmjt01","Silver Slugger",2019,"NL",NA,"C"
"freemfr01","Silver Slugger",2019,"NL",NA,"1B"
"albieoz01","Silver Slugger",2019,"NL",NA,"2B"
"rendoan01","Silver Slugger",2019,"NL",NA,"3B"
"storytr01","Silver Slugger",2019,"NL",NA,"SS"
"acunaro01","Silver Slugger",2019,"NL",NA,"OF"
"yelicch01","Silver Slugger",2019,"NL",NA,"OF"
"bellico01","Silver Slugger",2019,"NL",NA,"OF"
"greinza01","Silver Slugger",2019,"NL",NA,"P"
"perezro02","Gold Glove",2019,"AL",NA,"C"
"olsonma02","Gold Glove",2019,"AL",NA,"1B"
"sanchca01","Gold Glove",2019,"AL",NA,"2B"
"chapmma01","Gold Glove",2019,"AL",NA,"3B"
"lindofr01","Gold Glove",2019,"AL",NA,"SS"
"gordoal01","Gold Glove",2019,"AL",NA,"LF"
"kiermke01","Gold Glove",2019,"AL",NA,"CF"
"bettsmo01","Gold Glove",2019,"AL",NA,"RF"
"leakemi01","Gold Glove",2019,"AL",NA,"P"
"realmjt01","Gold Glove",2019,"NL",NA,"C"
"rizzoan01","Gold Glove",2019,"NL",NA,"1B"
"wongko01","Gold Glove",2019,"NL",NA,"2B"
"arenano01","Gold Glove",2019,"NL",NA,"3B"
"ahmedni01","Gold Glove",2019,"NL",NA,"SS"
"cainlo01","Gold Glove",2019,"NL",NA,"LF"
"bellico01","Gold Glove",2019,"NL",NA,"CF"
"peralda01","Gold Glove",2019,"NL",NA,"RF"
"greinza01","Gold Glove",2019,"NL",NA,"P"
"strasst01","World Series MVP",2019,"ML",NA,NA
"altuvjo01","ALCS MVP",2019,"AL",NA,NA
"kendrho01","NLCS MVP",2019,"NL",NA,NA
"carraca01","Comeback Player of the Year",2019,"AL",NA,NA
"donaljo02","Comeback Player of the Year",2019,"NL",NA,NA
"cruzne02","Outstanding DH Award",2019,NA,NA,NA
"chapmar01","Reliever of the Year Award",2019,"AL",NA,NA
"haderjo01","Reliever of the Year Award",2019,"NL",NA,NA
"vazquch01","TSN All-Star",2019,"AL",NA,"C"
"olsonma02","TSN All-Star",2019,"AL","Y","1B"
"lemahdj01","TSN All-Star",2019,"AL",NA,"2B"
"semiema01","TSN All-Star",2019,"AL",NA,"SS"
"troutmi01","TSN All-Star",2019,"AL",NA,"OF"
"springe01","TSN All-Star",2019,"AL",NA,"OF"
"bettsmo01","TSN All-Star",2019,"AL",NA,"OF"
"cruzne02","TSN All-Star",2019,"AL",NA,"DH"
"colege01","TSN All-Star",2019,"AL",NA,"SP"
"hendrli01","TSN All-Star",2019,"AL",NA,"RP"
"realmjt01","TSN All-Star",2019,"NL",NA,"C"
"freemfr01","TSN All-Star",2019,"NL",NA,"1B"
"marteke01","TSN All-Star",2019,"NL",NA,"2B"
"rendoan01","TSN All-Star",2019,"NL",NA,"3B"
"storytr01","TSN All-Star",2019,"NL",NA,"SS"
"bellico01","TSN All-Star",2019,"NL",NA,"OF"
"yelicch01","TSN All-Star",2019,"NL",NA,"OF"
"acunaro01","TSN All-Star",2019,"NL",NA,"OF"
"degroja01","TSN All-Star",2019,"NL",NA,"SP"
"yateski01","TSN All-Star",2019,"NL",NA,"RP"
"bregmal01","TSN All-Star",2019,"AL",NA,"3B"
"santaca01","TSN All-Star",2019,"AL","Y","1B"
"abreujo02","Most Valuable Player",2020,"AL",NA,NA
"freemfr01","Most Valuable Player",2020,"NL",NA,NA
"biebesh01","Cy Young Award",2020,"AL",NA,NA
"bauertr01","Cy Young Award",2020,"NL",NA,NA
"lewisky01","Rookie of the Year",2020,"AL",NA,NA
"willide03","Rookie of the Year",2020,"NL",NA,NA
"wainwad01","Roberto Clemente Award",2020,"ML",NA,NA
"abreujo02","Hank Aaron Award",2020,"AL",NA,NA
"freemfr01","Hank Aaron Award",2020,"NL",NA,NA
"perezsa02","Silver Slugger",2020,"AL",NA,"C"
"abreujo02","Silver Slugger",2020,"AL",NA,"1B"
"lemahdj01","Silver Slugger",2020,"AL",NA,"2B"
"ramirjo01","Silver Slugger",2020,"AL",NA,"3B"
"anderti01","SIlver Slugger",2020,"AL",NA,"SS"
"jimenel02","Silver Slugger",2020,"AL",NA,"OF"
"hernate01","Silver Slugger",2020,"AL",NA,"OF"
"troutmi01","Silver Slugger",2020,"AL",NA,"OF"
"cruzne02","Silver Slugger",2020,"AL",NA,"DH"
"darnatr01","Silver Slugger",2020,"NL",NA,"C"
"freemfr01","Silver Slugger",2020,"NL",NA,"1B"
"solando01","Silver Slugger",2020,"NL",NA,"2B"
"machama01","Silver Slugger",2020,"NL",NA,"3B"
"tatisfe02","Silver Slugger",2020,"NL",NA,"SS"
"sotoju01","Silver Slugger",2020,"NL",NA,"OF"
"bettsmo01","Silver Slugger",2020,"NL",NA,"OF"
"acunaro01","Silver Slugger",2020,"NL",NA,"OF"
"perezro02","Gold Glove",2020,"AL",NA,"C"
"whiteev01","Gold Glove",2020,"AL",NA,"1B"
"hernace02","Gold Glove",2020,"AL",NA,"2B"
"turneju01","NLCS MVP",2017,"NL","Y","Co-MVP"
"tayloch03","NLCS MVP",2017,"NL","Y","Co-MVP"
"moustmi01","Comeback Player of the Year",2017,"AL",NA,NA
"zimmery01","Comeback Player of the Year",2017,"NL",NA,NA
"cruzne02","Outstanding DH Award",2017,"AL",NA,NA
"kimbrcr01","Reliever of the Year Award",2017,"AL",NA,NA
"janseke01","Reliever of the Year Award",2017,"NL",NA,NA
"sanchga02","TSN All-Star",2017,"AL",NA,"C"
"hosmeer01","TSN All-Star",2017,"AL",NA,"1B"
"altuvjo01","TSN All-Star",2017,"AL",NA,"2B"
"lindofr01","TSN All-Star",2017,"AL",NA,"SS"
"judgeaa01","TSN All-Star",2017,"AL",NA,"OF"
"bettsmo01","TSN All-Star",2017,"AL",NA,"OF"
"troutmi01","TSN All-Star",2017,"AL",NA,"OF"
"cruzne02","TSN All-Star",2017,"AL",NA,"DH"
"salech01","TSN All-Star",2017,"AL",NA,"SP"
"kimbrcr01","TSN All-Star",2017,"AL",NA,"RP"
"poseybu01","TSN All-Star",2017,"NL",NA,"C"
"vottojo01","TSN All-Star",2017,"NL",NA,"1B"
"murphda08","TSN All-Star",2017,"NL",NA,"2B"
"rendoan01","TSN All-Star",2017,"NL",NA,"3B"
"seageco01","TSN All-Star",2017,"NL",NA,"SS"
"stantmi03","TSN All-Star",2017,"NL",NA,"OF"
"blackch02","TSN All-Star",2017,"NL",NA,"OF"
"ozunama01","TSN All-Star",2017,"NL",NA,"OF"
"scherma01","TSN All-Star",2017,"NL",NA,"SP"
"janseke01","TSN All-Star",2017,"NL",NA,"RP"
"bettsmo01","Most Valuable Player",2018,"AL",NA,NA
"yelicch01","Most Valuable Player",2018,"NL",NA,NA
"snellbl01","Cy Young Award",2018,"AL",NA,NA
"degroja01","Cy Young Award",2018,"NL",NA,NA
"ohtansh01","Rookie of the Year",2018,"AL",NA,NA
"acunaro01","Rookie of the Year",2018,"NL",NA,NA
"molinya01","Roberto Clemente Award",2018,"ML",NA,NA
"martijd02","Hank Aaron Award",2018,"AL",NA,NA
"yelicch01","Hank Aaron Award",2018,"NL",NA,NA
"perezsa02","Silver Slugger",2018,"AL",NA,"C"
"abreujo02","Silver Slugger",2018,"AL",NA,"1B"
"altuvjo01","Silver Slugger",2018,"AL",NA,"2B"
"ramirjo01","Silver Slugger",2018,"AL",NA,"3B"
"lindofr01","SIlver Slugger",2018,"AL",NA,"SS"
"martijd02","Silver Slugger",2018,"AL",NA,"OF"
"troutmi01","Silver Slugger",2018,"AL",NA,"OF"
"bettsmo01","Silver Slugger",2018,"AL",NA,"OF"
"martijd02","Silver Slugger",2018,"AL",NA,"DH"
"realmjt01","Silver Slugger",2018,"NL",NA,"C"
"goldspa01","Silver Slugger",2018,"NL",NA,"1B"
"baezja01","Silver Slugger",2018,"NL",NA,"2B"
"arenano01","Silver Slugger",2018,"NL",NA,"3B"
"storytr01","Silver Slugger",2018,"NL",NA,"SS"
"markani01","Silver Slugger",2018,"NL",NA,"OF"
"peralda01","Silver Slugger",2018,"NL",NA,"OF"
"yelicch01","Silver Slugger",2018,"NL",NA,"OF"
"marquge01","Silver Slugger",2018,"NL",NA,"P"
"perezsa02","Gold Glove",2018,"AL",NA,"C"
"olsonma02","Gold Glove",2018,"AL",NA,"1B"
"kinslia01","Gold Glove",2018,"AL",NA,"2B"
"chapmma01","Gold Glove",2018,"AL",NA,"3B"
"simmoan01","Gold Glove",2018,"AL",NA,"SS"
"gordoal01","Gold Glove",2018,"AL",NA,"LF"
"bradlja02","Gold Glove",2018,"AL",NA,"CF"
"bettsmo01","Gold Glove",2018,"AL",NA,"RF"
"keuchda01","Gold Glove",2018,"AL",NA,"P"
"molinya01","Gold Glove",2018,"NL",NA,"C"
"rizzoan01","Gold Glove",2018,"NL","Y","1B"
"lemahdj01","Gold Glove",2018,"NL",NA,"2B"
"arenano01","Gold Glove",2018,"NL",NA,"3B"
"ahmedni01","Gold Glove",2018,"NL",NA,"SS"
"dickeco01","Gold Glove",2018,"NL",NA,"LF"
"inciaen01","Gold Glove",2018,"NL",NA,"CF"
"markani01","Gold Glove",2018,"NL",NA,"RF"
"greinza01","Gold Glove",2018,"NL",NA,"P"
"pearcst01","World Series MVP",2018,"ML",NA,NA
"bradlja02","ALCS MVP",2018,"AL",NA,NA
"bellico01","NLCS MVP",2018,"NL",NA,NA
"priceda01","Comeback Player of the Year",2018,"AL",NA,NA
"ventejo01","Comeback Player of the Year",2018,"NL",NA,NA
"daviskh01","Outstanding DH Award",2018,NA,NA,NA
"diazed04","Reliever of the Year Award",2018,"AL",NA,NA
"haderjo01","Reliever of the Year Award",2018,"NL",NA,NA
"gomesya01","TSN All-Star",2018,"AL",NA,"C"
"olsonma02","TSN All-Star",2018,"AL",NA,"1B"
"altuvjo01","TSN All-Star",2018,"AL",NA,"2B"
"lindofr01","TSN All-Star",2018,"AL",NA,"SS"
"bettsmo01","TSN All-Star",2018,"AL",NA,"OF"
"troutmi01","TSN All-Star",2018,"AL",NA,"OF"
"judgeaa01","TSN All-Star",2018,"AL",NA,"OF"
"martijd02","TSN All-Star",2018,"AL",NA,"DH"
"salech01","TSN All-Star",2018,"AL",NA,"SP"
"diazed04","TSN All-Star",2018,"AL",NA,"RP"
"realmjt01","TSN All-Star",2018,"NL",NA,"C"
"freemfr01","TSN All-Star",2018,"NL",NA,"1B"
"baezja01","TSN All-Star",2018,"NL",NA,"2B"
"arenano01","TSN All-Star",2018,"NL",NA,"3B"
"storytr01","TSN All-Star",2018,"NL",NA,"SS"
"yelicch01","TSN All-Star",2018,"NL",NA,"OF"
"acunaro01","TSN All-Star",2018,"NL",NA,"OF"
"cainlo01","TSN All-Star",2018,"NL",NA,"OF"
"degroja01","TSN All-Star",2018,"NL",NA,"SP"
"haderjo01","TSN All-Star",2018,"NL",NA,"RP"
"planked01","Baseball Magazine All-Star",1909,"ML",NA,"P5"
"johnswa01","Baseball Magazine All-Star",1909,"ML",NA,"P6"
"cobbty01","Baseball Magazine All-Star",1909,"ML",NA,"RF"
"wagneho01","Baseball Magazine All-Star",1909,"ML",NA,"SS"
"chancfr01","Baseball Magazine All-Star",1909,"NL",NA,"1B"
"eversjo01","Baseball Magazine All-Star",1909,"NL",NA,"2B"
"devliar01","Baseball Magazine All-Star",1909,"NL",NA,"3B"
"klingjo01","Baseball Magazine All-Star",1909,"NL",NA,"C1"
"gibsoge01","Baseball Magazine All-Star",1909,"NL",NA,"C2"
"bresnro01","Baseball Magazine All-Star",1909,"NL",NA,"C3"
"leachto01","Baseball Magazine All-Star",1909,"NL",NA,"CF"
"clarkfr01","Baseball Magazine All-Star",1909,"NL",NA,"LF"
"mathech01","Baseball Magazine All-Star",1909,"NL",NA,"P1"
"brownmo01","Baseball Magazine All-Star",1909,"NL",NA,"P2"
"reulbed01","Baseball Magazine All-Star",1909,"NL",NA,"P3"
"camniho01","Baseball Magazine All-Star",1909,"NL",NA,"P4"
"adamsba01","Baseball Magazine All-Star",1909,"NL",NA,"P5"
"hofmaso01","Baseball Magazine All-Star",1909,"NL",NA,"RF"
"wagneho01","Baseball Magazine All-Star",1909,"NL",NA,"SS"
"cobbty01","Triple Crown",1909,"AL",NA,NA
"chaseha01","Baseball Magazine All-Star",1910,"AL",NA,"1B"
"lajoina01","Baseball Magazine All-Star",1910,"AL",NA,"2B"
"lordha01","Baseball Magazine All-Star",1910,"AL",NA,"3B"
"thomair01","Baseball Magazine All-Star",1910,"AL",NA,"C1"
"sweened01","Baseball Magazine All-Star",1910,"AL",NA,"C2"
"speaktr01","Baseball Magazine All-Star",1910,"AL",NA,"CF"
"stonege01","Baseball Magazine All-Star",1910,"AL",NA,"LF"
"walshed01","Baseball Magazine All-Star",1910,"AL",NA,"P1"
"coombja01","Baseball Magazine All-Star",1910,"AL",NA,"P2"
"bendech01","Baseball Magazine All-Star",1910,"AL",NA,"P3"
"cobbty01","Baseball Magazine All-Star",1910,"AL",NA,"RF"
"wallabo01","Baseball Magazine All-Star",1910,"AL",NA,"SS"
"chaseha01","Baseball Magazine All-Star",1910,"ML",NA,"1B"
"lajoina01","Baseball Magazine All-Star",1910,"ML",NA,"2B"
"devliar01","Baseball Magazine All-Star",1910,"ML",NA,"3B"
"gibsoge01","Baseball Magazine All-Star",1910,"ML",NA,"C1"
"archeji01","Baseball Magazine All-Star",1910,"ML",NA,"C2"
"speaktr01","Baseball Magazine All-Star",1910,"ML",NA,"CF"
"mageesh01","Baseball Magazine All-Star",1910,"ML",NA,"LF"
"walshed01","Baseball Magazine All-Star",1910,"ML",NA,"P1"
"bondto01","Pitching Triple Crown",1877,"NL",NA,NA
"hinespa01","Triple Crown",1878,"NL",NA,NA
"heckegu01","Pitching Triple Crown",1884,"AA",NA,NA
"radboch01","Pitching Triple Crown",1884,"NL",NA,NA
"oneilti01","Triple Crown",1887,"AA",NA,NA
"keefeti01","Pitching Triple Crown",1888,"NL",NA,NA
"clarkjo01","Pitching Triple Crown",1889,"NL",NA,NA
"rusieam01","Pitching Triple Crown",1894,"NL",NA,NA
"duffyhu01","Triple Crown",1894,"NL",NA,NA
"youngcy01","Pitching Triple Crown",1901,"AL",NA,NA
"lajoina01","Triple Crown",1901,"AL",NA,NA
"wadderu01","Pitching Triple Crown",1905,"AL",NA,NA
"mathech01","Pitching Triple Crown",1905,"NL",NA,NA
"chaseha01","Baseball Magazine All-Star",1908,"AL",NA,"1B"
"lajoina01","Baseball Magazine All-Star",1908,"AL",NA,"2B"
"lordha01","Baseball Magazine All-Star",1908,"AL",NA,"3B"
"crigelo01","Baseball Magazine All-Star",1908,"AL",NA,"C"
"sullibi03","Baseball Magazine All-Star",1908,"AL",NA,"C"
"crawfsa01","Baseball Magazine All-Star",1908,"AL",NA,"CF"
"stonege01","Baseball Magazine All-Star",1908,"AL",NA,"LF"
"walshed01","Baseball Magazine All-Star",1908,"AL",NA,"P1"
"youngcy01","Baseball Magazine All-Star",1908,"AL",NA,"P2"
"wadderu01","Baseball Magazine All-Star",1908,"AL",NA,"P3"
"jossad01","Baseball Magazine All-Star",1908,"AL",NA,"P4"
"donovbi01","Baseball Magazine All-Star",1908,"AL",NA,"P5"
"cobbty01","Baseball Magazine All-Star",1908,"AL",NA,"RF"
"wallabo01","Baseball Magazine All-Star",1908,"AL",NA,"SS"
"chaseha01","Baseball Magazine All-Star",1908,"ML",NA,"1B"
"lajoina01","Baseball Magazine All-Star",1908,"ML",NA,"2B"
"devliar01","Baseball Magazine All-Star",1908,"ML",NA,"3B"
"bresnro01","Baseball Magazine All-Star",1908,"ML",NA,"C"
"klingjo01","Baseball Magazine All-Star",1908,"ML",NA,"C"
"donlimi01","Baseball Magazine All-Star",1908,"ML",NA,"CF"
"clarkfr01","Baseball Magazine All-Star",1908,"ML",NA,"LF"
"walshed01","Baseball Magazine All-Star",1908,"ML",NA,"P1"
"mathech01","Baseball Magazine All-Star",1908,"ML",NA,"P2"
"youngcy01","Baseball Magazine All-Star",1908,"ML",NA,"P3"
"brownmo01","Baseball Magazine All-Star",1908,"ML",NA,"P4"
"ruckena01","Baseball Magazine All-Star",1908,"ML",NA,"P5"
"cobbty01","Baseball Magazine All-Star",1908,"ML",NA,"RF"
"wagneho01","Baseball Magazine All-Star",1908,"ML",NA,"SS"
"tennefr02","Baseball Magazine All-Star",1908,"NL",NA,"1B"
"eversjo01","Baseball Magazine All-Star",1908,"NL",NA,"2B"
"devliar01","Baseball Magazine All-Star",1908,"NL",NA,"3B"
"bresnro01","Baseball Magazine All-Star",1908,"NL",NA,"C"
"klingjo01","Baseball Magazine All-Star",1908,"NL",NA,"C"
"donlimi01","Baseball Magazine All-Star",1908,"NL",NA,"CF"
"clarkfr01","Baseball Magazine All-Star",1908,"NL",NA,"LF"
"brownmo01","Baseball Magazine All-Star",1908,"NL",NA,"P1"
"mathech01","Baseball Magazine All-Star",1908,"NL",NA,"P2"
"ruckena01","Baseball Magazine All-Star",1908,"NL",NA,"P3"
"willivi01","Baseball Magazine All-Star",1908,"NL",NA,"P4"
"reulbed01","Baseball Magazine All-Star",1908,"NL",NA,"P5"
"schulfr01","Baseball Magazine All-Star",1908,"NL",NA,"RF"
"wagneho01","Baseball Magazine All-Star",1908,"NL",NA,"SS"
"mathech01","Pitching Triple Crown",1908,"NL",NA,NA
"chaseha01","Baseball Magazine All-Star",1909,"AL",NA,"1B"
"collied01","Baseball Magazine All-Star",1909,"AL",NA,"2B"
"lordha01","Baseball Magazine All-Star",1909,"AL",NA,"3B"
"carribi02","Baseball Magazine All-Star",1909,"AL",NA,"C1"
"sullibi03","Baseball Magazine All-Star",1909,"AL",NA,"C2"
"streega01","Baseball Magazine All-Star",1909,"AL",NA,"C3"
"speaktr01","Baseball Magazine All-Star",1909,"AL",NA,"CF"
"crawfsa01","Baseball Magazine All-Star",1909,"AL",NA,"LF"
"walshed01","Baseball Magazine All-Star",1909,"AL",NA,"P1"
"planked01","Baseball Magazine All-Star",1909,"AL",NA,"P2"
"johnswa01","Baseball Magazine All-Star",1909,"AL",NA,"P3"
"mullige01","Baseball Magazine All-Star",1909,"AL",NA,"P4"
"woodjo02","Baseball Magazine All-Star",1909,"AL",NA,"P5"
"cobbty01","Baseball Magazine All-Star",1909,"AL",NA,"RF"
"bushdo01","Baseball Magazine All-Star",1909,"AL",NA,"SS"
"chaseha01","Baseball Magazine All-Star",1909,"ML",NA,"1B"
"collied01","Baseball Magazine All-Star",1909,"ML",NA,"2B"
"lordha01","Baseball Magazine All-Star",1909,"ML",NA,"3B"
"klingjo01","Baseball Magazine All-Star",1909,"ML",NA,"C1"
"carribi02","Baseball Magazine All-Star",1909,"ML",NA,"C2"
"gibsoge01","Baseball Magazine All-Star",1909,"ML",NA,"C3"
"speaktr01","Baseball Magazine All-Star",1909,"ML",NA,"CF"
"clarkfr01","Baseball Magazine All-Star",1909,"ML",NA,"LF"
"mathech01","Baseball Magazine All-Star",1909,"ML",NA,"P1"
"walshed01","Baseball Magazine All-Star",1909,"ML",NA,"P2"
"brownmo01","Baseball Magazine All-Star",1909,"ML",NA,"P3"
"adamsba01","Baseball Magazine All-Star",1909,"ML",NA,"P4"
"mathech01","Baseball Magazine All-Star",1910,"ML",NA,"P2"
"coombja01","Baseball Magazine All-Star",1910,"ML",NA,"P3"
"bendech01","Baseball Magazine All-Star",1910,"ML",NA,"P4"
"johnswa01","Baseball Magazine All-Star",1910,"ML",NA,"P5"
"cobbty01","Baseball Magazine All-Star",1910,"ML",NA,"RF"
"wagneho01","Baseball Magazine All-Star",1910,"ML",NA,"SS"
"chancfr01","Baseball Magazine All-Star",1910,"NL",NA,"1B"
"eversjo01","Baseball Magazine All-Star",1910,"NL",NA,"2B"
"devliar01","Baseball Magazine All-Star",1910,"NL",NA,"3B"
"gibsoge01","Baseball Magazine All-Star",1910,"NL",NA,"C1"
"archeji01","Baseball Magazine All-Star",1910,"NL",NA,"C2"
"leachto01","Baseball Magazine All-Star",1910,"NL",NA,"CF"
"mageesh01","Baseball Magazine All-Star",1910,"NL",NA,"LF"
"mathech01","Baseball Magazine All-Star",1910,"NL",NA,"P1"
"ruckena01","Baseball Magazine All-Star",1910,"NL",NA,"P2"
"coleki01","Baseball Magazine All-Star",1910,"NL",NA,"P3"
"schulfr01","Baseball Magazine All-Star",1910,"NL",NA,"RF"
"wagneho01","Baseball Magazine All-Star",1910,"NL",NA,"SS"
"chaseha01","Baseball Magazine All-Star",1911,"AL",NA,"1B"
"collied01","Baseball Magazine All-Star",1911,"AL",NA,"2B"
"bakerfr01","Baseball Magazine All-Star",1911,"AL",NA,"3B"
"thomair01","Baseball Magazine All-Star",1911,"AL",NA,"C1"
"carribi02","Baseball Magazine All-Star",1911,"AL",NA,"C2"
"stanaos01","Baseball Magazine All-Star",1911,"AL",NA,"C3"
"cobbty01","Baseball Magazine All-Star",1911,"AL",NA,"CF"
"crawfsa01","Baseball Magazine All-Star",1911,"AL",NA,"LF"
"johnswa01","Baseball Magazine All-Star",1911,"AL",NA,"P1"
"walshed01","Baseball Magazine All-Star",1911,"AL",NA,"P2"
"greggve01","Baseball Magazine All-Star",1911,"AL",NA,"P3"
"bendech01","Baseball Magazine All-Star",1911,"AL",NA,"P4"
"coombja01","Baseball Magazine All-Star",1911,"AL",NA,"P5"
"jacksjo01","Baseball Magazine All-Star",1911,"AL",NA,"RF"
"bushdo01","Baseball Magazine All-Star",1911,"AL",NA,"SS"
"chaseha01","Baseball Magazine All-Star",1911,"ML",NA,"1B"
"collied01","Baseball Magazine All-Star",1911,"ML",NA,"2B"
"bakerfr01","Baseball Magazine All-Star",1911,"ML",NA,"3B"
"bresnro01","Baseball Magazine All-Star",1911,"ML",NA,"C1"
"dooinre01","Baseball Magazine All-Star",1911,"ML",NA,"C2"
"meyerch01","Baseball Magazine All-Star",1911,"ML",NA,"C3"
"thomair01","Baseball Magazine All-Star",1911,"ML",NA,"C4"
"cobbty01","Baseball Magazine All-Star",1911,"ML",NA,"CF"
"clarkfr01","Baseball Magazine All-Star",1911,"ML",NA,"LF"
"johnswa01","Baseball Magazine All-Star",1911,"ML",NA,"P2"
"mathech01","Baseball Magazine All-Star",1911,"ML",NA,"P2"
"alexape01","Baseball Magazine All-Star",1911,"ML",NA,"P3"
"greggve01","Baseball Magazine All-Star",1911,"ML",NA,"P4"
"ruckena01","Baseball Magazine All-Star",1911,"ML",NA,"P5"
"walshed01","Baseball Magazine All-Star",1911,"ML",NA,"P6"
"jacksjo01","Baseball Magazine All-Star",1911,"ML",NA,"RF"
"wagneho01","Baseball Magazine All-Star",1911,"ML",NA,"SS"
"daubeja01","Baseball Magazine All-Star",1911,"NL",NA,"1B"
"doylela01","Baseball Magazine All-Star",1911,"NL",NA,"2B"
"loberha01","Baseball Magazine All-Star",1911,"NL",NA,"3B"
"bresnro01","Baseball Magazine All-Star",1911,"NL",NA,"C1"
"dooinre01","Baseball Magazine All-Star",1911,"NL",NA,"C2"
"meyerch01","Baseball Magazine All-Star",1911,"NL",NA,"C3"
"archeji01","Baseball Magazine All-Star",1911,"NL",NA,"C4"
"donlimi01","Baseball Magazine All-Star",1911,"NL",NA,"CF"
"clarkfr01","Baseball Magazine All-Star",1911,"NL",NA,"LF"
"mathech01","Baseball Magazine All-Star",1911,"NL",NA,"P1"
"marquru01","Baseball Magazine All-Star",1911,"NL",NA,"P2"
"alexape01","Baseball Magazine All-Star",1911,"NL",NA,"P3"
"ruckena01","Baseball Magazine All-Star",1911,"NL",NA,"P4"
"schulfr01","Baseball Magazine All-Star",1911,"NL",NA,"RF"
"wagneho01","Baseball Magazine All-Star",1911,"NL",NA,"SS"
"cobbty01","Most Valuable Player",1911,"AL",NA,NA
"schulfr01","Most Valuable Player",1911,"NL",NA,NA
"mcinnst01","Baseball Magazine All-Star",1912,"AL",NA,"1B"
"collied01","Baseball Magazine All-Star",1912,"AL",NA,"2B"
"gardnla01","Baseball Magazine All-Star",1912,"AL",NA,"3B"
"stanaos01","Baseball Magazine All-Star",1912,"AL",NA,"C1"
"ainsmed01","Baseball Magazine All-Star",1912,"AL",NA,"C2"
"cobbty01","Baseball Magazine All-Star",1912,"AL",NA,"OF"
"jacksjo01","Baseball Magazine All-Star",1912,"AL",NA,"OF"
"speaktr01","Baseball Magazine All-Star",1912,"AL",NA,"OF"
"johnswa01","Baseball Magazine All-Star",1912,"AL",NA,"P1"
"woodjo02","Baseball Magazine All-Star",1912,"AL",NA,"P2"
"planked01","Baseball Magazine All-Star",1912,"AL",NA,"P3"
"wagnehe01","Baseball Magazine All-Star",1912,"AL",NA,"SS"
"daubeja01","Baseball Magazine All-Star",1912,"ML",NA,"1B"
"eversjo01","Baseball Magazine All-Star",1912,"ML",NA,"2B"
"zimmehe01","Baseball Magazine All-Star",1912,"ML",NA,"3B"
"archeji01","Baseball Magazine All-Star",1912,"ML",NA,"C1"
"meyerch01","Baseball Magazine All-Star",1912,"ML",NA,"C2"
"cobbty01","Baseball Magazine All-Star",1912,"ML",NA,"OF"
"jacksjo01","Baseball Magazine All-Star",1912,"ML",NA,"OF"
"speaktr01","Baseball Magazine All-Star",1912,"ML",NA,"OF"
"johnswa01","Baseball Magazine All-Star",1912,"ML",NA,"P1"
"woodjo02","Baseball Magazine All-Star",1912,"ML",NA,"P1"
"ruckena01","Baseball Magazine All-Star",1912,"ML",NA,"P2"
"wagneho01","Baseball Magazine All-Star",1912,"ML",NA,"SS"
"daubeja01","Baseball Magazine All-Star",1912,"NL",NA,"1B"
"eversjo01","Baseball Magazine All-Star",1912,"NL",NA,"2B"
"zimmehe01","Baseball Magazine All-Star",1912,"NL",NA,"3B"
"archeji01","Baseball Magazine All-Star",1912,"NL",NA,"C1"
"meyerch01","Baseball Magazine All-Star",1912,"NL",NA,"C2"
"mageesh01","Baseball Magazine All-Star",1912,"NL",NA,"OF"
"paskedo01","Baseball Magazine All-Star",1912,"NL",NA,"OF"
"wilsoch01","Baseball Magazine All-Star",1912,"NL",NA,"OF"
"tesreje01","Baseball Magazine All-Star",1912,"NL",NA,"P1"
"mathech01","Baseball Magazine All-Star",1912,"NL",NA,"P2"
"ruckena01","Baseball Magazine All-Star",1912,"NL",NA,"P3"
"wagneho01","Baseball Magazine All-Star",1912,"NL",NA,"SS"
"speaktr01","Most Valuable Player",1912,"AL",NA,NA
"doylela01","Most Valuable Player",1912,"NL",NA,NA
"mcinnst01","Baseball Magazine All-Star",1913,"AL",NA,"1B"
"collied01","Baseball Magazine All-Star",1913,"AL",NA,"2B"
"bakerfr01","Baseball Magazine All-Star",1913,"AL",NA,"3B"
"schanwa01","Baseball Magazine All-Star",1913,"AL",NA,"C"
"cobbty01","Baseball Magazine All-Star",1913,"AL",NA,"OF"
"jacksjo01","Baseball Magazine All-Star",1913,"AL",NA,"OF"
"speaktr01","Baseball Magazine All-Star",1913,"AL",NA,"OF"
"johnswa01","Baseball Magazine All-Star",1913,"AL",NA,"P1"
"falkecy01","Baseball Magazine All-Star",1913,"AL",NA,"P2"
"barryja01","Baseball Magazine All-Star",1913,"AL",NA,"SS"
"daubeja01","Baseball Magazine All-Star",1913,"ML",NA,"1B"
"collied01","Baseball Magazine All-Star",1913,"ML",NA,"2B"
"bakerfr01","Baseball Magazine All-Star",1913,"ML",NA,"3B"
"archeji01","Baseball Magazine All-Star",1913,"ML",NA,"C"
"cobbty01","Baseball Magazine All-Star",1913,"ML",NA,"OF"
"jacksjo01","Baseball Magazine All-Star",1913,"ML",NA,"OF"
"speaktr01","Baseball Magazine All-Star",1913,"ML",NA,"OF"
"johnswa01","Baseball Magazine All-Star",1913,"ML",NA,"P1"
"mathech01","Baseball Magazine All-Star",1913,"ML",NA,"P2"
"wagneho01","Baseball Magazine All-Star",1913,"ML",NA,"SS"
"daubeja01","Baseball Magazine All-Star",1913,"NL",NA,"1B"
"vioxji01","Baseball Magazine All-Star",1913,"NL",NA,"2B"
"zimmehe01","Baseball Magazine All-Star",1913,"NL",NA,"3B"
"archeji01","Baseball Magazine All-Star",1913,"NL",NA,"C"
"cravaga01","Baseball Magazine All-Star",1913,"NL",NA,"OF"
"leachto01","Baseball Magazine All-Star",1913,"NL",NA,"OF"
"wheatza01","Baseball Magazine All-Star",1913,"NL",NA,"OF"
"mathech01","Baseball Magazine All-Star",1913,"NL",NA,"P1"
"alexape01","Baseball Magazine All-Star",1913,"NL",NA,"P2"
"wagneho01","Baseball Magazine All-Star",1913,"NL",NA,"SS"
"johnswa01","Most Valuable Player",1913,"AL",NA,NA
"daubeja01","Most Valuable Player",1913,"NL",NA,NA
"johnswa01","Pitching Triple Crown",1913,"AL",NA,NA
"mcinnst01","Baseball Magazine All-Star",1914,"AL",NA,"1B"
"collied01","Baseball Magazine All-Star",1914,"AL",NA,"2B"
"bakerfr01","Baseball Magazine All-Star",1914,"AL",NA,"3B"
"schanwa01","Baseball Magazine All-Star",1914,"AL",NA,"C1"
"schalra01","Baseball Magazine All-Star",1914,"AL",NA,"C2"
"cobbty01","Baseball Magazine All-Star",1914,"AL",NA,"OF"
"jacksjo01","Baseball Magazine All-Star",1914,"AL",NA,"OF"
"speaktr01","Baseball Magazine All-Star",1914,"AL",NA,"OF"
"johnswa01","Baseball Magazine All-Star",1914,"AL",NA,"P1"
"leonadu01","Baseball Magazine All-Star",1914,"AL",NA,"P2"
"planked01","Baseball Magazine All-Star",1914,"AL",NA,"P3"
"barryja01","Baseball Magazine All-Star",1914,"AL",NA,"SS"
"daubeja01","Baseball Magazine All-Star",1914,"ML",NA,"1B"
"collied01","Baseball Magazine All-Star",1914,"ML",NA,"2B"
"bakerfr01","Baseball Magazine All-Star",1914,"ML",NA,"3B"
"archeji01","Baseball Magazine All-Star",1914,"ML",NA,"C1"
"schanwa01","Baseball Magazine All-Star",1914,"ML",NA,"C2"
"cobbty01","Baseball Magazine All-Star",1914,"ML",NA,"OF"
"jacksjo01","Baseball Magazine All-Star",1914,"ML",NA,"OF"
"speaktr01","Baseball Magazine All-Star",1914,"ML",NA,"OF"
"alexape01","Baseball Magazine All-Star",1914,"ML",NA,"P1"
"mathech01","Baseball Magazine All-Star",1914,"ML",NA,"P2"
"johnswa01","Baseball Magazine All-Star",1914,"ML",NA,"P3"
"maranra01","Baseball Magazine All-Star",1914,"ML",NA,"SS"
"daubeja01","Baseball Magazine All-Star",1914,"NL",NA,"1B"
"eversjo01","Baseball Magazine All-Star",1914,"NL",NA,"2B"
"loberha01","Baseball Magazine All-Star",1914,"NL",NA,"3B"
"archeji01","Baseball Magazine All-Star",1914,"NL",NA,"C1"
"wingoiv01","Baseball Magazine All-Star",1914,"NL",NA,"C2"
"burnsge01","Baseball Magazine All-Star",1914,"NL",NA,"OF"
"mageesh01","Baseball Magazine All-Star",1914,"NL",NA,"OF"
"wheatza01","Baseball Magazine All-Star",1914,"NL",NA,"OF"
"alexape01","Baseball Magazine All-Star",1914,"NL",NA,"P1"
"mathech01","Baseball Magazine All-Star",1914,"NL",NA,"P2"
"jamesbi02","Baseball Magazine All-Star",1914,"NL",NA,"P3"
"maranra01","Baseball Magazine All-Star",1914,"NL",NA,"SS"
"collied01","Most Valuable Player",1914,"AL",NA,NA
"eversjo01","Most Valuable Player",1914,"NL",NA,NA
"mcinnst01","Baseball Magazine All-Star",1915,"AL",NA,"1B"
"collied01","Baseball Magazine All-Star",1915,"AL",NA,"2B"
"maisefr01","Baseball Magazine All-Star",1915,"AL",NA,"3B"
"schalra01","Baseball Magazine All-Star",1915,"AL",NA,"C"
"speaktr01","Baseball Magazine All-Star",1915,"AL",NA,"CF"
"cobbty01","Baseball Magazine All-Star",1915,"AL",NA,"LF"
"johnswa01","Baseball Magazine All-Star",1915,"AL",NA,"P1"
"scottji01","Baseball Magazine All-Star",1915,"AL",NA,"P2"
"crawfsa01","Baseball Magazine All-Star",1915,"AL",NA,"RF"
"bushdo01","Baseball Magazine All-Star",1915,"AL",NA,"SS"
"mcinnst01","Baseball Magazine All-Star",1915,"ML",NA,"1B"
"collied01","Baseball Magazine All-Star",1915,"ML",NA,"2B"
"grohhe01","Baseball Magazine All-Star",1915,"ML",NA,"3B"
"snydefr01","Baseball Magazine All-Star",1915,"ML",NA,"C"
"speaktr01","Baseball Magazine All-Star",1915,"ML",NA,"CF"
"cobbty01","Baseball Magazine All-Star",1915,"ML",NA,"LF"
"alexape01","Baseball Magazine All-Star",1915,"ML",NA,"P1"
"johnswa01","Baseball Magazine All-Star",1915,"ML",NA,"P2"
"crawfsa01","Baseball Magazine All-Star",1915,"ML",NA,"RF"
"bancrda01","Baseball Magazine All-Star",1915,"ML",NA,"SS"
"saiervi01","Baseball Magazine All-Star",1915,"NL",NA,"1B"
"doylela01","Baseball Magazine All-Star",1915,"NL",NA,"2B"
"grohhe01","Baseball Magazine All-Star",1915,"NL",NA,"3B"
"snydefr01","Baseball Magazine All-Star",1915,"NL",NA,"C"
"willicy01","Baseball Magazine All-Star",1915,"NL",NA,"CF"
"wheatza01","Baseball Magazine All-Star",1915,"NL",NA,"LF"
"alexape01","Baseball Magazine All-Star",1915,"NL",NA,"P1"
"mamaual01","Baseball Magazine All-Star",1915,"NL",NA,"P2"
"cravaga01","Baseball Magazine All-Star",1915,"NL",NA,"RF"
"bancrda01","Baseball Magazine All-Star",1915,"NL",NA,"SS"
"alexape01","Pitching Triple Crown",1915,"NL",NA,NA
"sislege01","Baseball Magazine All-Star",1916,"AL",NA,"1B"
"collied01","Baseball Magazine All-Star",1916,"AL",NA,"2B"
"gardnla01","Baseball Magazine All-Star",1916,"AL",NA,"3B"
"schalra01","Baseball Magazine All-Star",1916,"AL",NA,"C"
"cobbty01","Baseball Magazine All-Star",1916,"AL",NA,"OF"
"jacksjo01","Baseball Magazine All-Star",1916,"AL",NA,"OF"
"speaktr01","Baseball Magazine All-Star",1916,"AL",NA,"OF"
"johnswa01","Baseball Magazine All-Star",1916,"AL",NA,"P1"
"ruthba01","Baseball Magazine All-Star",1916,"AL",NA,"P2"
"bushdo01","Baseball Magazine All-Star",1916,"AL",NA,"SS"
"daubeja01","Baseball Magazine All-Star",1916,"ML",NA,"1B"
"collied01","Baseball Magazine All-Star",1916,"ML",NA,"2B"
"gardnla01","Baseball Magazine All-Star",1916,"ML",NA,"3B"
"schalra01","Baseball Magazine All-Star",1916,"ML",NA,"C"
"cobbty01","Baseball Magazine All-Star",1916,"ML",NA,"OF"
"jacksjo01","Baseball Magazine All-Star",1916,"ML",NA,"OF"
"speaktr01","Baseball Magazine All-Star",1916,"ML",NA,"OF"
"alexape01","Baseball Magazine All-Star",1916,"ML",NA,"P1"
"johnswa01","Baseball Magazine All-Star",1916,"ML",NA,"P2"
"maranra01","Baseball Magazine All-Star",1916,"ML",NA,"SS"
"daubeja01","Baseball Magazine All-Star",1916,"NL",NA,"1B"
"herzobu01","Baseball Magazine All-Star",1916,"NL",NA,"2B"
"hornsro01","Baseball Magazine All-Star",1916,"NL",NA,"3B"
"gowdyha01","Baseball Magazine All-Star",1916,"NL",NA,"C"
"roberda01","Baseball Magazine All-Star",1916,"NL",NA,"OF"
"wheatza01","Baseball Magazine All-Star",1916,"NL",NA,"OF"
"willicy01","Baseball Magazine All-Star",1916,"NL",NA,"OF"
"alexape01","Baseball Magazine All-Star",1916,"NL",NA,"P1"
"mamaual01","Baseball Magazine All-Star",1916,"NL",NA,"P2"
"maranra01","Baseball Magazine All-Star",1916,"NL",NA,"SS"
"alexape01","Pitching Triple Crown",1916,"NL",NA,NA
"sislege01","Baseball Magazine All-Star",1917,"AL",NA,"1B"
"collied01","Baseball Magazine All-Star",1917,"AL",NA,"2B"
"weavebu01","Baseball Magazine All-Star",1917,"AL",NA,"3B"
"schalra01","Baseball Magazine All-Star",1917,"AL",NA,"C"
"cobbty01","Baseball Magazine All-Star",1917,"AL",NA,"OF"
"felscha01","Baseball Magazine All-Star",1917,"AL",NA,"OF"
"speaktr01","Baseball Magazine All-Star",1917,"AL",NA,"OF"
"johnswa01","Baseball Magazine All-Star",1917,"AL",NA,"P1"
"cicoted01","Baseball Magazine All-Star",1917,"AL",NA,"P2"
"chapmra01","Baseball Magazine All-Star",1917,"AL",NA,"SS"
"sislege01","Baseball Magazine All-Star",1917,"ML",NA,"1B"
"collied01","Baseball Magazine All-Star",1917,"ML",NA,"2B"
"zimmehe01","Baseball Magazine All-Star",1917,"ML",NA,"3B"
"killebi01","Baseball Magazine All-Star",1917,"ML",NA,"C"
"cobbty01","Baseball Magazine All-Star",1917,"ML",NA,"OF"
"roushed01","Baseball Magazine All-Star",1917,"ML",NA,"OF"
"speaktr01","Baseball Magazine All-Star",1917,"ML",NA,"OF"
"alexape01","Baseball Magazine All-Star",1917,"ML",NA,"P1"
"johnswa01","Baseball Magazine All-Star",1917,"ML",NA,"P2"
"chapmra01","Baseball Magazine All-Star",1917,"ML",NA,"SS"
"chaseha01","Baseball Magazine All-Star",1917,"NL",NA,"1B"
"herzobu01","Baseball Magazine All-Star",1917,"NL",NA,"2B"
"zimmehe01","Baseball Magazine All-Star",1917,"NL",NA,"3B"
"killebi01","Baseball Magazine All-Star",1917,"NL",NA,"C"
"burnsge01","Baseball Magazine All-Star",1917,"NL",NA,"OF"
"careyma01","Baseball Magazine All-Star",1917,"NL",NA,"OF"
"roushed01","Baseball Magazine All-Star",1917,"NL",NA,"OF"
"alexape01","Baseball Magazine All-Star",1917,"NL",NA,"P1"
"coopewi01","Baseball Magazine All-Star",1917,"NL",NA,"P2"
"maranra01","Baseball Magazine All-Star",1917,"NL",NA,"SS"
"sislege01","Baseball Magazine All-Star",1918,"AL",NA,"1B"
"collied01","Baseball Magazine All-Star",1918,"AL",NA,"2B"
"bakerfr01","Baseball Magazine All-Star",1918,"AL",NA,"3B"
"oneilst01","Baseball Magazine All-Star",1918,"AL",NA,"C"
"cobbty01","Baseball Magazine All-Star",1918,"AL",NA,"OF"
"hoopeha01","Baseball Magazine All-Star",1918,"AL",NA,"OF"
"speaktr01","Baseball Magazine All-Star",1918,"AL",NA,"OF"
"ruthba01","Baseball Magazine All-Star",1918,"AL",NA,"P1"
"johnswa01","Baseball Magazine All-Star",1918,"AL",NA,"P2"
"chapmra01","Baseball Magazine All-Star",1918,"AL",NA,"SS"
"sislege01","Baseball Magazine All-Star",1918,"ML",NA,"1B"
"collied01","Baseball Magazine All-Star",1918,"ML",NA,"2B"
"grohhe01","Baseball Magazine All-Star",1918,"ML",NA,"3B"
"killebi01","Baseball Magazine All-Star",1918,"ML",NA,"C"
"cobbty01","Baseball Magazine All-Star",1918,"ML",NA,"OF"
"roushed01","Baseball Magazine All-Star",1918,"ML",NA,"OF"
"speaktr01","Baseball Magazine All-Star",1918,"ML",NA,"OF"
"ruthba01","Baseball Magazine All-Star",1918,"ML",NA,"P1"
"johnswa01","Baseball Magazine All-Star",1918,"ML",NA,"P2"
"vaughhi01","Baseball Magazine All-Star",1918,"ML",NA,"P3"
"holloch01","Baseball Magazine All-Star",1918,"ML",NA,"SS"
"daubeja01","Baseball Magazine All-Star",1918,"NL",NA,"1B"
"cutshge01","Baseball Magazine All-Star",1918,"NL",NA,"2B"
"grohhe01","Baseball Magazine All-Star",1918,"NL",NA,"3B"
"killebi01","Baseball Magazine All-Star",1918,"NL",NA,"C"
"burnsge01","Baseball Magazine All-Star",1918,"NL",NA,"OF"
"roushed01","Baseball Magazine All-Star",1918,"NL",NA,"OF"
"wheatza01","Baseball Magazine All-Star",1918,"NL",NA,"OF"
"vaughhi01","Baseball Magazine All-Star",1918,"NL",NA,"P1"
"grimebu01","Baseball Magazine All-Star",1918,"NL",NA,"P2"
"holloch01","Baseball Magazine All-Star",1918,"NL",NA,"SS"
"johnswa01","Pitching Triple Crown",1918,"AL",NA,NA
"vaughhi01","Pitching Triple Crown",1918,"NL",NA,NA
"sislege01","Baseball Magazine All-Star",1919,"AL",NA,"1B"
"collied01","Baseball Magazine All-Star",1919,"AL",NA,"2B"
"weavebu01","Baseball Magazine All-Star",1919,"AL",NA,"3B"
"oneilst01","Baseball Magazine All-Star",1919,"AL",NA,"C"
"cobbty01","Baseball Magazine All-Star",1919,"AL",NA,"OF"
"jacksjo01","Baseball Magazine All-Star",1919,"AL",NA,"OF"
"ruthba01","Baseball Magazine All-Star",1919,"AL",NA,"OF"
"johnswa01","Baseball Magazine All-Star",1919,"AL",NA,"P1"
"cicoted01","Baseball Magazine All-Star",1919,"AL",NA,"P2"
"peckiro01","Baseball Magazine All-Star",1919,"AL",NA,"SS"
"sislege01","Baseball Magazine All-Star",1919,"ML",NA,"1B"
"collied01","Baseball Magazine All-Star",1919,"ML",NA,"2B"
"grohhe01","Baseball Magazine All-Star",1919,"ML",NA,"3B"
"oneilst01","Baseball Magazine All-Star",1919,"ML",NA,"C"
"cobbty01","Baseball Magazine All-Star",1919,"ML",NA,"OF"
"roushed01","Baseball Magazine All-Star",1919,"ML",NA,"OF"
"ruthba01","Baseball Magazine All-Star",1919,"ML",NA,"OF"
"johnswa01","Baseball Magazine All-Star",1919,"ML",NA,"P1"
"vaughhi01","Baseball Magazine All-Star",1919,"ML",NA,"P2"
"peckiro01","Baseball Magazine All-Star",1919,"ML",NA,"SS"
"daubeja01","Baseball Magazine All-Star",1919,"NL",NA,"1B"
"stockmi01","Baseball Magazine All-Star",1919,"NL",NA,"2B"
"grohhe01","Baseball Magazine All-Star",1919,"NL",NA,"3B"
"wingoiv01","Baseball Magazine All-Star",1919,"NL",NA,"C"
"burnsge01","Baseball Magazine All-Star",1919,"NL",NA,"OF"
"myershy01","Baseball Magazine All-Star",1919,"NL",NA,"OF"
"roushed01","Baseball Magazine All-Star",1919,"NL",NA,"OF"
"vaughhi01","Baseball Magazine All-Star",1919,"NL",NA,"P1"
"barneje01","Baseball Magazine All-Star",1919,"NL",NA,"P2"
"hornsro01","Baseball Magazine All-Star",1919,"NL",NA,"SS"
"sislege01","Baseball Magazine All-Star",1920,"AL",NA,"1B"
"collied01","Baseball Magazine All-Star",1920,"AL",NA,"2B"
"gardnla01","Baseball Magazine All-Star",1920,"AL",NA,"3B"
"oneilst01","Baseball Magazine All-Star",1920,"AL",NA,"C"
"ricesa01","Baseball Magazine All-Star",1920,"AL",NA,"OF"
"ruthba01","Baseball Magazine All-Star",1920,"AL",NA,"OF"
"speaktr01","Baseball Magazine All-Star",1920,"AL",NA,"OF"
"bagbyji01","Baseball Magazine All-Star",1920,"AL",NA,"P1"
"covelst01","Baseball Magazine All-Star",1920,"AL",NA,"P2"
"shockur01","Baseball Magazine All-Star",1920,"AL",NA,"P3"
"scottev01","Baseball Magazine All-Star",1920,"AL",NA,"SS"
"sislege01","Baseball Magazine All-Star",1920,"ML",NA,"1B"
"collied01","Baseball Magazine All-Star",1920,"ML",NA,"2B"
"grohhe01","Baseball Magazine All-Star",1920,"ML",NA,"3B"
"oneilst01","Baseball Magazine All-Star",1920,"ML",NA,"C"
"roushed01","Baseball Magazine All-Star",1920,"ML",NA,"OF"
"ruthba01","Baseball Magazine All-Star",1920,"ML",NA,"OF"
"speaktr01","Baseball Magazine All-Star",1920,"ML",NA,"OF"
"alexape01","Baseball Magazine All-Star",1920,"ML",NA,"P1"
"bagbyji01","Baseball Magazine All-Star",1920,"ML",NA,"P2"
"grimebu01","Baseball Magazine All-Star",1920,"ML",NA,"P3"
"maranra01","Baseball Magazine All-Star",1920,"ML",NA,"SS"
"daubeja01","Baseball Magazine All-Star",1920,"NL",NA,"1B"
"hornsro01","Baseball Magazine All-Star",1920,"NL",NA,"2B"
"grohhe01","Baseball Magazine All-Star",1920,"NL",NA,"3B"
"schmiwa01","Baseball Magazine All-Star",1920,"NL",NA,"C"
"roushed01","Baseball Magazine All-Star",1920,"NL",NA,"OF"
"wheatza01","Baseball Magazine All-Star",1920,"NL",NA,"OF"
"youngro01","Baseball Magazine All-Star",1920,"NL",NA,"OF"
"alexape01","Baseball Magazine All-Star",1920,"NL",NA,"P1"
"grimebu01","Baseball Magazine All-Star",1920,"NL",NA,"P2"
"coopewi01","Baseball Magazine All-Star",1920,"NL",NA,"P3"
"maranra01","Baseball Magazine All-Star",1920,"NL",NA,"SS"
"alexape01","Pitching Triple Crown",1920,"NL",NA,NA
"sislege01","Baseball Magazine All-Star",1921,"AL",NA,"1B"
"collied01","Baseball Magazine All-Star",1921,"AL",NA,"2B"
"gardnla01","Baseball Magazine All-Star",1921,"AL",NA,"3B"
"oneilst01","Baseball Magazine All-Star",1921,"AL",NA,"C"
"cobbty01","Baseball Magazine All-Star",1921,"AL",NA,"OF"
"ruthba01","Baseball Magazine All-Star",1921,"AL",NA,"OF"
"speaktr01","Baseball Magazine All-Star",1921,"AL",NA,"OF"
"faberre01","Baseball Magazine All-Star",1921,"AL",NA,"P1"
"maysca01","Baseball Magazine All-Star",1921,"AL",NA,"P2"
"shockur01","Baseball Magazine All-Star",1921,"AL",NA,"P3"
"peckiro01","Baseball Magazine All-Star",1921,"AL",NA,"SS"
"sislege01","Baseball Magazine All-Star",1921,"ML",NA,"1B"
"hornsro01","Baseball Magazine All-Star",1921,"ML",NA,"2B"
"friscfr01","Baseball Magazine All-Star",1921,"ML",NA,"3B"
"oneilst01","Baseball Magazine All-Star",1921,"ML",NA,"C"
"cobbty01","Baseball Magazine All-Star",1921,"ML",NA,"OF"
"ruthba01","Baseball Magazine All-Star",1921,"ML",NA,"OF"
"speaktr01","Baseball Magazine All-Star",1921,"ML",NA,"OF"
"grimebu01","Baseball Magazine All-Star",1921,"ML",NA,"P1"
"faberre01","Baseball Magazine All-Star",1921,"ML",NA,"P2"
"maysca01","Baseball Magazine All-Star",1921,"ML",NA,"P3"
"bancrda01","Baseball Magazine All-Star",1921,"ML",NA,"SS"
"kellyge01","Baseball Magazine All-Star",1921,"NL",NA,"1B"
"hornsro01","Baseball Magazine All-Star",1921,"NL",NA,"2B"
"friscfr01","Baseball Magazine All-Star",1921,"NL",NA,"3B"
"schmiwa01","Baseball Magazine All-Star",1921,"NL",NA,"C"
"bigbeca01","Baseball Magazine All-Star",1921,"NL",NA,"OF"
"roushed01","Baseball Magazine All-Star",1921,"NL",NA,"OF"
"youngro01","Baseball Magazine All-Star",1921,"NL",NA,"OF"
"grimebu01","Baseball Magazine All-Star",1921,"NL",NA,"P1"
"nehfar01","Baseball Magazine All-Star",1921,"NL",NA,"P2"
"coopewi01","Baseball Magazine All-Star",1921,"NL",NA,"P3"
"bancrda01","Baseball Magazine All-Star",1921,"NL",NA,"SS"
"sislege01","Baseball Magazine All-Star",1922,"AL",NA,"1B"
"collied01","Baseball Magazine All-Star",1922,"AL",NA,"2B"
"duganjo01","Baseball Magazine All-Star",1922,"AL",NA,"3B"
"oneilst01","Baseball Magazine All-Star",1922,"AL",NA,"C"
"cobbty01","Baseball Magazine All-Star",1922,"AL",NA,"OF"
"speaktr01","Baseball Magazine All-Star",1922,"AL",NA,"OF"
"willicy01","Baseball Magazine All-Star",1922,"AL",NA,"OF"
"bushjo01","Baseball Magazine All-Star",1922,"AL",NA,"P1"
"shockur01","Baseball Magazine All-Star",1922,"AL",NA,"P2"
"rommeed01","Baseball Magazine All-Star",1922,"AL",NA,"P3"
"scottev01","Baseball Magazine All-Star",1922,"AL",NA,"SS"
"sislege01","Baseball Magazine All-Star",1922,"ML",NA,"1B"
"hornsro01","Baseball Magazine All-Star",1922,"ML",NA,"2B"
"duganjo01","Baseball Magazine All-Star",1922,"ML",NA,"3B"
"oneilst01","Baseball Magazine All-Star",1922,"ML",NA,"C"
"careyma01","Baseball Magazine All-Star",1922,"ML",NA,"OF"
"cobbty01","Baseball Magazine All-Star",1922,"ML",NA,"OF"
"speaktr01","Baseball Magazine All-Star",1922,"ML",NA,"OF"
"bushjo01","Baseball Magazine All-Star",1922,"ML",NA,"P1"
"rixeyep01","Baseball Magazine All-Star",1922,"ML",NA,"P2"
"rommeed01","Baseball Magazine All-Star",1922,"ML",NA,"P3"
"holloch01","Baseball Magazine All-Star",1922,"ML",NA,"SS"
"kellyge01","Baseball Magazine All-Star",1922,"NL",NA,"1B"
"hornsro01","Baseball Magazine All-Star",1922,"NL",NA,"2B"
"stockmi01","Baseball Magazine All-Star",1922,"NL",NA,"3B"
"snydefr01","Baseball Magazine All-Star",1922,"NL",NA,"C"
"bigbeca01","Baseball Magazine All-Star",1922,"NL",NA,"OF"
"careyma01","Baseball Magazine All-Star",1922,"NL",NA,"OF"
"youngro01","Baseball Magazine All-Star",1922,"NL",NA,"OF"
"coopewi01","Baseball Magazine All-Star",1922,"NL",NA,"P1"
"rixeyep01","Baseball Magazine All-Star",1922,"NL",NA,"P2"
"ruethdu01","Baseball Magazine All-Star",1922,"NL",NA,"P3"
"holloch01","Baseball Magazine All-Star",1922,"NL",NA,"SS"
"sislege01","Most Valuable Player",1922,"AL",NA,NA
"hornsro01","Triple Crown",1922,"NL",NA,NA
"pippwa01","Baseball Magazine All-Star",1923,"AL",NA,"1B"
"collied01","Baseball Magazine All-Star",1923,"AL",NA,"2B"
"duganjo01","Baseball Magazine All-Star",1923,"AL",NA,"3B"
"perkicy01","Baseball Magazine All-Star",1923,"AL",NA,"C"
"heilmha01","Baseball Magazine All-Star",1923,"AL",NA,"OF"
"ruthba01","Baseball Magazine All-Star",1923,"AL",NA,"OF"
"speaktr01","Baseball Magazine All-Star",1923,"AL",NA,"OF"
"uhlege01","Baseball Magazine All-Star",1923,"AL",NA,"P1"
"shockur01","Baseball Magazine All-Star",1923,"AL",NA,"P2"
"ehmkeho01","Baseball Magazine All-Star",1923,"AL",NA,"P3"
"johnswa01","Baseball Magazine All-Star",1923,"AL",NA,"P4"
"seweljo01","Baseball Magazine All-Star",1923,"AL",NA,"SS"
"grimmch01","Baseball Magazine All-Star",1923,"ML",NA,"1B"
"collied01","Baseball Magazine All-Star",1923,"ML",NA,"2B"
"friscfr01","Baseball Magazine All-Star",1923,"ML",NA,"3B"
"ofarrbo01","Baseball Magazine All-Star",1923,"ML",NA,"C"
"roushed01","Baseball Magazine All-Star",1923,"ML",NA,"OF"
"ruthba01","Baseball Magazine All-Star",1923,"ML",NA,"OF"
"speaktr01","Baseball Magazine All-Star",1923,"ML",NA,"OF"
"uhlege01","Baseball Magazine All-Star",1923,"ML",NA,"P1"
"luquedo01","Baseball Magazine All-Star",1923,"ML",NA,"P2"
"alexape01","Baseball Magazine All-Star",1923,"ML",NA,"P3"
"johnswa01","Baseball Magazine All-Star",1923,"ML",NA,"P4"
"bancrda01","Baseball Magazine All-Star",1923,"ML",NA,"SS"
"grimmch01","Baseball Magazine All-Star",1923,"NL",NA,"1B"
"hornsro01","Baseball Magazine All-Star",1923,"NL",NA,"2B"
"friscfr01","Baseball Magazine All-Star",1923,"NL",NA,"3B"
"ofarrbo01","Baseball Magazine All-Star",1923,"NL",NA,"C"
"roushed01","Baseball Magazine All-Star",1923,"NL",NA,"OF"
"wheatza01","Baseball Magazine All-Star",1923,"NL",NA,"OF"
"youngro01","Baseball Magazine All-Star",1923,"NL",NA,"OF"
"luquedo01","Baseball Magazine All-Star",1923,"NL",NA,"P1"
"morrijo04","Baseball Magazine All-Star",1923,"NL",NA,"P2"
"alexape01","Baseball Magazine All-Star",1923,"NL",NA,"P3"
"vanceda01","Baseball Magazine All-Star",1923,"NL",NA,"P4"
"bancrda01","Baseball Magazine All-Star",1923,"NL",NA,"SS"
"ruthba01","Most Valuable Player",1923,"AL",NA,NA
"judgejo01","Baseball Magazine All-Star",1924,"AL",NA,"1B"
"collied01","Baseball Magazine All-Star",1924,"AL",NA,"2B"
"duganjo01","Baseball Magazine All-Star",1924,"AL",NA,"3B"
"bassljo01","Baseball Magazine All-Star",1924,"AL",NA,"C"
"cobbty01","Baseball Magazine All-Star",1924,"AL",NA,"CF"
"jamiech01","Baseball Magazine All-Star",1924,"AL",NA,"LF"
"johnswa01","Baseball Magazine All-Star",1924,"AL",NA,"P1"
"thurssl01","Baseball Magazine All-Star",1924,"AL",NA,"P2"
"pennohe01","Baseball Magazine All-Star",1924,"AL",NA,"P3"
"ruthba01","Baseball Magazine All-Star",1924,"AL",NA,"RF"
"seweljo01","Baseball Magazine All-Star",1924,"AL",NA,"SS"
"kellyge01","Baseball Magazine All-Star",1924,"ML",NA,"1B"
"hornsro01","Baseball Magazine All-Star",1924,"ML",NA,"2B"
"duganjo01","Baseball Magazine All-Star",1924,"ML",NA,"3B"
"bassljo01","Baseball Magazine All-Star",1924,"ML",NA,"C"
"roushed01","Baseball Magazine All-Star",1924,"ML",NA,"CF"
"wheatza01","Baseball Magazine All-Star",1924,"ML",NA,"LF"
"vanceda01","Baseball Magazine All-Star",1924,"ML",NA,"P1"
"johnswa01","Baseball Magazine All-Star",1924,"ML",NA,"P2"
"grimebu01","Baseball Magazine All-Star",1924,"ML",NA,"P3"
"ruthba01","Baseball Magazine All-Star",1924,"ML",NA,"RF"
"jackstr01","Baseball Magazine All-Star",1924,"ML",NA,"SS"
"kellyge01","Baseball Magazine All-Star",1924,"NL",NA,"1B"
"hornsro01","Baseball Magazine All-Star",1924,"NL",NA,"2B"
"traynpi01","Baseball Magazine All-Star",1924,"NL",NA,"3B"
"hartnga01","Baseball Magazine All-Star",1924,"NL",NA,"C"
"roushed01","Baseball Magazine All-Star",1924,"NL",NA,"CF"
"wheatza01","Baseball Magazine All-Star",1924,"NL",NA,"LF"
"vanceda01","Baseball Magazine All-Star",1924,"NL",NA,"P1"
"grimebu01","Baseball Magazine All-Star",1924,"NL",NA,"P2"
"coopewi01","Baseball Magazine All-Star",1924,"NL",NA,"P3"
"youngro01","Baseball Magazine All-Star",1924,"NL",NA,"RF"
"jackstr01","Baseball Magazine All-Star",1924,"NL",NA,"SS"
"johnswa01","Most Valuable Player",1924,"AL",NA,NA
"vanceda01","Most Valuable Player",1924,"NL",NA,NA
"johnswa01","Pitching Triple Crown",1924,"AL",NA,NA
"vanceda01","Pitching Triple Crown",1924,"NL",NA,NA
"sislege01","Baseball Magazine All-Star",1925,"AL",NA,"1B"
"collied01","Baseball Magazine All-Star",1925,"AL",NA,"2B"
"bluegos01","Baseball Magazine All-Star",1925,"AL",NA,"3B"
"ruelmu01","Baseball Magazine All-Star",1925,"AL",NA,"C1"
"cochrmi01","Baseball Magazine All-Star",1925,"AL",NA,"C2"
"simmoal01","Baseball Magazine All-Star",1925,"AL",NA,"CF"
"gosligo01","Baseball Magazine All-Star",1925,"AL",NA,"LF"
"johnswa01","Baseball Magazine All-Star",1925,"AL",NA,"P1"
"lyonste01","Baseball Magazine All-Star",1925,"AL",NA,"P2"
"covelst01","Baseball Magazine All-Star",1925,"AL",NA,"P3"
"pennohe01","Baseball Magazine All-Star",1925,"AL",NA,"P4"
"heilmha01","Baseball Magazine All-Star",1925,"AL",NA,"RF"
"seweljo01","Baseball Magazine All-Star",1925,"AL",NA,"SS"
"sislege01","Baseball Magazine All-Star",1925,"ML",NA,"1B"
"hornsro01","Baseball Magazine All-Star",1925,"ML",NA,"2B"
"traynpi01","Baseball Magazine All-Star",1925,"ML",NA,"3B"
"ruelmu01","Baseball Magazine All-Star",1925,"ML",NA,"C1"
"cochrmi01","Baseball Magazine All-Star",1925,"ML",NA,"C2"
"simmoal01","Baseball Magazine All-Star",1925,"ML",NA,"CF"
"wheatza01","Baseball Magazine All-Star",1925,"ML",NA,"LF"
"johnswa01","Baseball Magazine All-Star",1925,"ML",NA,"P1"
"vanceda01","Baseball Magazine All-Star",1925,"ML",NA,"P2"
"covelst01","Baseball Magazine All-Star",1925,"ML",NA,"P3"
"rixeyep01","Baseball Magazine All-Star",1925,"ML",NA,"P4"
"cuyleki01","Baseball Magazine All-Star",1925,"ML",NA,"RF"
"wrighgl01","Baseball Magazine All-Star",1925,"ML",NA,"SS"
"bottoji01","Baseball Magazine All-Star",1925,"NL",NA,"1B"
"hornsro01","Baseball Magazine All-Star",1925,"NL",NA,"2B"
"traynpi01","Baseball Magazine All-Star",1925,"NL",NA,"3B"
"hartnga01","Baseball Magazine All-Star",1925,"NL",NA,"C1"
"smithea02","Baseball Magazine All-Star",1925,"NL",NA,"C2"
"careyma01","Baseball Magazine All-Star",1925,"NL",NA,"CF"
"wheatza01","Baseball Magazine All-Star",1925,"NL",NA,"LF"
"vanceda01","Baseball Magazine All-Star",1925,"NL",NA,"P1"
"alexape01","Baseball Magazine All-Star",1925,"NL",NA,"P2"
"donohpe01","Baseball Magazine All-Star",1925,"NL",NA,"P3"
"rixeyep01","Baseball Magazine All-Star",1925,"NL",NA,"P4"
"cuyleki01","Baseball Magazine All-Star",1925,"NL",NA,"RF"
"wrighgl01","Baseball Magazine All-Star",1925,"NL",NA,"SS"
"peckiro01","Most Valuable Player",1925,"AL",NA,NA
"hornsro01","Most Valuable Player",1925,"NL",NA,NA
"hornsro01","Triple Crown",1925,"NL",NA,NA
"bottoji01","TSN All-Star",1925,"ML",NA,"1B"
"hornsro01","TSN All-Star",1925,"ML",NA,"2B"
"traynpi01","TSN All-Star",1925,"ML",NA,"3B"
"cochrmi01","TSN All-Star",1925,"ML",NA,"C"
"careyma01","TSN All-Star",1925,"ML",NA,"OF"
"cuyleki01","TSN All-Star",1925,"ML",NA,"OF"
"gosligo01","TSN All-Star",1925,"ML",NA,"OF"
"johnswa01","TSN All-Star",1925,"ML",NA,"P"
"rommeed01","TSN All-Star",1925,"ML",NA,"P"
"vanceda01","TSN All-Star",1925,"ML",NA,"P"
"wrighgl01","TSN All-Star",1925,"ML",NA,"SS"
"burnsge02","Baseball Magazine All-Star",1926,"AL",NA,"1B"
"collied01","Baseball Magazine All-Star",1926,"AL",NA,"2B"
"kammwi01","Baseball Magazine All-Star",1926,"AL",NA,"3B"
"ruelmu01","Baseball Magazine All-Star",1926,"AL",NA,"C"
"manushe01","Baseball Magazine All-Star",1926,"AL",NA,"OF"
"mostijo01","Baseball Magazine All-Star",1926,"AL",NA,"OF"
"ruthba01","Baseball Magazine All-Star",1926,"AL",NA,"OF"
"uhlege01","Baseball Magazine All-Star",1926,"AL",NA,"P1"
"pennohe01","Baseball Magazine All-Star",1926,"AL",NA,"P2"
"lyonste01","Baseball Magazine All-Star",1926,"AL",NA,"P3"
"grovele01","Baseball Magazine All-Star",1926,"AL",NA,"P4"
"seweljo01","Baseball Magazine All-Star",1926,"AL",NA,"SS"
"burnsge02","Baseball Magazine All-Star",1926,"ML",NA,"1B"
"hornsro01","Baseball Magazine All-Star",1926,"ML",NA,"2B"
"traynpi01","Baseball Magazine All-Star",1926,"ML",NA,"3B"
"smithea02","Baseball Magazine All-Star",1926,"ML",NA,"C"
"cuyleki01","Baseball Magazine All-Star",1926,"ML",NA,"OF"
"mostijo01","Baseball Magazine All-Star",1926,"ML",NA,"OF"
"ruthba01","Baseball Magazine All-Star",1926,"ML",NA,"OF"
"uhlege01","Baseball Magazine All-Star",1926,"ML",NA,"P1"
"kremera01","Baseball Magazine All-Star",1926,"ML",NA,"P2"
"pennohe01","Baseball Magazine All-Star",1926,"ML",NA,"P3"
"lyonste01","Baseball Magazine All-Star",1926,"ML",NA,"P4"
"bancrda01","Baseball Magazine All-Star",1926,"ML",NA,"SS"
"kellyge01","Baseball Magazine All-Star",1926,"NL",NA,"1B"
"hornsro01","Baseball Magazine All-Star",1926,"NL",NA,"2B"
"traynpi01","Baseball Magazine All-Star",1926,"NL",NA,"3B"
"smithea02","Baseball Magazine All-Star",1926,"NL",NA,"C"
"cuyleki01","Baseball Magazine All-Star",1926,"NL",NA,"OF"
"roushed01","Baseball Magazine All-Star",1926,"NL",NA,"OF"
"wilsoha01","Baseball Magazine All-Star",1926,"NL",NA,"OF"
"kremera01","Baseball Magazine All-Star",1926,"NL",NA,"P1"
"maysca01","Baseball Magazine All-Star",1926,"NL",NA,"P2"
"carlsha01","Baseball Magazine All-Star",1926,"NL",NA,"P3"
"pettyje01","Baseball Magazine All-Star",1926,"NL",NA,"P4"
"bancrda01","Baseball Magazine All-Star",1926,"NL",NA,"SS"
"burnsge02","Most Valuable Player",1926,"AL",NA,NA
"ofarrbo01","Most Valuable Player",1926,"NL",NA,NA
"burnsge02","TSN All-Star",1926,"ML",NA,"1B"
"hornsro01","TSN All-Star",1926,"ML",NA,"2B"
"traynpi01","TSN All-Star",1926,"ML",NA,"3B"
"ofarrbo01","TSN All-Star",1926,"ML",NA,"C"
"gosligo01","TSN All-Star",1926,"ML",NA,"OF"
"mostijo01","TSN All-Star",1926,"ML",NA,"OF"
"ruthba01","TSN All-Star",1926,"ML",NA,"OF"
"alexape01","TSN All-Star",1926,"ML",NA,"P"
"pennohe01","TSN All-Star",1926,"ML",NA,"P"
"uhlege01","TSN All-Star",1926,"ML",NA,"P"
"seweljo01","TSN All-Star",1926,"ML",NA,"SS"
"gehrilo01","Baseball Magazine All-Star",1927,"AL",NA,"1B"
"lazzeto01","Baseball Magazine All-Star",1927,"AL",NA,"2B"
"bluegos01","Baseball Magazine All-Star",1927,"AL",NA,"3B"
"cochrmi01","Baseball Magazine All-Star",1927,"AL",NA,"C"
"ruelmu01","Baseball Magazine All-Star",1927,"AL",NA,"C"
"simmoal01","Baseball Magazine All-Star",1927,"AL",NA,"CF"
"gosligo01","Baseball Magazine All-Star",1927,"AL",NA,"LF"
"lyonste01","Baseball Magazine All-Star",1927,"AL",NA,"P1"
"hoytwa01","Baseball Magazine All-Star",1927,"AL",NA,"P2"
"thomato02","Baseball Magazine All-Star",1927,"AL",NA,"P3"
"grovele01","Baseball Magazine All-Star",1927,"AL",NA,"P4"
"ruthba01","Baseball Magazine All-Star",1927,"AL",NA,"RF"
"seweljo01","Baseball Magazine All-Star",1927,"AL",NA,"SS"
"gehrilo01","Baseball Magazine All-Star",1927,"ML",NA,"1B"
"friscfr01","Baseball Magazine All-Star",1927,"ML",NA,"2B"
"traynpi01","Baseball Magazine All-Star",1927,"ML",NA,"3B"
"cochrmi01","Baseball Magazine All-Star",1927,"ML",NA,"C"
"hartnga01","Baseball Magazine All-Star",1927,"ML",NA,"C"
"simmoal01","Baseball Magazine All-Star",1927,"ML",NA,"CF"
"ruthba01","Baseball Magazine All-Star",1927,"ML",NA,"LF"
"rootch01","Baseball Magazine All-Star",1927,"ML",NA,"P1"
"lyonste01","Baseball Magazine All-Star",1927,"ML",NA,"P2"
"haineje01","Baseball Magazine All-Star",1927,"ML",NA,"P3"
"grovele01","Baseball Magazine All-Star",1927,"ML",NA,"P4"
"wanerpa01","Baseball Magazine All-Star",1927,"ML",NA,"RF"
"jackstr01","Baseball Magazine All-Star",1927,"ML",NA,"SS"
"terrybi01","Baseball Magazine All-Star",1927,"NL",NA,"1B"
"friscfr01","Baseball Magazine All-Star",1927,"NL",NA,"2B"
"traynpi01","Baseball Magazine All-Star",1927,"NL",NA,"3B"
"hartnga01","Baseball Magazine All-Star",1927,"NL",NA,"C"
"wilsoji01","Baseball Magazine All-Star",1927,"NL",NA,"C"
"wilsoha01","Baseball Magazine All-Star",1927,"NL",NA,"CF"
"wanerll01","Baseball Magazine All-Star",1927,"NL",NA,"LF"
"rootch01","Baseball Magazine All-Star",1927,"NL",NA,"P1"
"haineje01","Baseball Magazine All-Star",1927,"NL",NA,"P2"
"alexape01","Baseball Magazine All-Star",1927,"NL",NA,"P3"
"pettyje01","Baseball Magazine All-Star",1927,"NL",NA,"P4"
"wanerpa01","Baseball Magazine All-Star",1927,"NL",NA,"RF"
"jackstr01","Baseball Magazine All-Star",1927,"NL",NA,"SS"
"gehrilo01","Most Valuable Player",1927,"AL",NA,NA
"wanerpa01","Most Valuable Player",1927,"NL",NA,NA
"gehrilo01","TSN All-Star",1927,"ML",NA,"1B"
"hornsro01","TSN All-Star",1927,"ML",NA,"2B"
"traynpi01","TSN All-Star",1927,"ML",NA,"3B"
"hartnga01","TSN All-Star",1927,"ML",NA,"C"
"ruthba01","TSN All-Star",1927,"ML",NA,"OF"
"simmoal01","TSN All-Star",1927,"ML",NA,"OF"
"wanerpa01","TSN All-Star",1927,"ML",NA,"OF"
"lyonste01","TSN All-Star",1927,"ML",NA,"P"
"rootch01","TSN All-Star",1927,"ML",NA,"P"
"jackstr01","TSN All-Star",1927,"ML",NA,"SS"
"gehrilo01","Baseball Magazine All-Star",1928,"AL",NA,"1B"
"lazzeto01","Baseball Magazine All-Star",1928,"AL",NA,"2B"
"kammwi01","Baseball Magazine All-Star",1928,"AL",NA,"3B"
"cochrmi01","Baseball Magazine All-Star",1928,"AL",NA,"C"
"manushe01","Baseball Magazine All-Star",1928,"AL",NA,"OF"
"ruthba01","Baseball Magazine All-Star",1928,"AL",NA,"OF"
"simmoal01","Baseball Magazine All-Star",1928,"AL",NA,"OF"
"crowdal01","Baseball Magazine All-Star",1928,"AL",NA,"P1"
"hoytwa01","Baseball Magazine All-Star",1928,"AL",NA,"P2"
"morried02","Baseball Magazine All-Star",1928,"AL",NA,"P3"
"grovele01","Baseball Magazine All-Star",1928,"AL",NA,"P4"
"seweljo01","Baseball Magazine All-Star",1928,"AL",NA,"SS"
"gehrilo01","Baseball Magazine All-Star",1928,"ML",NA,"1B"
"hornsro01","Baseball Magazine All-Star",1928,"ML",NA,"2B"
"traynpi01","Baseball Magazine All-Star",1928,"ML",NA,"3B"
"hartnga01","Baseball Magazine All-Star",1928,"ML",NA,"C"
"manushe01","Baseball Magazine All-Star",1928,"ML",NA,"OF"
"ruthba01","Baseball Magazine All-Star",1928,"ML",NA,"OF"
"wanerpa01","Baseball Magazine All-Star",1928,"ML",NA,"OF"
"vanceda01","Baseball Magazine All-Star",1928,"ML",NA,"P1"
"bentola01","Baseball Magazine All-Star",1928,"ML",NA,"P2"
"grimebu01","Baseball Magazine All-Star",1928,"ML",NA,"P3"
"grovele01","Baseball Magazine All-Star",1928,"ML",NA,"P4"
"seweljo01","Baseball Magazine All-Star",1928,"ML",NA,"SS"
"bottoji01","Baseball Magazine All-Star",1928,"NL",NA,"1B"
"hornsro01","Baseball Magazine All-Star",1928,"NL",NA,"2B"
"traynpi01","Baseball Magazine All-Star",1928,"NL",NA,"3B"
"hartnga01","Baseball Magazine All-Star",1928,"NL",NA,"C"
"hafeych01","Baseball Magazine All-Star",1928,"NL",NA,"OF"
"wanerll01","Baseball Magazine All-Star",1928,"NL",NA,"OF"
"wanerpa01","Baseball Magazine All-Star",1928,"NL",NA,"OF"
"vanceda01","Baseball Magazine All-Star",1928,"NL",NA,"P1"
"bentola01","Baseball Magazine All-Star",1928,"NL",NA,"P2"
"grimebu01","Baseball Magazine All-Star",1928,"NL",NA,"P3"
"sherdbi01","Baseball Magazine All-Star",1928,"NL",NA,"P4"
"jackstr01","Baseball Magazine All-Star",1928,"NL",NA,"SS"
"cochrmi01","Most Valuable Player",1928,"AL",NA,NA
"bottoji01","Most Valuable Player",1928,"NL",NA,NA
"gehrilo01","TSN All-Star",1928,"ML",NA,"1B"
"hornsro01","TSN All-Star",1928,"ML",NA,"2B"
"lindsfr01","TSN All-Star",1928,"ML",NA,"3B"
"cochrmi01","TSN All-Star",1928,"ML",NA,"C"
"manushe01","TSN All-Star",1928,"ML",NA,"OF"
"ruthba01","TSN All-Star",1928,"ML",NA,"OF"
"wanerpa01","TSN All-Star",1928,"ML",NA,"OF"
"grovele01","TSN All-Star",1928,"ML",NA,"P"
"hoytwa01","TSN All-Star",1928,"ML",NA,"P"
"jackstr01","TSN All-Star",1928,"ML",NA,"SS"
"fonsele01","Baseball Magazine All-Star",1929,"AL",NA,"1B"
"gehrich01","Baseball Magazine All-Star",1929,"AL",NA,"2B"
"dykesji01","Baseball Magazine All-Star",1929,"AL",NA,"3B"
"cochrmi01","Baseball Magazine All-Star",1929,"AL",NA,"C"
"combsea01","Baseball Magazine All-Star",1929,"AL",NA,"CF"
"simmoal01","Baseball Magazine All-Star",1929,"AL",NA,"LF"
"grovele01","Baseball Magazine All-Star",1929,"AL",NA,"P1"
"earnsge01","Baseball Magazine All-Star",1929,"AL",NA,"P2"
"graydo02","Baseball Magazine All-Star",1929,"AL",NA,"P3"
"ferrewe01","Baseball Magazine All-Star",1929,"AL",NA,"P4"
"ruthba01","Baseball Magazine All-Star",1929,"AL",NA,"RF"
"kressre01","Baseball Magazine All-Star",1929,"AL",NA,"SS"
"terrybi01","Baseball Magazine All-Star",1929,"ML",NA,"1B"
"hornsro01","Baseball Magazine All-Star",1929,"ML",NA,"2B"
"traynpi01","Baseball Magazine All-Star",1929,"ML",NA,"3B"
"cochrmi01","Baseball Magazine All-Star",1929,"ML",NA,"C"
"wilsoha01","Baseball Magazine All-Star",1929,"ML",NA,"CF"
"simmoal01","Baseball Magazine All-Star",1929,"ML",NA,"LF"
"grovele01","Baseball Magazine All-Star",1929,"ML",NA,"P1"
"earnsge01","Baseball Magazine All-Star",1929,"ML",NA,"P2"
"malonpa02","Baseball Magazine All-Star",1929,"ML",NA,"P3"
"lucasre01","Baseball Magazine All-Star",1929,"ML",NA,"P4"
"ruthba01","Baseball Magazine All-Star",1929,"ML",NA,"RF"
"jackstr01","Baseball Magazine All-Star",1929,"ML",NA,"SS"
"terrybi01","Baseball Magazine All-Star",1929,"NL",NA,"1B"
"hornsro01","Baseball Magazine All-Star",1929,"NL",NA,"2B"
"traynpi01","Baseball Magazine All-Star",1929,"NL",NA,"3B"
"wilsoji01","Baseball Magazine All-Star",1929,"NL",NA,"C"
"wilsoha01","Baseball Magazine All-Star",1929,"NL",NA,"CF"
"hafeych01","Baseball Magazine All-Star",1929,"NL",NA,"LF"
"malonpa02","Baseball Magazine All-Star",1929,"NL",NA,"P1"
"grimebu01","Baseball Magazine All-Star",1929,"NL",NA,"P2"
"lucasre01","Baseball Magazine All-Star",1929,"NL",NA,"P3"
"hubbeca01","Baseball Magazine All-Star",1929,"NL",NA,"P4"
"odoulle01","Baseball Magazine All-Star",1929,"NL",NA,"RF"
"jackstr01","Baseball Magazine All-Star",1929,"NL",NA,"SS"
"hornsro01","Most Valuable Player",1929,"NL",NA,NA
"foxxji01","TSN All-Star",1929,"ML",NA,"1B"
"hornsro01","TSN All-Star",1929,"ML",NA,"2B"
"traynpi01","TSN All-Star",1929,"ML",NA,"3B"
"cochrmi01","TSN All-Star",1929,"ML",NA,"C"
"ruthba01","TSN All-Star",1929,"ML",NA,"OF"
"simmoal01","TSN All-Star",1929,"ML",NA,"OF"
"wilsoha01","TSN All-Star",1929,"ML",NA,"OF"
"grimebu01","TSN All-Star",1929,"ML",NA,"P"
"grovele01","TSN All-Star",1929,"ML",NA,"P"
"jackstr01","TSN All-Star",1929,"ML",NA,"SS"
"simmoal01","TSN Guide MVP",1929,"AL",NA,NA
"gehrilo01","Baseball Magazine All-Star",1930,"AL",NA,"1B"
"gehrich01","Baseball Magazine All-Star",1930,"AL",NA,"2B"
"lazzeto01","Baseball Magazine All-Star",1930,"AL",NA,"3B"
"cochrmi01","Baseball Magazine All-Star",1930,"AL",NA,"C"
"averiea01","Baseball Magazine All-Star",1930,"AL",NA,"CF"
"simmoal01","Baseball Magazine All-Star",1930,"AL",NA,"LF"
"lyonste01","Baseball Magazine All-Star",1930,"AL",NA,"P1"
"ferrewe01","Baseball Magazine All-Star",1930,"AL",NA,"P2"
"earnsge01","Baseball Magazine All-Star",1930,"AL",NA,"P3"
"grovele01","Baseball Magazine All-Star",1930,"AL",NA,"P4"
"ruthba01","Baseball Magazine All-Star",1930,"AL",NA,"RF"
"cronijo01","Baseball Magazine All-Star",1930,"AL",NA,"SS"
"terrybi01","Baseball Magazine All-Star",1930,"ML",NA,"1B"
"friscfr01","Baseball Magazine All-Star",1930,"ML",NA,"2B"
"lindsfr01","Baseball Magazine All-Star",1930,"ML",NA,"3B"
"cochrmi01","Baseball Magazine All-Star",1930,"ML",NA,"C"
"wilsoha01","Baseball Magazine All-Star",1930,"ML",NA,"CF"
"simmoal01","Baseball Magazine All-Star",1930,"ML",NA,"LF"
"lyonste01","Baseball Magazine All-Star",1930,"ML",NA,"P1"
"ferrewe01","Baseball Magazine All-Star",1930,"ML",NA,"P2"
"malonpa02","Baseball Magazine All-Star",1930,"ML",NA,"P3"
"grovele01","Baseball Magazine All-Star",1930,"ML",NA,"P4"
"ruthba01","Baseball Magazine All-Star",1930,"ML",NA,"RF"
"cronijo01","Baseball Magazine All-Star",1930,"ML",NA,"SS"
"terrybi01","Baseball Magazine All-Star",1930,"NL",NA,"1B"
"friscfr01","Baseball Magazine All-Star",1930,"NL",NA,"2B"
"lindsfr01","Baseball Magazine All-Star",1930,"NL",NA,"3B"
"hartnga01","Baseball Magazine All-Star",1930,"NL",NA,"C"
"wilsoha01","Baseball Magazine All-Star",1930,"NL",NA,"CF"
"hafeych01","Baseball Magazine All-Star",1930,"NL",NA,"LF"
"kremera01","Baseball Magazine All-Star",1930,"NL",NA,"P1"
"malonpa02","Baseball Magazine All-Star",1930,"NL",NA,"P2"
"vanceda01","Baseball Magazine All-Star",1930,"NL",NA,"P3"
"hallabi01","Baseball Magazine All-Star",1930,"NL",NA,"P4"
"cuyleki01","Baseball Magazine All-Star",1930,"NL",NA,"RF"
"jackstr01","Baseball Magazine All-Star",1930,"NL",NA,"SS"
"grovele01","Pitching Triple Crown",1930,"AL",NA,NA
"terrybi01","TSN All-Star",1930,"ML",NA,"1B"
"friscfr01","TSN All-Star",1930,"ML",NA,"2B"
"lindsfr01","TSN All-Star",1930,"ML",NA,"3B"
"cochrmi01","TSN All-Star",1930,"ML",NA,"C"
"ruthba01","TSN All-Star",1930,"ML",NA,"OF"
"simmoal01","TSN All-Star",1930,"ML",NA,"OF"
"wilsoha01","TSN All-Star",1930,"ML",NA,"OF"
"ferrewe01","TSN All-Star",1930,"ML",NA,"P"
"grovele01","TSN All-Star",1930,"ML",NA,"P"
"cronijo01","TSN All-Star",1930,"ML",NA,"SS"
"cronijo01","TSN Guide MVP",1930,"AL",NA,NA
"terrybi01","TSN Guide MVP",1930,"NL",NA,NA
"gehrilo01","Baseball Magazine All-Star",1931,"AL",NA,"1B"
"melilsk01","Baseball Magazine All-Star",1931,"AL",NA,"2B"
"kammwi01","Baseball Magazine All-Star",1931,"AL",NA,"3B"
"cochrmi01","Baseball Magazine All-Star",1931,"AL",NA,"C"
"averiea01","Baseball Magazine All-Star",1931,"AL",NA,"CF"
"simmoal01","Baseball Magazine All-Star",1931,"AL",NA,"LF"
"grovele01","Baseball Magazine All-Star",1931,"AL",NA,"P1"
"earnsge01","Baseball Magazine All-Star",1931,"AL",NA,"P2"
"ferrewe01","Baseball Magazine All-Star",1931,"AL",NA,"P3"
"walberu01","Baseball Magazine All-Star",1931,"AL",NA,"P4"
"ruthba01","Baseball Magazine All-Star",1931,"AL",NA,"RF"
"cronijo01","Baseball Magazine All-Star",1931,"AL",NA,"SS"
"gehrilo01","Baseball Magazine All-Star",1931,"ML",NA,"1B"
"friscfr01","Baseball Magazine All-Star",1931,"ML",NA,"2B"
"traynpi01","Baseball Magazine All-Star",1931,"ML",NA,"3B"
"cochrmi01","Baseball Magazine All-Star",1931,"ML",NA,"C"
"cuyleki01","Baseball Magazine All-Star",1931,"ML",NA,"CF"
"simmoal01","Baseball Magazine All-Star",1931,"ML",NA,"LF"
"grovele01","Baseball Magazine All-Star",1931,"ML",NA,"P1"
"ferrewe01","Baseball Magazine All-Star",1931,"ML",NA,"P2"
"earnsge01","Baseball Magazine All-Star",1931,"ML",NA,"P3"
"branded01","Baseball Magazine All-Star",1931,"ML",NA,"P4"
"ruthba01","Baseball Magazine All-Star",1931,"ML",NA,"RF"
"cronijo01","Baseball Magazine All-Star",1931,"ML",NA,"SS"
"terrybi01","Baseball Magazine All-Star",1931,"NL",NA,"1B"
"friscfr01","Baseball Magazine All-Star",1931,"NL",NA,"2B"
"traynpi01","Baseball Magazine All-Star",1931,"NL",NA,"3B"
"hartnga01","Baseball Magazine All-Star",1931,"NL",NA,"C"
"cuyleki01","Baseball Magazine All-Star",1931,"NL",NA,"CF"
"hafeych01","Baseball Magazine All-Star",1931,"NL",NA,"LF"
"branded01","Baseball Magazine All-Star",1931,"NL",NA,"P1"
"derripa01","Baseball Magazine All-Star",1931,"NL",NA,"P2"
"hallabi01","Baseball Magazine All-Star",1931,"NL",NA,"P3"
"fitzsfr01","Baseball Magazine All-Star",1931,"NL",NA,"P4"
"kleinch01","Baseball Magazine All-Star",1931,"NL",NA,"RF"
"jackstr01","Baseball Magazine All-Star",1931,"NL",NA,"SS"
"grovele01","Most Valuable Player",1931,"AL",NA,NA
"friscfr01","Most Valuable Player",1931,"NL",NA,NA
"grovele01","Pitching Triple Crown",1931,"AL",NA,NA
"gehrilo01","TSN All-Star",1931,"ML",NA,"1B"
"friscfr01","TSN All-Star",1931,"ML",NA,"2B"
"traynpi01","TSN All-Star",1931,"ML",NA,"3B"
"cochrmi01","TSN All-Star",1931,"ML",NA,"C"
"averiea01","TSN All-Star",1931,"ML",NA,"OF"
"ruthba01","TSN All-Star",1931,"ML",NA,"OF"
"simmoal01","TSN All-Star",1931,"ML",NA,"OF"
"earnsge01","TSN All-Star",1931,"ML",NA,"P"
"grovele01","TSN All-Star",1931,"ML",NA,"P"
"cronijo01","TSN All-Star",1931,"ML",NA,"SS"
"gehrilo01","TSN Guide MVP",1931,"AL",NA,NA
"kleinch01","TSN Guide MVP",1931,"NL",NA,NA
"foxxji01","Baseball Magazine All-Star",1932,"AL",NA,"1B"
"gehrich01","Baseball Magazine All-Star",1932,"AL",NA,"2B"
"kammwi01","Baseball Magazine All-Star",1932,"AL",NA,"3B"
"cochrmi01","Baseball Magazine All-Star",1932,"AL",NA,"C"
"averiea01","Baseball Magazine All-Star",1932,"AL",NA,"CF"
"simmoal01","Baseball Magazine All-Star",1932,"AL",NA,"LF"
"grovele01","Baseball Magazine All-Star",1932,"AL",NA,"P1"
"crowdal01","Baseball Magazine All-Star",1932,"AL",NA,"P2"
"gomezle01","Baseball Magazine All-Star",1932,"AL",NA,"P3"
"ferrewe01","Baseball Magazine All-Star",1932,"AL",NA,"P4"
"ruthba01","Baseball Magazine All-Star",1932,"AL",NA,"RF"
"cronijo01","Baseball Magazine All-Star",1932,"AL",NA,"SS"
"foxxji01","Baseball Magazine All-Star",1932,"ML",NA,"1B"
"gehrich01","Baseball Magazine All-Star",1932,"ML",NA,"2B"
"traynpi01","Baseball Magazine All-Star",1932,"ML",NA,"3B"
"cochrmi01","Baseball Magazine All-Star",1932,"ML",NA,"C"
"wanerll01","Baseball Magazine All-Star",1932,"ML",NA,"CF"
"odoulle01","Baseball Magazine All-Star",1932,"ML",NA,"LF"
"grovele01","Baseball Magazine All-Star",1932,"ML",NA,"P1"
"crowdal01","Baseball Magazine All-Star",1932,"ML",NA,"P2"
"gomezle01","Baseball Magazine All-Star",1932,"ML",NA,"P3"
"warnelo01","Baseball Magazine All-Star",1932,"ML",NA,"P4"
"kleinch01","Baseball Magazine All-Star",1932,"ML",NA,"RF"
"cronijo01","Baseball Magazine All-Star",1932,"ML",NA,"SS"
"terrybi01","Baseball Magazine All-Star",1932,"NL",NA,"1B"
"hermabi01","Baseball Magazine All-Star",1932,"NL",NA,"2B"
"traynpi01","Baseball Magazine All-Star",1932,"NL",NA,"3B"
"hartnga01","Baseball Magazine All-Star",1932,"NL",NA,"C"
"wanerll01","Baseball Magazine All-Star",1932,"NL",NA,"CF"
"odoulle01","Baseball Magazine All-Star",1932,"NL",NA,"LF"
"warnelo01","Baseball Magazine All-Star",1932,"NL",NA,"P1"
"hubbeca01","Baseball Magazine All-Star",1932,"NL",NA,"P2"
"clarkwa02","Baseball Magazine All-Star",1932,"NL",NA,"P3"
"deandi01","Baseball Magazine All-Star",1932,"NL",NA,"P4"
"kleinch01","Baseball Magazine All-Star",1932,"NL",NA,"RF"
"bartedi01","Baseball Magazine All-Star",1932,"NL",NA,"SS"
"foxxji01","Most Valuable Player",1932,"AL",NA,NA
"kleinch01","Most Valuable Player",1932,"NL",NA,NA
"foxxji01","TSN All-Star",1932,"ML",NA,"1B"
"lazzeto01","TSN All-Star",1932,"ML",NA,"2B"
"traynpi01","TSN All-Star",1932,"ML",NA,"3B"
"dickebi01","TSN All-Star",1932,"ML",NA,"C"
"averiea01","TSN All-Star",1932,"ML",NA,"OF"
"kleinch01","TSN All-Star",1932,"ML",NA,"OF"
"odoulle01","TSN All-Star",1932,"ML",NA,"OF"
"grovele01","TSN All-Star",1932,"ML",NA,"P"
"warnelo01","TSN All-Star",1932,"ML",NA,"P"
"cronijo01","TSN All-Star",1932,"ML",NA,"SS"
"foxxji01","TSN Guide MVP",1932,"AL",NA,NA
"kleinch01","TSN Guide MVP",1932,"NL",NA,NA
"foxxji01","Baseball Magazine All-Star",1933,"AL",NA,"1B"
"gehrich01","Baseball Magazine All-Star",1933,"AL",NA,"2B"
"higgipi01","Baseball Magazine All-Star",1933,"AL",NA,"3B"
"cochrmi01","Baseball Magazine All-Star",1933,"AL",NA,"C"
"averiea01","Baseball Magazine All-Star",1933,"AL",NA,"OF"
"simmoal01","Baseball Magazine All-Star",1933,"AL",NA,"OF"
"westsa01","Baseball Magazine All-Star",1933,"AL",NA,"OF"
"grovele01","Baseball Magazine All-Star",1933,"AL",NA,"P1"
"whiteea01","Baseball Magazine All-Star",1933,"AL",NA,"P2"
"crowdal01","Baseball Magazine All-Star",1933,"AL",NA,"P3"
"bridgto01","Baseball Magazine All-Star",1933,"AL",NA,"P4"
"cronijo01","Baseball Magazine All-Star",1933,"AL",NA,"SS"
"foxxji01","Baseball Magazine All-Star",1933,"ML",NA,"1B"
"gehrich01","Baseball Magazine All-Star",1933,"ML",NA,"2B"
"traynpi01","Baseball Magazine All-Star",1933,"ML",NA,"3B"
"cochrmi01","Baseball Magazine All-Star",1933,"ML",NA,"C"
"bergewa01","Baseball Magazine All-Star",1933,"ML",NA,"CF"
"simmoal01","Baseball Magazine All-Star",1933,"ML",NA,"LF"
"hubbeca01","Baseball Magazine All-Star",1933,"ML",NA,"P1"
"grovele01","Baseball Magazine All-Star",1933,"ML",NA,"P2"
"whiteea01","Baseball Magazine All-Star",1933,"ML",NA,"P3"
"deandi01","Baseball Magazine All-Star",1933,"ML",NA,"P4"
"kleinch01","Baseball Magazine All-Star",1933,"ML",NA,"RF"
"cronijo01","Baseball Magazine All-Star",1933,"ML",NA,"SS"
"terrybi01","Baseball Magazine All-Star",1933,"NL",NA,"1B"
"friscfr01","Baseball Magazine All-Star",1933,"NL",NA,"2B"
"traynpi01","Baseball Magazine All-Star",1933,"NL",NA,"3B"
"lopezal01","Baseball Magazine All-Star",1933,"NL",NA,"C"
"bergewa01","Baseball Magazine All-Star",1933,"NL",NA,"CF"
"medwijo01","Baseball Magazine All-Star",1933,"NL",NA,"LF"
"hubbeca01","Baseball Magazine All-Star",1933,"NL",NA,"P1"
"deandi01","Baseball Magazine All-Star",1933,"NL",NA,"P2"
"cantwbe01","Baseball Magazine All-Star",1933,"NL",NA,"P3"
"warnelo01","Baseball Magazine All-Star",1933,"NL",NA,"P4"
"kleinch01","Baseball Magazine All-Star",1933,"NL",NA,"RF"
"vaughar01","Baseball Magazine All-Star",1933,"NL",NA,"SS"
"foxxji01","Most Valuable Player",1933,"AL",NA,NA
"hubbeca01","Most Valuable Player",1933,"NL",NA,NA
"foxxji01","Triple Crown",1933,"AL",NA,NA
"kleinch01","Triple Crown",1933,"NL",NA,NA
"foxxji01","TSN All-Star",1933,"ML",NA,"1B"
"gehrich01","TSN All-Star",1933,"ML",NA,"2B"
"traynpi01","TSN All-Star",1933,"ML",NA,"3B"
"dickebi01","TSN All-Star",1933,"ML",NA,"C"
"bergewa01","TSN All-Star",1933,"ML",NA,"OF"
"kleinch01","TSN All-Star",1933,"ML",NA,"OF"
"simmoal01","TSN All-Star",1933,"ML",NA,"OF"
"crowdal01","TSN All-Star",1933,"ML",NA,"P"
"hubbeca01","TSN All-Star",1933,"ML",NA,"P"
"cronijo01","TSN All-Star",1933,"ML",NA,"SS"
"foxxji01","TSN Guide MVP",1933,"AL",NA,NA
"hubbeca01","TSN Guide MVP",1933,"NL",NA,NA
"gehrilo01","Baseball Magazine All-Star",1934,"AL",NA,"1B"
"gehrich01","Baseball Magazine All-Star",1934,"AL",NA,"2B"
"werbebi01","Baseball Magazine All-Star",1934,"AL",NA,"3B"
"cochrmi01","Baseball Magazine All-Star",1934,"AL",NA,"C"
"westsa01","Baseball Magazine All-Star",1934,"AL",NA,"CF"
"simmoal01","Baseball Magazine All-Star",1934,"AL",NA,"LF"
"gomezle01","Baseball Magazine All-Star",1934,"AL",NA,"P1"
"rowesc01","Baseball Magazine All-Star",1934,"AL",NA,"P2"
"hardeme01","Baseball Magazine All-Star",1934,"AL",NA,"P3"
"bridgto01","Baseball Magazine All-Star",1934,"AL",NA,"P4"
"manushe01","Baseball Magazine All-Star",1934,"AL",NA,"RF"
"knickbi01","Baseball Magazine All-Star",1934,"AL",NA,"SS"
"gehrilo01","Baseball Magazine All-Star",1934,"ML",NA,"1B"
"gehrich01","Baseball Magazine All-Star",1934,"ML",NA,"2B"
"traynpi01","Baseball Magazine All-Star",1934,"ML",NA,"3B"
"cochrmi01","Baseball Magazine All-Star",1934,"ML",NA,"C"
"ottme01","Baseball Magazine All-Star",1934,"ML",NA,"CF"
"simmoal01","Baseball Magazine All-Star",1934,"ML",NA,"LF"
"deandi01","Baseball Magazine All-Star",1934,"ML",NA,"P1"
"gomezle01","Baseball Magazine All-Star",1934,"ML",NA,"P2"
"hubbeca01","Baseball Magazine All-Star",1934,"ML",NA,"P3"
"rowesc01","Baseball Magazine All-Star",1934,"ML",NA,"P4"
"wanerpa01","Baseball Magazine All-Star",1934,"ML",NA,"RF"
"vaughar01","Baseball Magazine All-Star",1934,"ML",NA,"SS"
"terrybi01","Baseball Magazine All-Star",1934,"NL",NA,"1B"
"friscfr01","Baseball Magazine All-Star",1934,"NL",NA,"2B"
"traynpi01","Baseball Magazine All-Star",1934,"NL",NA,"3B"
"hartnga01","Baseball Magazine All-Star",1934,"NL",NA,"C"
"ottme01","Baseball Magazine All-Star",1934,"NL",NA,"CF"
"moorejo02","Baseball Magazine All-Star",1934,"NL",NA,"LF"
"deandi01","Baseball Magazine All-Star",1934,"NL",NA,"P1"
"hubbeca01","Baseball Magazine All-Star",1934,"NL",NA,"P2"
"warnelo01","Baseball Magazine All-Star",1934,"NL",NA,"P3"
"schumha02","Baseball Magazine All-Star",1934,"NL",NA,"P4"
"wanerpa01","Baseball Magazine All-Star",1934,"NL",NA,"RF"
"vaughar01","Baseball Magazine All-Star",1934,"NL",NA,"SS"
"cochrmi01","Most Valuable Player",1934,"AL",NA,NA
"deandi01","Most Valuable Player",1934,"NL",NA,NA
"gomezle01","Pitching Triple Crown",1934,"AL",NA,NA
"gehrilo01","Triple Crown",1934,"AL",NA,NA
"gehrilo01","TSN All-Star",1934,"ML",NA,"1B"
"gehrich01","TSN All-Star",1934,"ML",NA,"2B"
"higgipi01","TSN All-Star",1934,"ML",NA,"3B"
"cochrmi01","TSN All-Star",1934,"ML",NA,"C"
"averiea01","TSN All-Star",1934,"ML",NA,"OF"
"ottme01","TSN All-Star",1934,"ML",NA,"OF"
"simmoal01","TSN All-Star",1934,"ML",NA,"OF"
"deandi01","TSN All-Star",1934,"ML",NA,"P"
"gomezle01","TSN All-Star",1934,"ML",NA,"P"
"rowesc01","TSN All-Star",1934,"ML",NA,"P"
"cronijo01","TSN All-Star",1934,"ML",NA,"SS"
"gehrilo01","TSN Guide MVP",1934,"AL",NA,NA
"deandi01","TSN Guide MVP",1934,"NL",NA,NA
"greenha01","Baseball Magazine All-Star",1935,"AL",NA,"1B"
"gehrich01","Baseball Magazine All-Star",1935,"AL",NA,"2B"
"higgipi01","Baseball Magazine All-Star",1935,"AL",NA,"3B"
"cochrmi01","Baseball Magazine All-Star",1935,"AL",NA,"C"
"cramedo01","Baseball Magazine All-Star",1935,"AL",NA,"CF"
"vosmijo01","Baseball Magazine All-Star",1935,"AL",NA,"LF"
"bridgto01","Baseball Magazine All-Star",1935,"AL",NA,"P1"
"ferrewe01","Baseball Magazine All-Star",1935,"AL",NA,"P2"
"hardeme01","Baseball Magazine All-Star",1935,"AL",NA,"P3"
"grovele01","Baseball Magazine All-Star",1935,"AL",NA,"P4"
"foxpe01","Baseball Magazine All-Star",1935,"AL",NA,"RF"
"cronijo01","Baseball Magazine All-Star",1935,"AL",NA,"SS"
"greenha01","Baseball Magazine All-Star",1935,"ML",NA,"1B"
"gehrich01","Baseball Magazine All-Star",1935,"ML",NA,"2B"
"martipe01","Baseball Magazine All-Star",1935,"ML",NA,"3B"
"cochrmi01","Baseball Magazine All-Star",1935,"ML",NA,"C"
"bergewa01","Baseball Magazine All-Star",1935,"ML",NA,"CF"
"medwijo01","Baseball Magazine All-Star",1935,"ML",NA,"LF"
"deandi01","Baseball Magazine All-Star",1935,"ML",NA,"P1"
"ferrewe01","Baseball Magazine All-Star",1935,"ML",NA,"P2"
"hubbeca01","Baseball Magazine All-Star",1935,"ML",NA,"P3"
"bridgto01","Baseball Magazine All-Star",1935,"ML",NA,"P4"
"ottme01","Baseball Magazine All-Star",1935,"ML",NA,"RF"
"vaughar01","Baseball Magazine All-Star",1935,"ML",NA,"SS"
"terrybi01","Baseball Magazine All-Star",1935,"NL",NA,"1B"
"hermabi01","Baseball Magazine All-Star",1935,"NL",NA,"2B"
"martipe01","Baseball Magazine All-Star",1935,"NL",NA,"3B"
"hartnga01","Baseball Magazine All-Star",1935,"NL",NA,"C"
"bergewa01","Baseball Magazine All-Star",1935,"NL",NA,"CF"
"medwijo01","Baseball Magazine All-Star",1935,"NL",NA,"LF"
"deandi01","Baseball Magazine All-Star",1935,"NL",NA,"P1"
"hubbeca01","Baseball Magazine All-Star",1935,"NL",NA,"P2"
"warnelo01","Baseball Magazine All-Star",1935,"NL",NA,"P3"
"derripa01","Baseball Magazine All-Star",1935,"NL",NA,"P4"
"ottme01","Baseball Magazine All-Star",1935,"NL",NA,"RF"
"vaughar01","Baseball Magazine All-Star",1935,"NL",NA,"SS"
"greenha01","Most Valuable Player",1935,"AL",NA,NA
"hartnga01","Most Valuable Player",1935,"NL",NA,NA
"greenha01","TSN All-Star",1935,"ML",NA,"1B"
"gehrich01","TSN All-Star",1935,"ML",NA,"2B"
"martipe01","TSN All-Star",1935,"ML",NA,"3B"
"cochrmi01","TSN All-Star",1935,"ML",NA,"C"
"cramedo01","TSN All-Star",1935,"ML",NA,"OF"
"medwijo01","TSN All-Star",1935,"ML",NA,"OF"
"ottme01","TSN All-Star",1935,"ML",NA,"OF"
"deandi01","TSN All-Star",1935,"ML",NA,"P"
"hubbeca01","TSN All-Star",1935,"ML",NA,"P"
"vaughar01","TSN All-Star",1935,"ML",NA,"SS"
"greenha01","TSN Guide MVP",1935,"AL",NA,NA
"vaughar01","TSN Guide MVP",1935,"NL",NA,NA
"gehrilo01","Baseball Magazine All-Star",1936,"AL",NA,"1B"
"gehrich01","Baseball Magazine All-Star",1936,"AL",NA,"2B"
"owenma01","Baseball Magazine All-Star",1936,"AL",NA,"3B"
"dickebi01","Baseball Magazine All-Star",1936,"AL",NA,"C"
"averiea01","Baseball Magazine All-Star",1936,"AL",NA,"CF"
"dimagjo01","Baseball Magazine All-Star",1936,"AL",NA,"LF"
"bridgto01","Baseball Magazine All-Star",1936,"AL",NA,"P1"
"kenneve01","Baseball Magazine All-Star",1936,"AL",NA,"P2"
"ferrewe01","Baseball Magazine All-Star",1936,"AL",NA,"P3"
"allenjo02","Baseball Magazine All-Star",1936,"AL",NA,"P4"
"moseswa01","Baseball Magazine All-Star",1936,"AL",NA,"RF"
"applilu01","Baseball Magazine All-Star",1936,"AL",NA,"SS"
"gehrilo01","Baseball Magazine All-Star",1936,"ML",NA,"1B"
"gehrich01","Baseball Magazine All-Star",1936,"ML",NA,"2B"
"hackst01","Baseball Magazine All-Star",1936,"ML",NA,"3B"
"dickebi01","Baseball Magazine All-Star",1936,"ML",NA,"C"
"averiea01","Baseball Magazine All-Star",1936,"ML",NA,"CF"
"dimagjo01","Baseball Magazine All-Star",1936,"ML",NA,"LF"
"hubbeca01","Baseball Magazine All-Star",1936,"ML",NA,"P1"
"deandi01","Baseball Magazine All-Star",1936,"ML",NA,"P2"
"bridgto01","Baseball Magazine All-Star",1936,"ML",NA,"P3"
"kenneve01","Baseball Magazine All-Star",1936,"ML",NA,"P4"
"wanerpa01","Baseball Magazine All-Star",1936,"ML",NA,"RF"
"applilu01","Baseball Magazine All-Star",1936,"ML",NA,"SS"
"suhrgu01","Baseball Magazine All-Star",1936,"NL",NA,"1B"
"hermabi01","Baseball Magazine All-Star",1936,"NL",NA,"2B"
"hackst01","Baseball Magazine All-Star",1936,"NL",NA,"3B"
"hartnga01","Baseball Magazine All-Star",1936,"NL",NA,"C"
"cuyleki01","Baseball Magazine All-Star",1936,"NL",NA,"CF"
"aaronha01","TSN Player of the Year",1963,"NL",NA,NA
"koufasa01","World Series MVP",1963,"ML",NA,NA
"callijo01","All-Star Game MVP",1964,"ML",NA,NA
"gibsobo01","Babe Ruth Award",1964,"NL",NA,"P"
"chancde01","Cy Young Award",1964,"ML",NA,NA
"powervi01","Gold Glove",1964,"AL",NA,"1B"
"richabo01","Gold Glove",1964,"AL",NA,"2B"
"robinbr01","Gold Glove",1964,"AL",NA,"3B"
"howarel01","Gold Glove",1964,"AL",NA,"C"
"davalvi01","Gold Glove",1964,"AL",NA,"OF"
"kalinal01","Gold Glove",1964,"AL",NA,"OF"
"landiji01","Gold Glove",1964,"AL",NA,"OF"
"kaatji01","Gold Glove",1964,"AL",NA,"P"
"aparilu01","Gold Glove",1964,"AL",NA,"SS"
"whitebi03","Gold Glove",1964,"NL",NA,"1B"
"mazerbi01","Gold Glove",1964,"NL",NA,"2B"
"santoro01","Gold Glove",1964,"NL",NA,"3B"
"edwarjo01","Gold Glove",1964,"NL",NA,"C"
"clemero01","Gold Glove",1964,"NL",NA,"OF"
"floodcu01","Gold Glove",1964,"NL",NA,"OF"
"mayswi01","Gold Glove",1964,"NL",NA,"OF"
"shantbo01","Gold Glove",1964,"NL",NA,"P"
"amaroru01","Gold Glove",1964,"NL",NA,"SS"
"boyerke01","Lou Gehrig Memorial Award",1964,"ML",NA,NA
"robinbr01","Most Valuable Player",1964,"AL",NA,NA
"boyerke01","Most Valuable Player",1964,"NL",NA,NA
"olivato01","Rookie of the Year",1964,"AL",NA,NA
"allendi01","Rookie of the Year",1964,"NL",NA,NA
"stuardi01","TSN All-Star",1964,"AL",NA,"1B"
"richabo01","TSN All-Star",1964,"AL",NA,"2B"
"robinbr01","TSN All-Star",1964,"AL",NA,"3B"
"howarel01","TSN All-Star",1964,"AL",NA,"C"
"killeha01","TSN All-Star",1964,"AL",NA,"OF"
"mantlmi01","TSN All-Star",1964,"AL",NA,"OF"
"olivato01","TSN All-Star",1964,"AL",NA,"OF"
"chancde01","TSN All-Star",1964,"AL",NA,"P"
"peterga01","TSN All-Star",1964,"AL",NA,"P"
"fregoji01","TSN All-Star",1964,"AL",NA,"SS"
"whitebi03","TSN All-Star",1964,"NL",NA,"1B"
"huntro01","TSN All-Star",1964,"NL",NA,"2B"
"boyerke01","TSN All-Star",1964,"NL",NA,"3B"
"torrejo01","TSN All-Star",1964,"NL",NA,"C"
"clemero01","TSN All-Star",1964,"NL",NA,"OF"
"mayswi01","TSN All-Star",1964,"NL",NA,"OF"
"willibi01","TSN All-Star",1964,"NL",NA,"OF"
"bunniji01","TSN All-Star",1964,"NL",NA,"P"
"koufasa01","TSN All-Star",1964,"NL",NA,"P"
"groatdi01","TSN All-Star",1964,"NL",NA,"SS"
"radatdi01","TSN Fireman of the Year",1964,"AL",NA,NA
"mcbeaal01","TSN Fireman of the Year",1964,"NL",NA,NA
"boyerke01","TSN Major League Player of the Year",1964,"ML",NA,NA
"chancde01","TSN Pitcher of the Year",1964,"AL",NA,NA
"koufasa01","TSN Pitcher of the Year",1964,"NL",NA,NA
"robinbr01","TSN Player of the Year",1964,"AL",NA,NA
"boyerke01","TSN Player of the Year",1964,"NL",NA,NA
"gibsobo01","World Series MVP",1964,"ML",NA,NA
"maricju01","All-Star Game MVP",1965,"ML",NA,NA
"koufasa01","Babe Ruth Award",1965,"NL",NA,"P"
"koufasa01","Cy Young Award",1965,"ML",NA,NA
"pepitjo01","Gold Glove",1965,"AL",NA,"1B"
"richabo01","Gold Glove",1965,"AL",NA,"2B"
"robinbr01","Gold Glove",1965,"AL",NA,"3B"
"freehbi01","Gold Glove",1965,"AL",NA,"C"
"kalinal01","Gold Glove",1965,"AL",NA,"OF"
"treshto01","Gold Glove",1965,"AL",NA,"OF"
"yastrca01","Gold Glove",1965,"AL",NA,"OF"
"kaatji01","Gold Glove",1965,"AL",NA,"P"
"versazo01","Gold Glove",1965,"AL",NA,"SS"
"whitebi03","Gold Glove",1965,"NL",NA,"1B"
"mazerbi01","Gold Glove",1965,"NL",NA,"2B"
"santoro01","Gold Glove",1965,"NL",NA,"3B"
"torrejo01","Gold Glove",1965,"NL",NA,"C"
"clemero01","Gold Glove",1965,"NL",NA,"OF"
"floodcu01","Gold Glove",1965,"NL",NA,"OF"
"mayswi01","Gold Glove",1965,"NL",NA,"OF"
"gibsobo01","Gold Glove",1965,"NL",NA,"P"
"cardele01","Gold Glove",1965,"NL",NA,"SS"
"mantlmi01","Hutch Award",1965,"ML",NA,NA
"lawve01","Lou Gehrig Memorial Award",1965,"ML",NA,NA
"versazo01","Most Valuable Player",1965,"AL",NA,NA
"mayswi01","Most Valuable Player",1965,"NL",NA,NA
"koufasa01","Pitching Triple Crown",1965,"NL",NA,NA
"blefacu01","Rookie of the Year",1965,"AL",NA,NA
"lefebji01","Rookie of the Year",1965,"NL",NA,NA
"whitffr01","TSN All-Star",1965,"AL",NA,"1B"
"richabo01","TSN All-Star",1965,"AL",NA,"2B"
"robinbr01","TSN All-Star",1965,"AL",NA,"3B"
"batteea01","TSN All-Star",1965,"AL",NA,"C"
"hallji02","TSN All-Star",1965,"AL",NA,"OF"
"olivato01","TSN All-Star",1965,"AL",NA,"OF"
"yastrca01","TSN All-Star",1965,"AL",NA,"OF"
"grantmu01","TSN All-Star",1965,"AL",NA,"P"
"stottme01","TSN All-Star",1965,"AL",NA,"P"
"versazo01","TSN All-Star",1965,"AL",NA,"SS"
"mccovwi01","TSN All-Star",1965,"NL",NA,"1B"
"rosepe01","TSN All-Star",1965,"NL",NA,"2B"
"johnsde01","TSN All-Star",1965,"NL",NA,"3B"
"torrejo01","TSN All-Star",1965,"NL",NA,"C"
"aaronha01","TSN All-Star",1965,"NL",NA,"OF"
"mayswi01","TSN All-Star",1965,"NL",NA,"OF"
"stargwi01","TSN All-Star",1965,"NL",NA,"OF"
"koufasa01","TSN All-Star",1965,"NL",NA,"P"
"maricju01","TSN All-Star",1965,"NL",NA,"P"
"willsma01","TSN All-Star",1965,"NL",NA,"SS"
"fisheed02","TSN Fireman of the Year",1965,"AL",NA,NA
"abernte02","TSN Fireman of the Year",1965,"NL",NA,NA
"koufasa01","TSN Major League Player of the Year",1965,"ML",NA,NA
"grantmu01","TSN Pitcher of the Year",1965,"AL",NA,NA
"koufasa01","TSN Pitcher of the Year",1965,"NL",NA,NA
"olivato01","TSN Player of the Year",1965,"AL",NA,NA
"mayswi01","TSN Player of the Year",1965,"NL",NA,NA
"koufasa01","World Series MVP",1965,"ML",NA,NA
"robinbr01","All-Star Game MVP",1966,"ML",NA,NA
"robinfr02","Babe Ruth Award",1966,"AL",NA,"OF"
"koufasa01","Cy Young Award",1966,"ML",NA,NA
"pepitjo01","Gold Glove",1966,"AL",NA,"1B"
"knoopbo01","Gold Glove",1966,"AL",NA,"2B"
"robinbr01","Gold Glove",1966,"AL",NA,"3B"
"freehbi01","Gold Glove",1966,"AL",NA,"C"
"ageeto01","Gold Glove",1966,"AL",NA,"OF"
"kalinal01","Gold Glove",1966,"AL",NA,"OF"
"olivato01","Gold Glove",1966,"AL",NA,"OF"
"kaatji01","Gold Glove",1966,"AL",NA,"P"
"aparilu01","Gold Glove",1966,"AL",NA,"SS"
"whitebi03","Gold Glove",1966,"NL",NA,"1B"
"mazerbi01","Gold Glove",1966,"NL",NA,"2B"
"santoro01","Gold Glove",1966,"NL",NA,"3B"
"rosebjo01","Gold Glove",1966,"NL",NA,"C"
"clemero01","Gold Glove",1966,"NL",NA,"OF"
"floodcu01","Gold Glove",1966,"NL",NA,"OF"
"mayswi01","Gold Glove",1966,"NL",NA,"OF"
"gibsobo01","Gold Glove",1966,"NL",NA,"P"
"alleyge01","Gold Glove",1966,"NL",NA,"SS"
"koufasa01","Hutch Award",1966,"ML",NA,NA
"robinbr01","Lou Gehrig Memorial Award",1966,"ML",NA,NA
"robinfr02","Most Valuable Player",1966,"AL",NA,NA
"clemero01","Most Valuable Player",1966,"NL",NA,NA
"koufasa01","Pitching Triple Crown",1966,"NL",NA,NA
"ageeto01","Rookie of the Year",1966,"AL",NA,NA
"helmsto01","Rookie of the Year",1966,"NL",NA,NA
"robinfr02","Triple Crown",1966,"AL",NA,NA
"powelbo01","TSN All-Star",1966,"AL",NA,"1B"
"richabo01","TSN All-Star",1966,"AL",NA,"2B"
"robinbr01","TSN All-Star",1966,"AL",NA,"3B"
"casanpa01","TSN All-Star",1966,"AL",NA,"C"
"kalinal01","TSN All-Star",1966,"AL",NA,"OF"
"olivato01","TSN All-Star",1966,"AL",NA,"OF"
"robinfr02","TSN All-Star",1966,"AL",NA,"OF"
"kaatji01","TSN All-Star",1966,"AL",NA,"P"
"wilsoea01","TSN All-Star",1966,"AL",NA,"P"
"aparilu01","TSN All-Star",1966,"AL",NA,"SS"
"aloufe01","TSN All-Star",1966,"NL",NA,"1B"
"rosepe01","TSN All-Star",1966,"NL",NA,"2B"
"santoro01","TSN All-Star",1966,"NL",NA,"3B"
"torrejo01","TSN All-Star",1966,"NL",NA,"C"
"clemero01","TSN All-Star",1966,"NL",NA,"OF"
"mayswi01","TSN All-Star",1966,"NL",NA,"OF"
"stargwi01","TSN All-Star",1966,"NL",NA,"OF"
"koufasa01","TSN All-Star",1966,"NL",NA,"P"
"maricju01","TSN All-Star",1966,"NL",NA,"P"
"alleyge01","TSN All-Star",1966,"NL",NA,"SS"
"akerja01","TSN Fireman of the Year",1966,"AL",NA,NA
"reganph01","TSN Fireman of the Year",1966,"NL",NA,NA
"robinfr02","TSN Major League Player of the Year",1966,"ML",NA,NA
"kaatji01","TSN Pitcher of the Year",1966,"AL",NA,NA
"koufasa01","TSN Pitcher of the Year",1966,"NL",NA,NA
"robinfr02","TSN Player of the Year",1966,"AL",NA,NA
"clemero01","TSN Player of the Year",1966,"NL",NA,NA
"robinfr02","World Series MVP",1966,"ML",NA,NA
"perezto01","All-Star Game MVP",1967,"ML",NA,NA
"brocklo01","Babe Ruth Award",1967,"NL",NA,"OF"
"lonboji01","Cy Young Award",1967,"AL",NA,NA
"mccormi03","Cy Young Award",1967,"NL",NA,NA
"scottge02","Gold Glove",1967,"AL",NA,"1B"
"knoopbo01","Gold Glove",1967,"AL",NA,"2B"
"robinbr01","Gold Glove",1967,"AL",NA,"3B"
"freehbi01","Gold Glove",1967,"AL",NA,"C"
"blairpa01","Gold Glove",1967,"AL",NA,"OF"
"kalinal01","Gold Glove",1967,"AL",NA,"OF"
"yastrca01","Gold Glove",1967,"AL",NA,"OF"
"kaatji01","Gold Glove",1967,"AL",NA,"P"
"fregoji01","Gold Glove",1967,"AL",NA,"SS"
"parkewe01","Gold Glove",1967,"NL",NA,"1B"
"mazerbi01","Gold Glove",1967,"NL",NA,"2B"
"santoro01","Gold Glove",1967,"NL",NA,"3B"
"hundlra01","Gold Glove",1967,"NL",NA,"C"
"clemero01","Gold Glove",1967,"NL",NA,"OF"
"floodcu01","Gold Glove",1967,"NL",NA,"OF"
"mayswi01","Gold Glove",1967,"NL",NA,"OF"
"gibsobo01","Gold Glove",1967,"NL",NA,"P"
"alleyge01","Gold Glove",1967,"NL",NA,"SS"
"yastrca01","Hutch Award",1967,"ML",NA,NA
"bankser01","Lou Gehrig Memorial Award",1967,"ML",NA,NA
"yastrca01","Most Valuable Player",1967,"AL",NA,NA
"cepedor01","Most Valuable Player",1967,"NL",NA,NA
"carewro01","Rookie of the Year",1967,"AL",NA,NA
"seaveto01","Rookie of the Year",1967,"NL",NA,NA
"yastrca01","Triple Crown",1967,"AL",NA,NA
"killeha01","TSN All-Star",1967,"AL",NA,"1B"
"carewro01","TSN All-Star",1967,"AL",NA,"2B"
"robinbr01","TSN All-Star",1967,"AL",NA,"3B"
"freehbi01","TSN All-Star",1967,"AL",NA,"C"
"kalinal01","TSN All-Star",1967,"AL",NA,"OF"
"robinfr02","TSN All-Star",1967,"AL",NA,"OF"
"yastrca01","TSN All-Star",1967,"AL",NA,"OF"
"lonboji01","TSN All-Star",1967,"AL",NA,"P"
"wilsoea01","TSN All-Star",1967,"AL",NA,"P"
"fregoji01","TSN All-Star",1967,"AL",NA,"SS"
"cepedor01","TSN All-Star",1967,"NL",NA,"1B"
"mazerbi01","TSN All-Star",1967,"NL",NA,"2B"
"santoro01","TSN All-Star",1967,"NL",NA,"3B"
"mccarti01","TSN All-Star",1967,"NL",NA,"C"
"aaronha01","TSN All-Star",1967,"NL",NA,"OF"
"clemero01","TSN All-Star",1967,"NL",NA,"OF"
"wynnji01","TSN All-Star",1967,"NL",NA,"OF"
"jenkife01","TSN All-Star",1967,"NL",NA,"P"
"mccormi03","TSN All-Star",1967,"NL",NA,"P"
"alleyge01","TSN All-Star",1967,"NL",NA,"SS"
"rojasmi01","TSN Fireman of the Year",1967,"AL",NA,NA
"abernte02","TSN Fireman of the Year",1967,"NL",NA,NA
"yastrca01","TSN Major League Player of the Year",1967,"ML",NA,NA
"lonboji01","TSN Pitcher of the Year",1967,"AL",NA,NA
"mccormi03","TSN Pitcher of the Year",1967,"NL",NA,NA
"yastrca01","TSN Player of the Year",1967,"AL",NA,NA
"cepedor01","TSN Player of the Year",1967,"NL",NA,NA
"gibsobo01","World Series MVP",1967,"ML",NA,NA
"mayswi01","All-Star Game MVP",1968,"ML",NA,NA
"lolicmi01","Babe Ruth Award",1968,"AL",NA,"P"
"mclaide01","Cy Young Award",1968,"AL",NA,NA
"gibsobo01","Cy Young Award",1968,"NL",NA,NA
"scottge02","Gold Glove",1968,"AL",NA,"1B"
"knoopbo01","Gold Glove",1968,"AL",NA,"2B"
"robinbr01","Gold Glove",1968,"AL",NA,"3B"
"freehbi01","Gold Glove",1968,"AL",NA,"C"
"smithre06","Gold Glove",1968,"AL",NA,"OF"
"stanlmi01","Gold Glove",1968,"AL",NA,"OF"
"yastrca01","Gold Glove",1968,"AL",NA,"OF"
"kaatji01","Gold Glove",1968,"AL",NA,"P"
"aparilu01","Gold Glove",1968,"AL",NA,"SS"
"parkewe01","Gold Glove",1968,"NL",NA,"1B"
"beckegl01","Gold Glove",1968,"NL",NA,"2B"
"santoro01","Gold Glove",1968,"NL",NA,"3B"
"benchjo01","Gold Glove",1968,"NL",NA,"C"
"clemero01","Gold Glove",1968,"NL",NA,"OF"
"floodcu01","Gold Glove",1968,"NL",NA,"OF"
"mayswi01","Gold Glove",1968,"NL",NA,"OF"
"gibsobo01","Gold Glove",1968,"NL",NA,"P"
"maxvida01","Gold Glove",1968,"NL",NA,"SS"
"rosepe01","Hutch Award",1968,"ML",NA,NA
"kalinal01","Lou Gehrig Memorial Award",1968,"ML",NA,NA
"mclaide01","Most Valuable Player",1968,"AL",NA,NA
"gibsobo01","Most Valuable Player",1968,"NL",NA,NA
"bahnsst01","Rookie of the Year",1968,"AL",NA,NA
"benchjo01","Rookie of the Year",1968,"NL",NA,NA
"powelbo01","TSN All-Star",1968,"AL",NA,"1B"
"carewro01","TSN All-Star",1968,"AL",NA,"2B"
"robinbr01","TSN All-Star",1968,"AL",NA,"3B"
"freehbi01","TSN All-Star",1968,"AL",NA,"C"
"harreke01","TSN All-Star",1968,"AL",NA,"OF"
"hortowi01","TSN All-Star",1968,"AL",NA,"OF"
"howarfr01","TSN All-Star",1968,"AL",NA,"OF"
"mclaide01","TSN All-Star",1968,"AL",NA,"P"
"mcnalda01","TSN All-Star",1968,"AL",NA,"P"
"aparilu01","TSN All-Star",1968,"AL",NA,"SS"
"mccovwi01","TSN All-Star",1968,"NL",NA,"1B"
"helmsto01","TSN All-Star",1968,"NL",NA,"2B"
"santoro01","TSN All-Star",1968,"NL",NA,"3B"
"benchjo01","TSN All-Star",1968,"NL",NA,"C"
"floodcu01","TSN All-Star",1968,"NL",NA,"OF"
"rosepe01","TSN All-Star",1968,"NL",NA,"OF"
"willibi01","TSN All-Star",1968,"NL",NA,"OF"
"gibsobo01","TSN All-Star",1968,"NL",NA,"P"
"maricju01","TSN All-Star",1968,"NL",NA,"P"
"kessido01","TSN All-Star",1968,"NL",NA,"SS"
"woodwi01","TSN Fireman of the Year",1968,"AL",NA,NA
"reganph01","TSN Fireman of the Year",1968,"NL",NA,NA
"mclaide01","TSN Major League Player of the Year",1968,"ML",NA,NA
"mclaide01","TSN Pitcher of the Year",1968,"AL",NA,NA
"gibsobo01","TSN Pitcher of the Year",1968,"NL",NA,NA
"harreke01","TSN Player of the Year",1968,"AL",NA,NA
"rosepe01","TSN Player of the Year",1968,"NL",NA,NA
"lolicmi01","World Series MVP",1968,"ML",NA,NA
"mccovwi01","All-Star Game MVP",1969,"ML",NA,NA
"weisal01","Babe Ruth Award",1969,"NL",NA,"SS"
"cuellmi01","Cy Young Award",1969,"AL","Y",NA
"mclaide01","Cy Young Award",1969,"AL","Y",NA
"seaveto01","Cy Young Award",1969,"NL",NA,NA
"pepitjo01","Gold Glove",1969,"AL",NA,"1B"
"johnsda02","Gold Glove",1969,"AL",NA,"2B"
"robinbr01","Gold Glove",1969,"AL",NA,"3B"
"freehbi01","Gold Glove",1969,"AL",NA,"C"
"blairpa01","Gold Glove",1969,"AL",NA,"OF"
"stanlmi01","Gold Glove",1969,"AL",NA,"OF"
"yastrca01","Gold Glove",1969,"AL",NA,"OF"
"kaatji01","Gold Glove",1969,"AL",NA,"P"
"belanma01","Gold Glove",1969,"AL",NA,"SS"
"parkewe01","Gold Glove",1969,"NL",NA,"1B"
"millafe01","Gold Glove",1969,"NL",NA,"2B"
"boyercl02","Gold Glove",1969,"NL",NA,"3B"
"benchjo01","Gold Glove",1969,"NL",NA,"C"
"clemero01","Gold Glove",1969,"NL",NA,"OF"
"floodcu01","Gold Glove",1969,"NL",NA,"OF"
"rosepe01","Gold Glove",1969,"NL",NA,"OF"
"gibsobo01","Gold Glove",1969,"NL",NA,"P"
"kessido01","Gold Glove",1969,"NL",NA,"SS"
"kalinal01","Hutch Award",1969,"ML",NA,NA
"rosepe01","Lou Gehrig Memorial Award",1969,"ML",NA,NA
"killeha01","Most Valuable Player",1969,"AL",NA,NA
"mccovwi01","Most Valuable Player",1969,"NL",NA,NA
"pinielo01","Rookie of the Year",1969,"AL",NA,NA
"sizemte01","Rookie of the Year",1969,"NL",NA,NA
"powelbo01","TSN All-Star",1969,"AL",NA,"1B"
"carewro01","TSN All-Star",1969,"AL",NA,"2B"
"killeha01","TSN All-Star",1969,"AL",NA,"3B"
"freehbi01","TSN All-Star",1969,"AL",NA,"C"
"cuellmi01","TSN All-Star",1969,"AL",NA,"LHP"
"blairpa01","TSN All-Star",1969,"AL",NA,"OF"
"howarfr01","TSN All-Star",1969,"AL",NA,"OF"
"jacksre01","TSN All-Star",1969,"AL",NA,"OF"
"mclaide01","TSN All-Star",1969,"AL",NA,"RHP"
"petrori01","TSN All-Star",1969,"AL",NA,"SS"
"mccovwi01","TSN All-Star",1969,"NL",NA,"1B"
"beckegl01","TSN All-Star",1969,"NL",NA,"2B"
"santoro01","TSN All-Star",1969,"NL",NA,"3B"
"benchjo01","TSN All-Star",1969,"NL",NA,"C"
"carltst01","TSN All-Star",1969,"NL",NA,"LHP"
"aaronha01","TSN All-Star",1969,"NL",NA,"OF"
"alouma01","TSN All-Star",1969,"NL",NA,"OF"
"jonescl01","TSN All-Star",1969,"NL",NA,"OF"
"seaveto01","TSN All-Star",1969,"NL",NA,"RHP"
"kessido01","TSN All-Star",1969,"NL",NA,"SS"
"perraro01","TSN Fireman of the Year",1969,"AL",NA,NA
"grangwa01","TSN Fireman of the Year",1969,"NL",NA,NA
"mccovwi01","TSN Major League Player of the Year",1969,"ML",NA,NA
"mclaide01","TSN Pitcher of the Year",1969,"AL",NA,NA
"seaveto01","TSN Pitcher of the Year",1969,"NL",NA,NA
"killeha01","TSN Player of the Year",1969,"AL",NA,NA
"mccovwi01","TSN Player of the Year",1969,"NL",NA,NA
"clenddo01","World Series MVP",1969,"ML",NA,NA
"yastrca01","All-Star Game MVP",1970,"ML",NA,NA
"robinbr01","Babe Ruth Award",1970,"AL",NA,"3B"
"perryji01","Cy Young Award",1970,"AL",NA,NA
"gibsobo01","Cy Young Award",1970,"NL",NA,NA
"spencji01","Gold Glove",1970,"AL",NA,"1B"
"johnsda02","Gold Glove",1970,"AL",NA,"2B"
"robinbr01","Gold Glove",1970,"AL",NA,"3B"
"fossera01","Gold Glove",1970,"AL",NA,"C"
"berryke01","Gold Glove",1970,"AL",NA,"OF"
"blairpa01","Gold Glove",1970,"AL",NA,"OF"
"stanlmi01","Gold Glove",1970,"AL",NA,"OF"
"kaatji01","Gold Glove",1970,"AL",NA,"P"
"aparilu01","Gold Glove",1970,"AL",NA,"SS"
"parkewe01","Gold Glove",1970,"NL",NA,"1B"
"helmsto01","Gold Glove",1970,"NL",NA,"2B"
"raderdo02","Gold Glove",1970,"NL",NA,"3B"
"benchjo01","Gold Glove",1970,"NL",NA,"C"
"ageeto01","Gold Glove",1970,"NL",NA,"OF"
"clemero01","Gold Glove",1970,"NL",NA,"OF"
"rosepe01","Gold Glove",1970,"NL",NA,"OF"
"gibsobo01","Gold Glove",1970,"NL",NA,"P"
"kessido01","Gold Glove",1970,"NL",NA,"SS"
"conigto01","Hutch Award",1970,"ML",NA,NA
"aaronha01","Lou Gehrig Memorial Award",1970,"ML",NA,NA
"powelbo01","Most Valuable Player",1970,"AL",NA,NA
"benchjo01","Most Valuable Player",1970,"NL",NA,NA
"munsoth01","Rookie of the Year",1970,"AL",NA,NA
"mortoca01","Rookie of the Year",1970,"NL",NA,NA
"powelbo01","TSN All-Star",1970,"AL",NA,"1B"
"johnsda02","TSN All-Star",1970,"AL",NA,"2B"
"killeha01","TSN All-Star",1970,"AL",NA,"3B"
"fossera01","TSN All-Star",1970,"AL",NA,"C"
"mcdowsa01","TSN All-Star",1970,"AL",NA,"LHP"
"howarfr01","TSN All-Star",1970,"AL",NA,"OF"
"olivato01","TSN All-Star",1970,"AL",NA,"OF"
"smithre06","TSN All-Star",1970,"AL",NA,"OF"
"perryji01","TSN All-Star",1970,"AL",NA,"RHP"
"aparilu01","TSN All-Star",1970,"AL",NA,"SS"
"mccovwi01","TSN All-Star",1970,"NL",NA,"1B"
"beckegl01","TSN All-Star",1970,"NL",NA,"2B"
"perezto01","TSN All-Star",1970,"NL",NA,"3B"
"benchjo01","TSN All-Star",1970,"NL",NA,"C"
"merriji01","TSN All-Star",1970,"NL",NA,"LHP"
"aaronha01","TSN All-Star",1970,"NL",NA,"OF"
"tolanbo01","TSN All-Star",1970,"NL",NA,"OF"
"willibi01","TSN All-Star",1970,"NL",NA,"OF"
"gibsobo01","TSN All-Star",1970,"NL",NA,"RHP"
"kessido01","TSN All-Star",1970,"NL",NA,"SS"
"perraro01","TSN Fireman of the Year",1970,"AL",NA,NA
"grangwa01","TSN Fireman of the Year",1970,"NL",NA,NA
"benchjo01","TSN Major League Player of the Year",1970,"ML",NA,NA
"mcdowsa01","TSN Pitcher of the Year",1970,"AL",NA,NA
"gibsobo01","TSN Pitcher of the Year",1970,"NL",NA,NA
"killeha01","TSN Player of the Year",1970,"AL",NA,NA
"benchjo01","TSN Player of the Year",1970,"NL",NA,NA
"robinbr01","World Series MVP",1970,"ML",NA,NA
"robinfr02","All-Star Game MVP",1971,"ML",NA,NA
"clemero01","Babe Ruth Award",1971,"NL",NA,"OF"
"bluevi01","Cy Young Award",1971,"AL",NA,NA
"jenkife01","Cy Young Award",1971,"NL",NA,NA
"scottge02","Gold Glove",1971,"AL",NA,"1B"
"johnsda02","Gold Glove",1971,"AL",NA,"2B"
"robinbr01","Gold Glove",1971,"AL",NA,"3B"
"fossera01","Gold Glove",1971,"AL",NA,"C"
"blairpa01","Gold Glove",1971,"AL",NA,"OF"
"otisam01","Gold Glove",1971,"AL",NA,"OF"
"yastrca01","Gold Glove",1971,"AL",NA,"OF"
"kaatji01","Gold Glove",1971,"AL",NA,"P"
"belanma01","Gold Glove",1971,"AL",NA,"SS"
"parkewe01","Gold Glove",1971,"NL",NA,"1B"
"helmsto01","Gold Glove",1971,"NL",NA,"2B"
"raderdo02","Gold Glove",1971,"NL",NA,"3B"
"benchjo01","Gold Glove",1971,"NL",NA,"C"
"bondsbo01","Gold Glove",1971,"NL",NA,"OF"
"clemero01","Gold Glove",1971,"NL",NA,"OF"
"daviswi02","Gold Glove",1971,"NL",NA,"OF"
"gibsobo01","Gold Glove",1971,"NL",NA,"P"
"harrebu01","Gold Glove",1971,"NL",NA,"SS"
"torrejo01","Hutch Award",1971,"ML",NA,NA
"killeha01","Lou Gehrig Memorial Award",1971,"ML",NA,NA
"bluevi01","Most Valuable Player",1971,"AL",NA,NA
"torrejo01","Most Valuable Player",1971,"NL",NA,NA
"mayswi01","Roberto Clemente Award",1971,"ML",NA,NA
"chambch01","Rookie of the Year",1971,"AL",NA,NA
"williea02","Rookie of the Year",1971,"NL",NA,NA
"cashno01","TSN All-Star",1971,"AL",NA,"1B"
"rojasco01","TSN All-Star",1971,"AL",NA,"2B"
"robinbr01","TSN All-Star",1971,"AL",NA,"3B"
"freehbi01","TSN All-Star",1971,"AL",NA,"C"
"bluevi01","TSN All-Star",1971,"AL",NA,"LHP"
"murcebo01","TSN All-Star",1971,"AL",NA,"OF"
"olivato01","TSN All-Star",1971,"AL",NA,"OF"
"retteme01","TSN All-Star",1971,"AL",NA,"OF"
"palmeji01","TSN All-Star",1971,"AL",NA,"RHP"
"cardele01","TSN All-Star",1971,"AL",NA,"SS"
"mayle01","TSN All-Star",1971,"NL",NA,"1B"
"beckegl01","TSN All-Star",1971,"NL",NA,"2B"
"torrejo01","TSN All-Star",1971,"NL",NA,"3B"
"sanguma01","TSN All-Star",1971,"NL",NA,"C"
"carltst01","TSN All-Star",1971,"NL",NA,"LHP"
"aaronha01","TSN All-Star",1971,"NL",NA,"OF"
"daviswi02","TSN All-Star",1971,"NL",NA,"OF"
"stargwi01","TSN All-Star",1971,"NL",NA,"OF"
"jenkife01","TSN All-Star",1971,"NL",NA,"RHP"
"harrebu01","TSN All-Star",1971,"NL",NA,"SS"
"sandeke01","TSN Fireman of the Year",1971,"AL",NA,NA
"giustda01","TSN Fireman of the Year",1971,"NL",NA,NA
"torrejo01","TSN Major League Player of the Year",1971,"ML",NA,NA
"bluevi01","TSN Pitcher of the Year",1971,"AL",NA,NA
"jenkife01","TSN Pitcher of the Year",1971,"NL",NA,NA
"olivato01","TSN Player of the Year",1971,"AL",NA,NA
"torrejo01","TSN Player of the Year",1971,"NL",NA,NA
"clemero01","World Series MVP",1971,"ML",NA,NA
"morgajo02","All-Star Game MVP",1972,"ML",NA,NA
"tenacge01","Babe Ruth Award",1972,"AL",NA,"C"
"perryga01","Cy Young Award",1972,"AL",NA,NA
"carltst01","Cy Young Award",1972,"NL",NA,NA
"scottge02","Gold Glove",1972,"AL",NA,"1B"
"griffdo01","Gold Glove",1972,"AL",NA,"2B"
"robinbr01","Gold Glove",1972,"AL",NA,"3B"
"fiskca01","Gold Glove",1972,"AL",NA,"C"
"berryke01","Gold Glove",1972,"AL",NA,"OF"
"blairpa01","Gold Glove",1972,"AL",NA,"OF"
"murcebo01","Gold Glove",1972,"AL",NA,"OF"
"kaatji01","Gold Glove",1972,"AL",NA,"P"
"brinked01","Gold Glove",1972,"AL",NA,"SS"
"parkewe01","Gold Glove",1972,"NL",NA,"1B"
"millafe01","Gold Glove",1972,"NL",NA,"2B"
"raderdo02","Gold Glove",1972,"NL",NA,"3B"
"benchjo01","Gold Glove",1972,"NL",NA,"C"
"cedence01","Gold Glove",1972,"NL",NA,"OF"
"clemero01","Gold Glove",1972,"NL",NA,"OF"
"daviswi02","Gold Glove",1972,"NL",NA,"OF"
"gibsobo01","Gold Glove",1972,"NL",NA,"P"
"bowala01","Gold Glove",1972,"NL",NA,"SS"
"tolanbo01","Hutch Award",1972,"ML",NA,NA
"parkewe01","Lou Gehrig Memorial Award",1972,"ML",NA,NA
"allendi01","Most Valuable Player",1972,"AL",NA,NA
"benchjo01","Most Valuable Player",1972,"NL",NA,NA
"carltst01","Pitching Triple Crown",1972,"NL",NA,NA
"robinbr01","Roberto Clemente Award",1972,"ML",NA,NA
"fiskca01","Rookie of the Year",1972,"AL",NA,NA
"matlajo01","Rookie of the Year",1972,"NL",NA,NA
"allendi01","TSN All-Star",1972,"AL",NA,"1B"
"carewro01","TSN All-Star",1972,"AL",NA,"2B"
"robinbr01","TSN All-Star",1972,"AL",NA,"3B"
"fiskca01","TSN All-Star",1972,"AL",NA,"C"
"woodwi01","TSN All-Star",1972,"AL",NA,"LHP"
"murcebo01","TSN All-Star",1972,"AL",NA,"OF"
"rudijo01","TSN All-Star",1972,"AL",NA,"OF"
"scheiri01","TSN All-Star",1972,"AL",NA,"OF"
"perryga01","TSN All-Star",1972,"AL",NA,"RHP"
"aparilu01","TSN All-Star",1972,"AL",NA,"SS"
"stargwi01","TSN All-Star",1972,"NL",NA,"1B"
"morgajo02","TSN All-Star",1972,"NL",NA,"2B"
"santoro01","TSN All-Star",1972,"NL",NA,"3B"
"benchjo01","TSN All-Star",1972,"NL",NA,"C"
"carltst01","TSN All-Star",1972,"NL",NA,"LHP"
"cedence01","TSN All-Star",1972,"NL",NA,"OF"
"clemero01","TSN All-Star",1972,"NL",NA,"OF"
"willibi01","TSN All-Star",1972,"NL",NA,"OF"
"jenkife01","TSN All-Star",1972,"NL",NA,"RHP"
"speiech01","TSN All-Star",1972,"NL",NA,"SS"
"lylesp01","TSN Fireman of the Year",1972,"AL",NA,NA
"carrocl02","TSN Fireman of the Year",1972,"NL",NA,NA
"willibi01","TSN Major League Player of the Year",1972,"ML",NA,NA
"woodwi01","TSN Pitcher of the Year",1972,"AL",NA,NA
"carltst01","TSN Pitcher of the Year",1972,"NL",NA,NA
"allendi01","TSN Player of the Year",1972,"AL",NA,NA
"willibi01","TSN Player of the Year",1972,"NL",NA,NA
"tenacge01","World Series MVP",1972,"ML",NA,NA
"bondsbo01","All-Star Game MVP",1973,"ML",NA,NA
"campabe01","Babe Ruth Award",1973,"AL",NA,"SS"
"palmeji01","Cy Young Award",1973,"AL",NA,NA
"seaveto01","Cy Young Award",1973,"NL",NA,NA
"scottge02","Gold Glove",1973,"AL",NA,"1B"
"grichbo01","Gold Glove",1973,"AL",NA,"2B"
"robinbr01","Gold Glove",1973,"AL",NA,"3B"
"munsoth01","Gold Glove",1973,"AL",NA,"C"
"blairpa01","Gold Glove",1973,"AL",NA,"OF"
"otisam01","Gold Glove",1973,"AL",NA,"OF"
"stanlmi01","Gold Glove",1973,"AL",NA,"OF"
"kaatji01","Gold Glove",1973,"AL",NA,"P"
"belanma01","Gold Glove",1973,"AL",NA,"SS"
"jorgemi01","Gold Glove",1973,"NL",NA,"1B"
"morgajo02","Gold Glove",1973,"NL",NA,"2B"
"raderdo02","Gold Glove",1973,"NL",NA,"3B"
"benchjo01","Gold Glove",1973,"NL",NA,"C"
"bondsbo01","Gold Glove",1973,"NL",NA,"OF"
"cedence01","Gold Glove",1973,"NL",NA,"OF"
"daviswi02","Gold Glove",1973,"NL",NA,"OF"
"gibsobo01","Gold Glove",1973,"NL",NA,"P"
"metzgro01","Gold Glove",1973,"NL",NA,"SS"
"hillejo01","Hutch Award",1973,"ML",NA,NA
"santoro01","Lou Gehrig Memorial Award",1973,"ML",NA,NA
"jacksre01","Most Valuable Player",1973,"AL",NA,NA
"rosepe01","Most Valuable Player",1973,"NL",NA,NA
"kalinal01","Roberto Clemente Award",1973,"ML",NA,NA
"bumbral01","Rookie of the Year",1973,"AL",NA,NA
"matthga01","Rookie of the Year",1973,"NL",NA,NA
"maybejo01","TSN All-Star",1973,"AL",NA,"1B"
"carewro01","TSN All-Star",1973,"AL",NA,"2B"
"bandosa01","TSN All-Star",1973,"AL",NA,"3B"
"munsoth01","TSN All-Star",1973,"AL",NA,"C"
"holtzke01","TSN All-Star",1973,"AL",NA,"LHP"
"jacksre01","TSN All-Star",1973,"AL",NA,"OF"
"murcebo01","TSN All-Star",1973,"AL",NA,"OF"
"otisam01","TSN All-Star",1973,"AL",NA,"OF"
"palmeji01","TSN All-Star",1973,"AL",NA,"RHP"
"campabe01","TSN All-Star",1973,"AL",NA,"SS"
"perezto01","TSN All-Star",1973,"NL",NA,"1B"
"johnsda02","TSN All-Star",1973,"NL",NA,"2B"
"evansda01","TSN All-Star",1973,"NL",NA,"3B"
"benchjo01","TSN All-Star",1973,"NL",NA,"C"
"bryanro01","TSN All-Star",1973,"NL",NA,"LHP"
"bondsbo01","TSN All-Star",1973,"NL",NA,"OF"
"cedence01","TSN All-Star",1973,"NL",NA,"OF"
"rosepe01","TSN All-Star",1973,"NL",NA,"OF"
"seaveto01","TSN All-Star",1973,"NL",NA,"RHP"
"russebi01","TSN All-Star",1973,"NL",NA,"SS"
"hillejo01","TSN Fireman of the Year",1973,"AL",NA,NA
"marshmi01","TSN Fireman of the Year",1973,"NL",NA,NA
"jacksre01","TSN Major League Player of the Year",1973,"ML",NA,NA
"palmeji01","TSN Pitcher of the Year",1973,"AL",NA,NA
"bryanro01","TSN Pitcher of the Year",1973,"NL",NA,NA
"jacksre01","TSN Player of the Year",1973,"AL",NA,NA
"bondsbo01","TSN Player of the Year",1973,"NL",NA,NA
"jacksre01","World Series MVP",1973,"ML",NA,NA
"garvest01","All-Star Game MVP",1974,"ML",NA,NA
"greendi01","Babe Ruth Award",1974,"AL",NA,"2B"
"hunteca01","Cy Young Award",1974,"AL",NA,NA
"marshmi01","Cy Young Award",1974,"NL",NA,NA
"scottge02","Gold Glove",1974,"AL",NA,"1B"
"grichbo01","Gold Glove",1974,"AL",NA,"2B"
"robinbr01","Gold Glove",1974,"AL",NA,"3B"
"munsoth01","Gold Glove",1974,"AL",NA,"C"
"blairpa01","Gold Glove",1974,"AL",NA,"OF"
"otisam01","Gold Glove",1974,"AL",NA,"OF"
"rudijo01","Gold Glove",1974,"AL",NA,"OF"
"kaatji01","Gold Glove",1974,"AL",NA,"P"
"belanma01","Gold Glove",1974,"AL",NA,"SS"
"garvest01","Gold Glove",1974,"NL",NA,"1B"
"morgajo02","Gold Glove",1974,"NL",NA,"2B"
"raderdo02","Gold Glove",1974,"NL",NA,"3B"
"benchjo01","Gold Glove",1974,"NL",NA,"C"
"bondsbo01","Gold Glove",1974,"NL",NA,"OF"
"cedence01","Gold Glove",1974,"NL",NA,"OF"
"geronce01","Gold Glove",1974,"NL",NA,"OF"
"messean01","Gold Glove",1974,"NL",NA,"P"
"conceda01","Gold Glove",1974,"NL",NA,"SS"
"thompda01","Hutch Award",1974,"ML",NA,NA
"stargwi01","Lou Gehrig Memorial Award",1974,"ML",NA,NA
"burroje01","Most Valuable Player",1974,"AL",NA,NA
"garvest01","Most Valuable Player",1974,"NL",NA,NA
"stargwi01","Roberto Clemente Award",1974,"ML",NA,NA
"hargrmi01","Rookie of the Year",1974,"AL",NA,NA
"mcbriba01","Rookie of the Year",1974,"NL",NA,NA
"allendi01","TSN All-Star",1974,"AL",NA,"1B"
"carewro01","TSN All-Star",1974,"AL",NA,"2B"
"bandosa01","TSN All-Star",1974,"AL",NA,"3B"
"munsoth01","TSN All-Star",1974,"AL",NA,"C"
"davisto02","TSN All-Star",1974,"AL",NA,"DH"
"cuellmi01","TSN All-Star",1974,"AL",NA,"LHP"
"blairpa01","TSN All-Star",1974,"AL",NA,"OF"
"burroje01","TSN All-Star",1974,"AL",NA,"OF"
"rudijo01","TSN All-Star",1974,"AL",NA,"OF"
"hunteca01","TSN All-Star",1974,"AL",NA,"RHP"
"campabe01","TSN All-Star",1974,"AL",NA,"SS"
"garvest01","TSN All-Star",1974,"NL",NA,"1B"
"morgajo02","TSN All-Star",1974,"NL",NA,"2B"
"schmimi01","TSN All-Star",1974,"NL",NA,"3B"
"benchjo01","TSN All-Star",1974,"NL",NA,"C"
"gulledo01","TSN All-Star",1974,"NL",NA,"LHP"
"brocklo01","TSN All-Star",1974,"NL",NA,"OF"
"wynnji01","TSN All-Star",1974,"NL",NA,"OF"
"ziskri01","TSN All-Star",1974,"NL",NA,"OF"
"messean01","TSN All-Star",1974,"NL",NA,"RHP"
"conceda01","TSN All-Star",1974,"NL",NA,"SS"
"forstte01","TSN Fireman of the Year",1974,"AL",NA,NA
"marshmi01","TSN Fireman of the Year",1974,"NL",NA,NA
"brocklo01","TSN Major League Player of the Year",1974,"ML",NA,NA
"hunteca01","TSN Pitcher of the Year",1974,"AL",NA,NA
"marshmi01","TSN Pitcher of the Year",1974,"NL",NA,NA
"burroje01","TSN Player of the Year",1974,"AL",NA,NA
"brocklo01","TSN Player of the Year",1974,"NL",NA,NA
"fingero01","World Series MVP",1974,"ML",NA,NA
"madlobi01","All-Star Game MVP",1975,"ML","Y",NA
"matlajo01","All-Star Game MVP",1975,"ML","Y",NA
"tiantlu01","Babe Ruth Award",1975,"AL",NA,"P"
"palmeji01","Cy Young Award",1975,"AL",NA,NA
"seaveto01","Cy Young Award",1975,"NL",NA,NA
"scottge02","Gold Glove",1975,"AL",NA,"1B"
"grichbo01","Gold Glove",1975,"AL",NA,"2B"
"robinbr01","Gold Glove",1975,"AL",NA,"3B"
"munsoth01","Gold Glove",1975,"AL",NA,"C"
"blairpa01","Gold Glove",1975,"AL",NA,"OF"
"lynnfr01","Gold Glove",1975,"AL",NA,"OF"
"rudijo01","Gold Glove",1975,"AL",NA,"OF"
"kaatji01","Gold Glove",1975,"AL",NA,"P"
"belanma01","Gold Glove",1975,"AL",NA,"SS"
"garvest01","Gold Glove",1975,"NL",NA,"1B"
"morgajo02","Gold Glove",1975,"NL",NA,"2B"
"reitzke01","Gold Glove",1975,"NL",NA,"3B"
"benchjo01","Gold Glove",1975,"NL",NA,"C"
"cedence01","Gold Glove",1975,"NL",NA,"OF"
"geronce01","Gold Glove",1975,"NL",NA,"OF"
"maddoga01","Gold Glove",1975,"NL",NA,"OF"
"messean01","Gold Glove",1975,"NL",NA,"P"
"conceda01","Gold Glove",1975,"NL",NA,"SS"
"nolanga01","Hutch Award",1975,"ML",NA,NA
"benchjo01","Lou Gehrig Memorial Award",1975,"ML",NA,NA
"lynnfr01","Most Valuable Player",1975,"AL",NA,NA
"morgajo02","Most Valuable Player",1975,"NL",NA,NA
"brocklo01","Roberto Clemente Award",1975,"ML",NA,NA
"lynnfr01","Rookie of the Year",1975,"AL",NA,NA
"montejo01","Rookie of the Year",1975,"NL",NA,NA
"maybejo01","TSN All-Star",1975,"AL",NA,"1B"
"carewro01","TSN All-Star",1975,"AL",NA,"2B"
"nettlgr01","TSN All-Star",1975,"AL",NA,"3B"
"munsoth01","TSN All-Star",1975,"AL",NA,"C"
"hortowi01","TSN All-Star",1975,"AL",NA,"DH"
"kaatji01","TSN All-Star",1975,"AL",NA,"LHP"
"jacksre01","TSN All-Star",1975,"AL",NA,"OF"
"lynnfr01","TSN All-Star",1975,"AL",NA,"OF"
"riceji01","TSN All-Star",1975,"AL",NA,"OF"
"palmeji01","TSN All-Star",1975,"AL",NA,"RHP"
"harrato01","TSN All-Star",1975,"AL",NA,"SS"
"garvest01","TSN All-Star",1975,"NL",NA,"1B"
"morgajo02","TSN All-Star",1975,"NL",NA,"2B"
"madlobi01","TSN All-Star",1975,"NL",NA,"3B"
"benchjo01","TSN All-Star",1975,"NL",NA,"C"
"jonesra01","TSN All-Star",1975,"NL",NA,"LHP"
"luzingr01","TSN All-Star",1975,"NL",NA,"OF"
"oliveal01","TSN All-Star",1975,"NL",NA,"OF"
"parkeda01","TSN All-Star",1975,"NL",NA,"OF"
"seaveto01","TSN All-Star",1975,"NL",NA,"RHP"
"bowala01","TSN All-Star",1975,"NL",NA,"SS"
"gossari01","TSN Fireman of the Year",1975,"AL",NA,NA
"hraboal01","TSN Fireman of the Year",1975,"NL",NA,NA
"morgajo02","TSN Major League Player of the Year",1975,"ML",NA,NA
"palmeji01","TSN Pitcher of the Year",1975,"AL",NA,NA
"seaveto01","TSN Pitcher of the Year",1975,"NL",NA,NA
"lynnfr01","TSN Player of the Year",1975,"AL",NA,NA
"morgajo02","TSN Player of the Year",1975,"NL",NA,NA
"rosepe01","World Series MVP",1975,"ML",NA,NA
"fostege01","All-Star Game MVP",1976,"ML",NA,NA
"benchjo01","Babe Ruth Award",1976,"NL",NA,"C"
"palmeji01","Cy Young Award",1976,"AL",NA,NA
"jonesra01","Cy Young Award",1976,"NL",NA,NA
"scottge02","Gold Glove",1976,"AL",NA,"1B"
"grichbo01","Gold Glove",1976,"AL",NA,"2B"
"rodriau01","Gold Glove",1976,"AL",NA,"3B"
"sundbji01","Gold Glove",1976,"AL",NA,"C"
"evansdw01","Gold Glove",1976,"AL",NA,"OF"
"manniri01","Gold Glove",1976,"AL",NA,"OF"
"rudijo01","Gold Glove",1976,"AL",NA,"OF"
"palmeji01","Gold Glove",1976,"AL",NA,"P"
"belanma01","Gold Glove",1976,"AL",NA,"SS"
"garvest01","Gold Glove",1976,"NL",NA,"1B"
"morgajo02","Gold Glove",1976,"NL",NA,"2B"
"schmimi01","Gold Glove",1976,"NL",NA,"3B"
"benchjo01","Gold Glove",1976,"NL",NA,"C"
"cedence01","Gold Glove",1976,"NL",NA,"OF"
"geronce01","Gold Glove",1976,"NL",NA,"OF"
"maddoga01","Gold Glove",1976,"NL",NA,"OF"
"kaatji01","Gold Glove",1976,"NL",NA,"P"
"conceda01","Gold Glove",1976,"NL",NA,"SS"
"johnto01","Hutch Award",1976,"ML",NA,NA
"suttodo01","Lou Gehrig Memorial Award",1976,"ML",NA,NA
"munsoth01","Most Valuable Player",1976,"AL",NA,NA
"morgajo02","Most Valuable Player",1976,"NL",NA,NA
"rosepe01","Roberto Clemente Award",1976,"ML",NA,NA
"campbbi02","Reliever of the Year Award",1976,"AL",NA,NA
"eastwra01","Reliever of the Year Award",1976,"NL",NA,NA
"fidryma01","Rookie of the Year",1976,"AL",NA,NA
"metzgbu01","Rookie of the Year",1976,"NL","Y",NA
"zachrpa01","Rookie of the Year",1976,"NL","Y",NA
"chambch01","TSN All-Star",1976,"AL",NA,"1B"
"grichbo01","TSN All-Star",1976,"AL",NA,"2B"
"brettge01","TSN All-Star",1976,"AL",NA,"3B"
"munsoth01","TSN All-Star",1976,"AL",NA,"C"
"mcraeha01","TSN All-Star",1976,"AL",NA,"DH"
"tananfr01","TSN All-Star",1976,"AL",NA,"LHP"
"jacksre01","TSN All-Star",1976,"AL",NA,"OF"
"rivermi01","TSN All-Star",1976,"AL",NA,"OF"
"rudijo01","TSN All-Star",1976,"AL",NA,"OF"
"palmeji01","TSN All-Star",1976,"AL",NA,"RHP"
"belanma01","TSN All-Star",1976,"AL",NA,"SS"
"montawi01","TSN All-Star",1976,"NL",NA,"1B"
"morgajo02","TSN All-Star",1976,"NL",NA,"2B"
"schmimi01","TSN All-Star",1976,"NL",NA,"3B"
"boonebo01","TSN All-Star",1976,"NL",NA,"C"
"jonesra01","TSN All-Star",1976,"NL",NA,"LHP"
"cedence01","TSN All-Star",1976,"NL",NA,"OF"
"fostege01","TSN All-Star",1976,"NL",NA,"OF"
"griffke01","TSN All-Star",1976,"NL",NA,"OF"
"suttodo01","TSN All-Star",1976,"NL",NA,"RHP"
"conceda01","TSN All-Star",1976,"NL",NA,"SS"
"campbbi02","TSN Fireman of the Year",1976,"AL",NA,NA
"eastwra01","TSN Fireman of the Year",1976,"NL",NA,NA
"morgajo02","TSN Major League Player of the Year",1976,"ML",NA,NA
"palmeji01","TSN Pitcher of the Year",1976,"AL",NA,NA
"jonesra01","TSN Pitcher of the Year",1976,"NL",NA,NA
"munsoth01","TSN Player of the Year",1976,"AL",NA,NA
"fostege01","TSN Player of the Year",1976,"NL",NA,NA
"benchjo01","World Series MVP",1976,"ML",NA,NA
"suttodo01","All-Star Game MVP",1977,"ML",NA,NA
"jacksre01","Babe Ruth Award",1977,"AL",NA,"OF"
"lylesp01","Cy Young Award",1977,"AL",NA,NA
"carltst01","Cy Young Award",1977,"NL",NA,NA
"spencji01","Gold Glove",1977,"AL",NA,"1B"
"whitefr01","Gold Glove",1977,"AL",NA,"2B"
"nettlgr01","Gold Glove",1977,"AL",NA,"3B"
"sundbji01","Gold Glove",1977,"AL",NA,"C"
"beniqju01","Gold Glove",1977,"AL",NA,"OF"
"cowenal01","Gold Glove",1977,"AL",NA,"OF"
"yastrca01","Gold Glove",1977,"AL",NA,"OF"
"palmeji01","Gold Glove",1977,"AL",NA,"P"
"belanma01","Gold Glove",1977,"AL",NA,"SS"
"garvest01","Gold Glove",1977,"NL",NA,"1B"
"morgajo02","Gold Glove",1977,"NL",NA,"2B"
"schmimi01","Gold Glove",1977,"NL",NA,"3B"
"benchjo01","Gold Glove",1977,"NL",NA,"C"
"geronce01","Gold Glove",1977,"NL",NA,"OF"
"maddoga01","Gold Glove",1977,"NL",NA,"OF"
"parkeda01","Gold Glove",1977,"NL",NA,"OF"
"kaatji01","Gold Glove",1977,"NL",NA,"P"
"conceda01","Gold Glove",1977,"NL",NA,"SS"
"mccovwi01","Hutch Award",1977,"ML",NA,NA
"brocklo01","Lou Gehrig Memorial Award",1977,"ML",NA,NA
"carewro01","Most Valuable Player",1977,"AL",NA,NA
"fostege01","Most Valuable Player",1977,"NL",NA,NA
"bakerdu01","NLCS MVP",1977,"NL",NA,NA
"carewro01","Roberto Clemente Award",1977,"ML",NA,NA
"campbbi02","Reliever of the Year Award",1977,"AL",NA,NA
"fingero01","Reliever of the Year Award",1977,"NL",NA,NA
"murraed02","Rookie of the Year",1977,"AL",NA,NA
"dawsoan01","Rookie of the Year",1977,"NL",NA,NA
"carewro01","TSN All-Star",1977,"AL",NA,"1B"
"randowi01","TSN All-Star",1977,"AL",NA,"2B"
"nettlgr01","TSN All-Star",1977,"AL",NA,"3B"
"fiskca01","TSN All-Star",1977,"AL",NA,"C"
"mcraeha01","TSN All-Star",1977,"AL",NA,"DH"
"tananfr01","TSN All-Star",1977,"AL",NA,"LHP"
"bondsbo01","TSN All-Star",1977,"AL",NA,"OF"
"hislela01","TSN All-Star",1977,"AL",NA,"OF"
"riceji01","TSN All-Star",1977,"AL",NA,"OF"
"ryanno01","TSN All-Star",1977,"AL",NA,"RHP"
"burleri01","TSN All-Star",1977,"AL",NA,"SS"
"garvest01","TSN All-Star",1977,"NL",NA,"1B"
"morgajo02","TSN All-Star",1977,"NL",NA,"2B"
"schmimi01","TSN All-Star",1977,"NL",NA,"3B"
"simmote01","TSN All-Star",1977,"NL",NA,"C"
"carltst01","TSN All-Star",1977,"NL",NA,"LHP"
"fostege01","TSN All-Star",1977,"NL",NA,"OF"
"luzingr01","TSN All-Star",1977,"NL",NA,"OF"
"parkeda01","TSN All-Star",1977,"NL",NA,"OF"
"reuscri01","TSN All-Star",1977,"NL",NA,"RHP"
"templga01","TSN All-Star",1977,"NL",NA,"SS"
"campbbi02","TSN Fireman of the Year",1977,"AL",NA,NA
"fingero01","TSN Fireman of the Year",1977,"NL",NA,NA
"carewro01","TSN Major League Player of the Year",1977,"ML",NA,NA
"ryanno01","TSN Pitcher of the Year",1977,"AL",NA,NA
"carltst01","TSN Pitcher of the Year",1977,"NL",NA,NA
"carewro01","TSN Player of the Year",1977,"AL",NA,NA
"fostege01","TSN Player of the Year",1977,"NL",NA,NA
"jacksre01","World Series MVP",1977,"ML",NA,NA
"garvest01","All-Star Game MVP",1978,"ML",NA,NA
"dentbu01","Babe Ruth Award",1978,"AL",NA,"SS"
"guidrro01","Cy Young Award",1978,"AL",NA,NA
"perryga01","Cy Young Award",1978,"NL",NA,NA
"chambch01","Gold Glove",1978,"AL",NA,"1B"
"whitefr01","Gold Glove",1978,"AL",NA,"2B"
"nettlgr01","Gold Glove",1978,"AL",NA,"3B"
"sundbji01","Gold Glove",1978,"AL",NA,"C"
"evansdw01","Gold Glove",1978,"AL",NA,"OF"
"lynnfr01","Gold Glove",1978,"AL",NA,"OF"
"milleri01","Gold Glove",1978,"AL",NA,"OF"
"palmeji01","Gold Glove",1978,"AL",NA,"P"
"belanma01","Gold Glove",1978,"AL",NA,"SS"
"hernake01","Gold Glove",1978,"NL",NA,"1B"
"lopesda01","Gold Glove",1978,"NL",NA,"2B"
"schmimi01","Gold Glove",1978,"NL",NA,"3B"
"boonebo01","Gold Glove",1978,"NL",NA,"C"
"maddoga01","Gold Glove",1978,"NL",NA,"OF"
"parkeda01","Gold Glove",1978,"NL",NA,"OF"
"valenel01","Gold Glove",1978,"NL",NA,"OF"
"niekrph01","Gold Glove",1978,"NL",NA,"P"
"bowala01","Gold Glove",1978,"NL",NA,"SS"
"stargwi01","Hutch Award",1978,"ML",NA,NA
"kessido01","Lou Gehrig Memorial Award",1978,"ML",NA,NA
"riceji01","Most Valuable Player",1978,"AL",NA,NA
"parkeda01","Most Valuable Player",1978,"NL",NA,NA
"garvest01","NLCS MVP",1978,"NL",NA,NA
"luzingr01","Roberto Clemente Award",1978,"ML",NA,NA
"gossari01","Reliever of the Year Award",1978,"AL",NA,NA
"fingero01","Reliever of the Year Award",1978,"NL",NA,NA
"whitalo01","Rookie of the Year",1978,"AL",NA,NA
"hornebo01","Rookie of the Year",1978,"NL",NA,NA
"carewro01","TSN All-Star",1978,"AL",NA,"1B"
"whitefr01","TSN All-Star",1978,"AL",NA,"2B"
"nettlgr01","TSN All-Star",1978,"AL",NA,"3B"
"sundbji01","TSN All-Star",1978,"AL",NA,"C"
"staubru01","TSN All-Star",1978,"AL",NA,"DH"
"guidrro01","TSN All-Star",1978,"AL",NA,"LHP"
"hislela01","TSN All-Star",1978,"AL",NA,"OF"
"lynnfr01","TSN All-Star",1978,"AL",NA,"OF"
"riceji01","TSN All-Star",1978,"AL",NA,"OF"
"palmeji01","TSN All-Star",1978,"AL",NA,"RHP"
"yountro01","TSN All-Star",1978,"AL",NA,"SS"
"garvest01","TSN All-Star",1978,"NL",NA,"1B"
"lopesda01","TSN All-Star",1978,"NL",NA,"2B"
"rosepe01","TSN All-Star",1978,"NL",NA,"3B"
"simmote01","TSN All-Star",1978,"NL",NA,"C"
"bluevi01","TSN All-Star",1978,"NL",NA,"LHP"
"clarkja01","TSN All-Star",1978,"NL",NA,"OF"
"fostege01","TSN All-Star",1978,"NL",NA,"OF"
"parkeda01","TSN All-Star",1978,"NL",NA,"OF"
"perryga01","TSN All-Star",1978,"NL",NA,"RHP"
"bowala01","TSN All-Star",1978,"NL",NA,"SS"
"gossari01","TSN Fireman of the Year",1978,"AL",NA,NA
"fingero01","TSN Fireman of the Year",1978,"NL",NA,NA
"guidrro01","TSN Major League Player of the Year",1978,"ML",NA,NA
"guidrro01","TSN Pitcher of the Year",1978,"AL",NA,NA
"bluevi01","TSN Pitcher of the Year",1978,"NL",NA,NA
"riceji01","TSN Player of the Year",1978,"AL",NA,NA
"parkeda01","TSN Player of the Year",1978,"NL",NA,NA
"dentbu01","World Series MVP",1978,"ML",NA,NA
"parkeda01","All-Star Game MVP",1979,"ML",NA,NA
"stargwi01","Babe Ruth Award",1979,"NL",NA,"1B"
"flanami01","Cy Young Award",1979,"AL",NA,NA
"suttebr01","Cy Young Award",1979,"NL",NA,NA
"coopece01","Gold Glove",1979,"AL",NA,"1B"
"whitefr01","Gold Glove",1979,"AL",NA,"2B"
"bellbu01","Gold Glove",1979,"AL",NA,"3B"
"sundbji01","Gold Glove",1979,"AL",NA,"C"
"evansdw01","Gold Glove",1979,"AL",NA,"OF"
"lezcasi01","Gold Glove",1979,"AL",NA,"OF"
"lynnfr01","Gold Glove",1979,"AL",NA,"OF"
"palmeji01","Gold Glove",1979,"AL",NA,"P"
"burleri01","Gold Glove",1979,"AL",NA,"SS"
"hernake01","Gold Glove",1979,"NL",NA,"1B"
"trillma01","Gold Glove",1979,"NL",NA,"2B"
"schmimi01","Gold Glove",1979,"NL",NA,"3B"
"boonebo01","Gold Glove",1979,"NL",NA,"C"
"maddoga01","Gold Glove",1979,"NL",NA,"OF"
"parkeda01","Gold Glove",1979,"NL",NA,"OF"
"winfida01","Gold Glove",1979,"NL",NA,"OF"
"niekrph01","Gold Glove",1979,"NL",NA,"P"
"conceda01","Gold Glove",1979,"NL",NA,"SS"
"brocklo01","Hutch Award",1979,"ML",NA,NA
"niekrph01","Lou Gehrig Memorial Award",1979,"ML",NA,NA
"baylodo01","Most Valuable Player",1979,"AL",NA,NA
"hernake01","Most Valuable Player",1979,"NL","Y",NA
"stargwi01","Most Valuable Player",1979,"NL","Y",NA
"stargwi01","NLCS MVP",1979,"NL",NA,NA
"thornan01","Roberto Clemente Award",1979,"ML",NA,NA
"kernji01","Reliever of the Year Award",1979,"AL",NA,NA
"suttebr01","Reliever of the Year Award",1979,"NL",NA,NA
"castijo01","Rookie of the Year",1979,"AL","Y",NA
"griffal01","Rookie of the Year",1979,"AL","Y",NA
"sutclri01","Rookie of the Year",1979,"NL",NA,NA
"coopece01","TSN All-Star",1979,"AL",NA,"1B"
"grichbo01","TSN All-Star",1979,"AL",NA,"2B"
"brettge01","TSN All-Star",1979,"AL",NA,"3B"
"porteda02","TSN All-Star",1979,"AL",NA,"C"
"baylodo01","TSN All-Star",1979,"AL",NA,"DH"
"flanami01","TSN All-Star",1979,"AL",NA,"LHP"
"lynnfr01","TSN All-Star",1979,"AL",NA,"OF"
"riceji01","TSN All-Star",1979,"AL",NA,"OF"
"singlke01","TSN All-Star",1979,"AL",NA,"OF"
"kernji01","TSN All-Star",1979,"AL",NA,"RHP"
"smallro02","TSN All-Star",1979,"AL",NA,"SS"
"hernake01","TSN All-Star",1979,"NL",NA,"1B"
"lopesda01","TSN All-Star",1979,"NL",NA,"2B"
"schmimi01","TSN All-Star",1979,"NL",NA,"3B"
"simmote01","TSN All-Star",1979,"NL",NA,"C"
"carltst01","TSN All-Star",1979,"NL",NA,"LHP"
"kingmda01","TSN All-Star",1979,"NL",NA,"OF"
"morenom01","TSN All-Star",1979,"NL",NA,"OF"
"winfida01","TSN All-Star",1979,"NL",NA,"OF"
"niekrjo01","TSN All-Star",1979,"NL",NA,"RHP"
"templga01","TSN All-Star",1979,"NL",NA,"SS"
"kernji01","TSN Fireman of the Year",1979,"AL","Y",NA
"marshmi01","TSN Fireman of the Year",1979,"AL","Y",NA
"suttebr01","TSN Fireman of the Year",1979,"NL",NA,NA
"stargwi01","TSN Major League Player of the Year",1979,"ML",NA,NA
"flanami01","TSN Pitcher of the Year",1979,"AL",NA,NA
"niekrjo01","TSN Pitcher of the Year",1979,"NL",NA,NA
"baylodo01","TSN Player of the Year",1979,"AL",NA,NA
"hernake01","TSN Player of the Year",1979,"NL",NA,NA
"stargwi01","World Series MVP",1979,"ML",NA,NA
"whitefr01","ALCS MVP",1980,"AL",NA,NA
"griffke01","All-Star Game MVP",1980,"ML",NA,NA
"mcgratu01","Babe Ruth Award",1980,"NL",NA,"RP"
"stonest01","Cy Young Award",1980,"AL",NA,NA
"carltst01","Cy Young Award",1980,"NL",NA,NA
"coopece01","Gold Glove",1980,"AL",NA,"1B"
"whitefr01","Gold Glove",1980,"AL",NA,"2B"
"bellbu01","Gold Glove",1980,"AL",NA,"3B"
"sundbji01","Gold Glove",1980,"AL",NA,"C"
"lynnfr01","Gold Glove",1980,"AL",NA,"OF"
"murphdw01","Gold Glove",1980,"AL",NA,"OF"
"wilsowi02","Gold Glove",1980,"AL",NA,"OF"
"norrimi01","Gold Glove",1980,"AL",NA,"P"
"trammal01","Gold Glove",1980,"AL",NA,"SS"
"hernake01","Gold Glove",1980,"NL",NA,"1B"
"flynndo01","Gold Glove",1980,"NL",NA,"2B"
"schmimi01","Gold Glove",1980,"NL",NA,"3B"
"cartega01","Gold Glove",1980,"NL",NA,"C"
"dawsoan01","Gold Glove",1980,"NL",NA,"OF"
"maddoga01","Gold Glove",1980,"NL",NA,"OF"
"winfida01","Gold Glove",1980,"NL",NA,"OF"
"niekrph01","Gold Glove",1980,"NL",NA,"P"
"smithoz01","Gold Glove",1980,"NL",NA,"SS"
"brettge01","Hutch Award",1980,"ML",NA,NA
"perezto01","Lou Gehrig Memorial Award",1980,"ML",NA,NA
"brettge01","Most Valuable Player",1980,"AL",NA,NA
"schmimi01","Most Valuable Player",1980,"NL",NA,NA
"trillma01","NLCS MVP",1980,"NL",NA,NA
"niekrph01","Roberto Clemente Award",1980,"ML",NA,NA
"fingero01","Reliever of the Year Award",1980,"NL",NA,NA
"charbjo01","Rookie of the Year",1980,"AL",NA,NA
"howest01","Rookie of the Year",1980,"NL",NA,NA
"coopece01","Silver Slugger",1980,"AL",NA,"1B"
"randowi01","Silver Slugger",1980,"AL",NA,"2B"
"brettge01","Silver Slugger",1980,"AL",NA,"3B"
"parrila02","Silver Slugger",1980,"AL",NA,"C"
"jacksre01","Silver Slugger",1980,"AL",NA,"DH"
"oglivbe01","Silver Slugger",1980,"AL",NA,"OF"
"oliveal01","Silver Slugger",1980,"AL",NA,"OF"
"wilsowi02","Silver Slugger",1980,"AL",NA,"OF"
"yountro01","Silver Slugger",1980,"AL",NA,"SS"
"hernake01","Silver Slugger",1980,"NL",NA,"1B"
"trillma01","Silver Slugger",1980,"NL",NA,"2B"
"schmimi01","Silver Slugger",1980,"NL",NA,"3B"
"simmote01","Silver Slugger",1980,"NL",NA,"C"
"bakerdu01","Silver Slugger",1980,"NL",NA,"OF"
"dawsoan01","Silver Slugger",1980,"NL",NA,"OF"
"hendrge01","Silver Slugger",1980,"NL",NA,"OF"
"forscbo01","Silver Slugger",1980,"NL",NA,"P"
"templga01","Silver Slugger",1980,"NL",NA,"SS"
"coopece01","TSN All-Star",1980,"AL",NA,"1B"
"randowi01","TSN All-Star",1980,"AL",NA,"2B"
"brettge01","TSN All-Star",1980,"AL",NA,"3B"
"ceronri01","TSN All-Star",1980,"AL",NA,"C"
"johnto01","TSN All-Star",1980,"AL",NA,"LHP"
"bumbral01","TSN All-Star",1980,"AL",NA,"OF"
"jacksre01","TSN All-Star",1980,"AL",NA,"OF"
"oglivbe01","TSN All-Star",1980,"AL",NA,"OF"
"stonest01","TSN All-Star",1980,"AL",NA,"RHP"
"yountro01","TSN All-Star",1980,"AL",NA,"SS"
"hernake01","TSN All-Star",1980,"NL",NA,"1B"
"trillma01","TSN All-Star",1980,"NL",NA,"2B"
"schmimi01","TSN All-Star",1980,"NL",NA,"3B"
"cartega01","TSN All-Star",1980,"NL",NA,"C"
"carltst01","TSN All-Star",1980,"NL",NA,"LHP"
"bakerdu01","TSN All-Star",1980,"NL",NA,"OF"
"cedence01","TSN All-Star",1980,"NL",NA,"OF"
"hendrge01","TSN All-Star",1980,"NL",NA,"OF"
"bibbyji01","TSN All-Star",1980,"NL",NA,"RHP"
"templga01","TSN All-Star",1980,"NL",NA,"SS"
"quiseda01","TSN Fireman of the Year",1980,"AL",NA,NA
"fingero01","TSN Fireman of the Year",1980,"NL","Y",NA
"humeto01","TSN Fireman of the Year",1980,"NL","Y",NA
"brettge01","TSN Major League Player of the Year",1980,"ML",NA,NA
"stonest01","TSN Pitcher of the Year",1980,"AL",NA,NA
"carltst01","TSN Pitcher of the Year",1980,"NL",NA,NA
"brettge01","TSN Player of the Year",1980,"AL",NA,NA
"schmimi01","TSN Player of the Year",1980,"NL",NA,NA
"schmimi01","World Series MVP",1980,"ML",NA,NA
"nettlgr01","ALCS MVP",1981,"AL",NA,NA
"cartega01","All-Star Game MVP",1981,"ML",NA,NA
"ceyro01","Babe Ruth Award",1981,"NL",NA,"3B"
"fingero01","Cy Young Award",1981,"AL",NA,NA
"valenfe01","Cy Young Award",1981,"NL",NA,NA
"squirmi01","Gold Glove",1981,"AL",NA,"1B"
"whitefr01","Gold Glove",1981,"AL",NA,"2B"
"bellbu01","Gold Glove",1981,"AL",NA,"3B"
"sundbji01","Gold Glove",1981,"AL",NA,"C"
"evansdw01","Gold Glove",1981,"AL",NA,"OF"
"henderi01","Gold Glove",1981,"AL",NA,"OF"
"murphdw01","Gold Glove",1981,"AL",NA,"OF"
"norrimi01","Gold Glove",1981,"AL",NA,"P"
"trammal01","Gold Glove",1981,"AL",NA,"SS"
"hernake01","Gold Glove",1981,"NL",NA,"1B"
"trillma01","Gold Glove",1981,"NL",NA,"2B"
"schmimi01","Gold Glove",1981,"NL",NA,"3B"
"cartega01","Gold Glove",1981,"NL",NA,"C"
"bakerdu01","Gold Glove",1981,"NL",NA,"OF"
"dawsoan01","Gold Glove",1981,"NL",NA,"OF"
"maddoga01","Gold Glove",1981,"NL",NA,"OF"
"carltst01","Gold Glove",1981,"NL",NA,"P"
"smithoz01","Gold Glove",1981,"NL",NA,"SS"
"benchjo01","Hutch Award",1981,"ML",NA,NA
"johnto01","Lou Gehrig Memorial Award",1981,"ML",NA,NA
"fingero01","Most Valuable Player",1981,"AL",NA,NA
"schmimi01","Most Valuable Player",1981,"NL",NA,NA
"hootobu01","NLCS MVP",1981,"NL",NA,NA
"garvest01","Roberto Clemente Award",1981,"ML",NA,NA
"fingero01","Reliever of the Year Award",1981,"AL",NA,NA
"suttebr01","Reliever of the Year Award",1981,"NL",NA,NA
"righeda01","Rookie of the Year",1981,"AL",NA,NA
"valenfe01","Rookie of the Year",1981,"NL",NA,NA
"coopece01","Silver Slugger",1981,"AL",NA,"1B"
"grichbo01","Silver Slugger",1981,"AL",NA,"2B"
"lansfca01","Silver Slugger",1981,"AL",NA,"3B"
"fiskca01","Silver Slugger",1981,"AL",NA,"C"
"oliveal01","Silver Slugger",1981,"AL",NA,"DH"
"evansdw01","Silver Slugger",1981,"AL",NA,"OF"
"henderi01","Silver Slugger",1981,"AL",NA,"OF"
"winfida01","Silver Slugger",1981,"AL",NA,"OF"
"burleri01","Silver Slugger",1981,"AL",NA,"SS"
"rosepe01","Silver Slugger",1981,"NL",NA,"1B"
"trillma01","Silver Slugger",1981,"NL",NA,"2B"
"schmimi01","Silver Slugger",1981,"NL",NA,"3B"
"cartega01","Silver Slugger",1981,"NL",NA,"C"
"bakerdu01","Silver Slugger",1981,"NL",NA,"OF"
"dawsoan01","Silver Slugger",1981,"NL",NA,"OF"
"fostege01","Silver Slugger",1981,"NL",NA,"OF"
"valenfe01","Silver Slugger",1981,"NL",NA,"P"
"conceda01","Silver Slugger",1981,"NL",NA,"SS"
"coopece01","TSN All-Star",1981,"AL",NA,"1B"
"grichbo01","TSN All-Star",1981,"AL",NA,"2B"
"bellbu01","TSN All-Star",1981,"AL",NA,"3B"
"sundbji01","TSN All-Star",1981,"AL",NA,"C"
"ziskri01","TSN All-Star",1981,"AL",NA,"DH"
"guidrro01","TSN All-Star",1981,"AL",NA,"LHP"
"armasto01","TSN All-Star",1981,"AL",NA,"OF"
"henderi01","TSN All-Star",1981,"AL",NA,"OF"
"murphdw01","TSN All-Star",1981,"AL",NA,"OF"
"morrija02","TSN All-Star",1981,"AL",NA,"RHP"
"burleri01","TSN All-Star",1981,"AL",NA,"SS"
"rosepe01","TSN All-Star",1981,"NL",NA,"1B"
"trillma01","TSN All-Star",1981,"NL",NA,"2B"
"schmimi01","TSN All-Star",1981,"NL",NA,"3B"
"cartega01","TSN All-Star",1981,"NL",NA,"C"
"valenfe01","TSN All-Star",1981,"NL",NA,"LHP"
"dawsoan01","TSN All-Star",1981,"NL",NA,"OF"
"fostege01","TSN All-Star",1981,"NL",NA,"OF"
"guerrpe01","TSN All-Star",1981,"NL",NA,"OF"
"seaveto01","TSN All-Star",1981,"NL",NA,"RHP"
"conceda01","TSN All-Star",1981,"NL",NA,"SS"
"fingero01","TSN Fireman of the Year",1981,"AL",NA,NA
"suttebr01","TSN Fireman of the Year",1981,"NL",NA,NA
"valenfe01","TSN Major League Player of the Year",1981,"ML",NA,NA
"morrija02","TSN Pitcher of the Year",1981,"AL",NA,NA
"valenfe01","TSN Pitcher of the Year",1981,"NL",NA,NA
"armasto01","TSN Player of the Year",1981,"AL",NA,NA
"dawsoan01","TSN Player of the Year",1981,"NL",NA,NA
"ceyro01","World Series MVP",1981,"ML","Y",NA
"guerrpe01","World Series MVP",1981,"ML","Y",NA
"yeagest01","World Series MVP",1981,"ML","Y",NA
"lynnfr01","ALCS MVP",1982,"AL",NA,NA
"conceda01","All-Star Game MVP",1982,"ML",NA,NA
"suttebr01","Babe Ruth Award",1982,"NL",NA,"RP"
"vuckope01","Cy Young Award",1982,"AL",NA,NA
"carltst01","Cy Young Award",1982,"NL",NA,NA
"murraed02","Gold Glove",1982,"AL",NA,"1B"
"whitefr01","Gold Glove",1982,"AL",NA,"2B"
"bellbu01","Gold Glove",1982,"AL",NA,"3B"
"boonebo01","Gold Glove",1982,"AL",NA,"C"
"evansdw01","Gold Glove",1982,"AL",NA,"OF"
"murphdw01","Gold Glove",1982,"AL",NA,"OF"
"winfida01","Gold Glove",1982,"AL",NA,"OF"
"guidrro01","Gold Glove",1982,"AL",NA,"P"
"yountro01","Gold Glove",1982,"AL",NA,"SS"
"hernake01","Gold Glove",1982,"NL",NA,"1B"
"trillma01","Gold Glove",1982,"NL",NA,"2B"
"schmimi01","Gold Glove",1982,"NL",NA,"3B"
"cartega01","Gold Glove",1982,"NL",NA,"C"
"dawsoan01","Gold Glove",1982,"NL",NA,"OF"
"maddoga01","Gold Glove",1982,"NL",NA,"OF"
"murphda05","Gold Glove",1982,"NL",NA,"OF"
"niekrph01","Gold Glove",1982,"NL",NA,"P"
"smithoz01","Gold Glove",1982,"NL",NA,"SS"
"thornan01","Hutch Award",1982,"ML",NA,NA
"ceyro01","Lou Gehrig Memorial Award",1982,"ML",NA,NA
"yountro01","Most Valuable Player",1982,"AL",NA,NA
"murphda05","Most Valuable Player",1982,"NL",NA,NA
"porteda02","NLCS MVP",1982,"NL",NA,NA
"singlke01","Roberto Clemente Award",1982,"ML",NA,NA
"quiseda01","Reliever of the Year Award",1982,"AL",NA,NA
"suttebr01","Reliever of the Year Award",1982,"NL",NA,NA
"ripkeca01","Rookie of the Year",1982,"AL",NA,NA
"saxst01","Rookie of the Year",1982,"NL",NA,NA
"coopece01","Silver Slugger",1982,"AL",NA,"1B"
"garcida01","Silver Slugger",1982,"AL",NA,"2B"
"decindo01","Silver Slugger",1982,"AL",NA,"3B"
"parrila02","Silver Slugger",1982,"AL",NA,"C"
"mcraeha01","Silver Slugger",1982,"AL",NA,"DH"
"jacksre01","Silver Slugger",1982,"AL",NA,"OF"
"wilsowi02","Silver Slugger",1982,"AL",NA,"OF"
"winfida01","Silver Slugger",1982,"AL",NA,"OF"
"yountro01","Silver Slugger",1982,"AL",NA,"SS"
"oliveal01","Silver Slugger",1982,"NL",NA,"1B"
"morgajo02","Silver Slugger",1982,"NL",NA,"2B"
"schmimi01","Silver Slugger",1982,"NL",NA,"3B"
"cartega01","Silver Slugger",1982,"NL",NA,"C"
"durhale01","Silver Slugger",1982,"NL",NA,"OF"
"guerrpe01","Silver Slugger",1982,"NL",NA,"OF"
"murphda05","Silver Slugger",1982,"NL",NA,"OF"
"robindo01","Silver Slugger",1982,"NL",NA,"P"
"conceda01","Silver Slugger",1982,"NL",NA,"SS"
"coopece01","TSN All-Star",1982,"AL",NA,"1B"
"garcida01","TSN All-Star",1982,"AL",NA,"2B"
"decindo01","TSN All-Star",1982,"AL",NA,"3B"
"parrila02","TSN All-Star",1982,"AL",NA,"C"
"mcraeha01","TSN All-Star",1982,"AL",NA,"DH"
"zahnge01","TSN All-Star",1982,"AL",NA,"LHP"
"evansdw01","TSN All-Star",1982,"AL",NA,"OF"
"thomago01","TSN All-Star",1982,"AL",NA,"OF"
"winfida01","TSN All-Star",1982,"AL",NA,"OF"
"stiebda01","TSN All-Star",1982,"AL",NA,"RHP"
"yountro01","TSN All-Star",1982,"AL",NA,"SS"
"oliveal01","TSN All-Star",1982,"NL",NA,"1B"
"trillma01","TSN All-Star",1982,"NL",NA,"2B"
"schmimi01","TSN All-Star",1982,"NL",NA,"3B"
"cartega01","TSN All-Star",1982,"NL",NA,"C"
"carltst01","TSN All-Star",1982,"NL",NA,"LHP"
"guerrpe01","TSN All-Star",1982,"NL",NA,"OF"
"murphda05","TSN All-Star",1982,"NL",NA,"OF"
"smithlo01","TSN All-Star",1982,"NL",NA,"OF"
"rogerst01","TSN All-Star",1982,"NL",NA,"RHP"
"smithoz01","TSN All-Star",1982,"NL",NA,"SS"
"quiseda01","TSN Fireman of the Year",1982,"AL",NA,NA
"suttebr01","TSN Fireman of the Year",1982,"NL",NA,NA
"yountro01","TSN Major League Player of the Year",1982,"ML",NA,NA
"stiebda01","TSN Pitcher of the Year",1982,"AL",NA,NA
"carltst01","TSN Pitcher of the Year",1982,"NL",NA,NA
"yountro01","TSN Player of the Year",1982,"AL",NA,NA
"murphda05","TSN Player of the Year",1982,"NL",NA,NA
"porteda02","World Series MVP",1982,"ML",NA,NA
"boddimi01","ALCS MVP",1983,"AL",NA,NA
"lynnfr01","All-Star Game MVP",1983,"ML",NA,NA
"dempsri01","Babe Ruth Award",1983,"AL",NA,"C"
"hoytla01","Cy Young Award",1983,"AL",NA,NA
"dennyjo01","Cy Young Award",1983,"NL",NA,NA
"murraed02","Gold Glove",1983,"AL",NA,"1B"
"whitalo01","Gold Glove",1983,"AL",NA,"2B"
"bellbu01","Gold Glove",1983,"AL",NA,"3B"
"parrila02","Gold Glove",1983,"AL",NA,"C"
"evansdw01","Gold Glove",1983,"AL",NA,"OF"
"murphdw01","Gold Glove",1983,"AL",NA,"OF"
"winfida01","Gold Glove",1983,"AL",NA,"OF"
"guidrro01","Gold Glove",1983,"AL",NA,"P"
"trammal01","Gold Glove",1983,"AL",NA,"SS"
"hernake01","Gold Glove",1983,"NL",NA,"1B"
"sandbry01","Gold Glove",1983,"NL",NA,"2B"
"schmimi01","Gold Glove",1983,"NL",NA,"3B"
"penato01","Gold Glove",1983,"NL",NA,"C"
"dawsoan01","Gold Glove",1983,"NL",NA,"OF"
"mcgeewi01","Gold Glove",1983,"NL",NA,"OF"
"murphda05","Gold Glove",1983,"NL",NA,"OF"
"niekrph01","Gold Glove",1983,"NL",NA,"P"
"smithoz01","Gold Glove",1983,"NL",NA,"SS"
"knighra01","Hutch Award",1983,"ML",NA,NA
"schmimi01","Lou Gehrig Memorial Award",1983,"ML",NA,NA
"ripkeca01","Most Valuable Player",1983,"AL",NA,NA
"murphda05","Most Valuable Player",1983,"NL",NA,NA
"matthga01","NLCS MVP",1983,"NL",NA,NA
"coopece01","Roberto Clemente Award",1983,"ML",NA,NA
"quiseda01","Reliever of the Year Award",1983,"AL",NA,NA
"hollaal01","Reliever of the Year Award",1983,"NL",NA,NA
"kittlro01","Rookie of the Year",1983,"AL",NA,NA
"strawda01","Rookie of the Year",1983,"NL",NA,NA
"murraed02","Silver Slugger",1983,"AL",NA,"1B"
"whitalo01","Silver Slugger",1983,"AL",NA,"2B"
"boggswa01","Silver Slugger",1983,"AL",NA,"3B"
"parrila02","Silver Slugger",1983,"AL",NA,"C"
"baylodo01","Silver Slugger",1983,"AL",NA,"DH"
"mosebll01","Silver Slugger",1983,"AL",NA,"OF"
"riceji01","Silver Slugger",1983,"AL",NA,"OF"
"medwijo01","Baseball Magazine All-Star",1936,"NL",NA,"LF"
"hubbeca01","Baseball Magazine All-Star",1936,"NL",NA,"P1"
"deandi01","Baseball Magazine All-Star",1936,"NL",NA,"P2"
"frencla01","Baseball Magazine All-Star",1936,"NL",NA,"P3"
"macfada01","Baseball Magazine All-Star",1936,"NL",NA,"P4"
"wanerpa01","Baseball Magazine All-Star",1936,"NL",NA,"RF"
"vaughar01","Baseball Magazine All-Star",1936,"NL",NA,"SS"
"gehrilo01","Most Valuable Player",1936,"AL",NA,NA
"hubbeca01","Most Valuable Player",1936,"NL",NA,NA
"gehrilo01","TSN All-Star",1936,"ML",NA,"1B"
"gehrich01","TSN All-Star",1936,"ML",NA,"2B"
"higgipi01","TSN All-Star",1936,"ML",NA,"3B"
"dickebi01","TSN All-Star",1936,"ML",NA,"C"
"averiea01","TSN All-Star",1936,"ML",NA,"OF"
"medwijo01","TSN All-Star",1936,"ML",NA,"OF"
"ottme01","TSN All-Star",1936,"ML",NA,"OF"
"deandi01","TSN All-Star",1936,"ML",NA,"P"
"hubbeca01","TSN All-Star",1936,"ML",NA,"P"
"applilu01","TSN All-Star",1936,"ML",NA,"SS"
"gehrilo01","TSN Guide MVP",1936,"AL",NA,NA
"hubbeca01","TSN Guide MVP",1936,"NL",NA,NA
"hubbeca01","TSN Major League Player of the Year",1936,"ML",NA,NA
"gehrilo01","Baseball Magazine All-Star",1937,"AL",NA,"1B"
"gehrich01","Baseball Magazine All-Star",1937,"AL",NA,"2B"
"higgipi01","Baseball Magazine All-Star",1937,"AL",NA,"3B"
"dickebi01","Baseball Magazine All-Star",1937,"AL",NA,"C"
"dimagjo01","Baseball Magazine All-Star",1937,"AL",NA,"CF"
"moseswa01","Baseball Magazine All-Star",1937,"AL",NA,"LF"
"gomezle01","Baseball Magazine All-Star",1937,"AL",NA,"P1"
"lawsoro01","Baseball Magazine All-Star",1937,"AL",NA,"P2"
"grovele01","Baseball Magazine All-Star",1937,"AL",NA,"P3"
"allenjo02","Baseball Magazine All-Star",1937,"AL",NA,"P4"
"vosmijo01","Baseball Magazine All-Star",1937,"AL",NA,"RF"
"applilu01","Baseball Magazine All-Star",1937,"AL",NA,"SS"
"gehrilo01","Baseball Magazine All-Star",1937,"ML",NA,"1B"
"gehrich01","Baseball Magazine All-Star",1937,"ML",NA,"2B"
"whitnpi01","Baseball Magazine All-Star",1937,"ML",NA,"3B"
"dickebi01","Baseball Magazine All-Star",1937,"ML",NA,"C"
"dimagjo01","Baseball Magazine All-Star",1937,"ML",NA,"CF"
"medwijo01","Baseball Magazine All-Star",1937,"ML",NA,"LF"
"hubbeca01","Baseball Magazine All-Star",1937,"ML",NA,"P1"
"gomezle01","Baseball Magazine All-Star",1937,"ML",NA,"P2"
"fettelo01","Baseball Magazine All-Star",1937,"ML",NA,"P3"
"warnelo01","Baseball Magazine All-Star",1937,"ML",NA,"P4"
"wanerpa01","Baseball Magazine All-Star",1937,"ML",NA,"RF"
"applilu01","Baseball Magazine All-Star",1937,"ML",NA,"SS"
"mizejo01","Baseball Magazine All-Star",1937,"NL",NA,"1B"
"hermabi01","Baseball Magazine All-Star",1937,"NL",NA,"2B"
"whitnpi01","Baseball Magazine All-Star",1937,"NL",NA,"3B"
"hartnga01","Baseball Magazine All-Star",1937,"NL",NA,"C"
"demarfr02","Baseball Magazine All-Star",1937,"NL",NA,"CF"
"medwijo01","Baseball Magazine All-Star",1937,"NL",NA,"LF"
"hubbeca01","Baseball Magazine All-Star",1937,"NL",NA,"P1"
"fettelo01","Baseball Magazine All-Star",1937,"NL",NA,"P2"
"turneji01","Baseball Magazine All-Star",1937,"NL",NA,"P3"
"warnelo01","Baseball Magazine All-Star",1937,"NL",NA,"P4"
"wanerpa01","Baseball Magazine All-Star",1937,"NL",NA,"RF"
"vaughar01","Baseball Magazine All-Star",1937,"NL",NA,"SS"
"gehrich01","Most Valuable Player",1937,"AL",NA,NA
"medwijo01","Most Valuable Player",1937,"NL",NA,NA
"gomezle01","Pitching Triple Crown",1937,"AL",NA,NA
"medwijo01","Triple Crown",1937,"NL",NA,NA
"gehrilo01","TSN All-Star",1937,"ML",NA,"1B"
"gehrich01","TSN All-Star",1937,"ML",NA,"2B"
"rolfere01","TSN All-Star",1937,"ML",NA,"3B"
"hartnga01","TSN All-Star",1937,"ML",NA,"C"
"dimagjo01","TSN All-Star",1937,"ML",NA,"OF"
"medwijo01","TSN All-Star",1937,"ML",NA,"OF"
"wanerpa01","TSN All-Star",1937,"ML",NA,"OF"
"hubbeca01","TSN All-Star",1937,"ML",NA,"P"
"ruffire01","TSN All-Star",1937,"ML",NA,"P"
"bartedi01","TSN All-Star",1937,"ML",NA,"SS"
"gehrich01","TSN Guide MVP",1937,"AL",NA,NA
"medwijo01","TSN Guide MVP",1937,"NL",NA,NA
"allenjo02","TSN Major League Player of the Year",1937,"ML",NA,NA
"foxxji01","Baseball Magazine All-Star",1938,"AL",NA,"1B"
"gehrich01","Baseball Magazine All-Star",1938,"AL",NA,"2B"
"rolfere01","Baseball Magazine All-Star",1938,"AL",NA,"3B"
"dickebi01","Baseball Magazine All-Star",1938,"AL",NA,"C1"
"hemslro01","Baseball Magazine All-Star",1938,"AL",NA,"C2"
"dimagjo01","Baseball Magazine All-Star",1938,"AL",NA,"CF"
"heathje01","Baseball Magazine All-Star",1938,"AL",NA,"LF"
"ruffire01","Baseball Magazine All-Star",1938,"AL",NA,"P1"
"gomezle01","Baseball Magazine All-Star",1938,"AL",NA,"P2"
"grovele01","Baseball Magazine All-Star",1938,"AL",NA,"P3"
"allenjo02","Baseball Magazine All-Star",1938,"AL",NA,"P4"
"newsobo01","Baseball Magazine All-Star",1938,"AL",NA,"P5"
"averiea01","Baseball Magazine All-Star",1938,"AL",NA,"RF"
"cronijo01","Baseball Magazine All-Star",1938,"AL",NA,"SS"
"foxxji01","Baseball Magazine All-Star",1938,"ML",NA,"1B"
"gehrich01","Baseball Magazine All-Star",1938,"ML",NA,"2B"
"rolfere01","Baseball Magazine All-Star",1938,"ML",NA,"3B"
"dickebi01","Baseball Magazine All-Star",1938,"ML",NA,"C"
"dimagjo01","Baseball Magazine All-Star",1938,"ML",NA,"CF"
"medwijo01","Baseball Magazine All-Star",1938,"ML",NA,"LF"
"ruffire01","Baseball Magazine All-Star",1938,"ML",NA,"P1"
"derripa01","Baseball Magazine All-Star",1938,"ML",NA,"P2"
"vandejo01","Baseball Magazine All-Star",1938,"ML",NA,"P3"
"ottme01","Baseball Magazine All-Star",1938,"ML",NA,"RF"
"vaughar01","Baseball Magazine All-Star",1938,"ML",NA,"SS"
"mccorfr01","Baseball Magazine All-Star",1938,"NL",NA,"1B"
"hermabi01","Baseball Magazine All-Star",1938,"NL",NA,"2B"
"hackst01","Baseball Magazine All-Star",1938,"NL",NA,"3B"
"lombaer01","Baseball Magazine All-Star",1938,"NL",NA,"C1"
"danniha01","Baseball Magazine All-Star",1938,"NL",NA,"C2"
"ottme01","Baseball Magazine All-Star",1938,"NL",NA,"CF"
"medwijo01","Baseball Magazine All-Star",1938,"NL",NA,"LF"
"derripa01","Baseball Magazine All-Star",1938,"NL",NA,"P1"
"hubbeca01","Baseball Magazine All-Star",1938,"NL",NA,"P2"
"leebi02","Baseball Magazine All-Star",1938,"NL",NA,"P3"
"vandejo01","Baseball Magazine All-Star",1938,"NL",NA,"P4"
"turneji01","Baseball Magazine All-Star",1938,"NL",NA,"P5"
"goodmiv01","Baseball Magazine All-Star",1938,"NL",NA,"RF"
"vaughar01","Baseball Magazine All-Star",1938,"NL",NA,"SS"
"foxxji01","Most Valuable Player",1938,"AL",NA,NA
"lombaer01","Most Valuable Player",1938,"NL",NA,NA
"foxxji01","TSN All-Star",1938,"ML",NA,"1B"
"gehrich01","TSN All-Star",1938,"ML",NA,"2B"
"rolfere01","TSN All-Star",1938,"ML",NA,"3B"
"dickebi01","TSN All-Star",1938,"ML",NA,"C"
"dimagjo01","TSN All-Star",1938,"ML",NA,"OF"
"medwijo01","TSN All-Star",1938,"ML",NA,"OF"
"ottme01","TSN All-Star",1938,"ML",NA,"OF"
"gomezle01","TSN All-Star",1938,"ML",NA,"P"
"ruffire01","TSN All-Star",1938,"ML",NA,"P"
"vandejo01","TSN All-Star",1938,"ML",NA,"P"
"cronijo01","TSN All-Star",1938,"ML",NA,"SS"
"foxxji01","TSN Guide MVP",1938,"AL",NA,NA
"lombaer01","TSN Guide MVP",1938,"NL",NA,NA
"vandejo01","TSN Major League Player of the Year",1938,"ML",NA,NA
"foxxji01","Baseball Magazine All-Star",1939,"AL",NA,"1B"
"gordojo01","Baseball Magazine All-Star",1939,"AL",NA,"2B"
"rolfere01","Baseball Magazine All-Star",1939,"AL",NA,"3B"
"dickebi01","Baseball Magazine All-Star",1939,"AL",NA,"C"
"dimagjo01","Baseball Magazine All-Star",1939,"AL",NA,"CF"
"johnsbo01","Baseball Magazine All-Star",1939,"AL",NA,"LF"
"fellebo01","Baseball Magazine All-Star",1939,"AL",NA,"P1"
"ruffire01","Baseball Magazine All-Star",1939,"AL",NA,"P2"
"leonadu02","Baseball Magazine All-Star",1939,"AL",NA,"P3"
"willite01","Baseball Magazine All-Star",1939,"AL",NA,"RF"
"cronijo01","Baseball Magazine All-Star",1939,"AL",NA,"SS"
"foxxji01","Baseball Magazine All-Star",1939,"ML",NA,"1B"
"gordojo01","Baseball Magazine All-Star",1939,"ML",NA,"2B"
"rolfere01","Baseball Magazine All-Star",1939,"ML",NA,"3B"
"dickebi01","Baseball Magazine All-Star",1939,"ML",NA,"C"
"dimagjo01","Baseball Magazine All-Star",1939,"ML",NA,"CF"
"medwijo01","Baseball Magazine All-Star",1939,"ML",NA,"LF"
"waltebu01","Baseball Magazine All-Star",1939,"ML",NA,"P1"
"derripa01","Baseball Magazine All-Star",1939,"ML",NA,"P2"
"fellebo01","Baseball Magazine All-Star",1939,"ML",NA,"P3"
"ruffire01","Baseball Magazine All-Star",1939,"ML",NA,"P4"
"daviscu01","Baseball Magazine All-Star",1939,"ML",NA,"P5"
"willite01","Baseball Magazine All-Star",1939,"ML",NA,"RF"
"cronijo01","Baseball Magazine All-Star",1939,"ML",NA,"SS"
"mccorfr01","Baseball Magazine All-Star",1939,"NL",NA,"1B"
"freylo01","Baseball Magazine All-Star",1939,"NL",NA,"2B"
"lavagco01","Baseball Magazine All-Star",1939,"NL",NA,"3B"
"danniha01","Baseball Magazine All-Star",1939,"NL",NA,"C"
"leibeha01","Baseball Magazine All-Star",1939,"NL",NA,"CF"
"medwijo01","Baseball Magazine All-Star",1939,"NL",NA,"LF"
"waltebu01","Baseball Magazine All-Star",1939,"NL",NA,"P1"
"derripa01","Baseball Magazine All-Star",1939,"NL",NA,"P2"
"daviscu01","Baseball Magazine All-Star",1939,"NL",NA,"P3"
"ottme01","Baseball Magazine All-Star",1939,"NL",NA,"RF"
"vaughar01","Baseball Magazine All-Star",1939,"NL",NA,"SS"
"dimagjo01","Most Valuable Player",1939,"AL",NA,NA
"waltebu01","Most Valuable Player",1939,"NL",NA,NA
"waltebu01","Pitching Triple Crown",1939,"NL",NA,NA
"foxxji01","TSN All-Star",1939,"ML",NA,"1B"
"gordojo01","TSN All-Star",1939,"ML",NA,"2B"
"rolfere01","TSN All-Star",1939,"ML",NA,"3B"
"dickebi01","TSN All-Star",1939,"ML",NA,"C"
"dimagjo01","TSN All-Star",1939,"ML",NA,"OF"
"medwijo01","TSN All-Star",1939,"ML",NA,"OF"
"willite01","TSN All-Star",1939,"ML",NA,"OF"
"fellebo01","TSN All-Star",1939,"ML",NA,"P"
"ruffire01","TSN All-Star",1939,"ML",NA,"P"
"waltebu01","TSN All-Star",1939,"ML",NA,"P"
"cronijo01","TSN All-Star",1939,"ML",NA,"SS"
"dimagjo01","TSN Guide MVP",1939,"AL",NA,NA
"waltebu01","TSN Guide MVP",1939,"NL",NA,NA
"dimagjo01","TSN Major League Player of the Year",1939,"ML",NA,NA
"foxxji01","Baseball Magazine All-Star",1940,"AL",NA,"1B"
"gordojo01","Baseball Magazine All-Star",1940,"AL",NA,"2B"
"cliftha01","Baseball Magazine All-Star",1940,"AL",NA,"3B"
"hayesfr01","Baseball Magazine All-Star",1940,"AL",NA,"C"
"dimagjo01","Baseball Magazine All-Star",1940,"AL",NA,"CF"
"greenha01","Baseball Magazine All-Star",1940,"AL",NA,"LF"
"fellebo01","Baseball Magazine All-Star",1940,"AL",NA,"P1"
"newsobo01","Baseball Magazine All-Star",1940,"AL",NA,"P2"
"kellech01","Baseball Magazine All-Star",1940,"AL",NA,"RF"
"applilu01","Baseball Magazine All-Star",1940,"AL",NA,"SS"
"mizejo01","Baseball Magazine All-Star",1940,"ML",NA,"1B"
"gordojo01","Baseball Magazine All-Star",1940,"ML",NA,"2B"
"cliftha01","Baseball Magazine All-Star",1940,"ML",NA,"3B"
"danniha01","Baseball Magazine All-Star",1940,"ML",NA,"C"
"dimagjo01","Baseball Magazine All-Star",1940,"ML",NA,"CF"
"greenha01","Baseball Magazine All-Star",1940,"ML",NA,"LF"
"fellebo01","Baseball Magazine All-Star",1940,"ML",NA,"P1"
"waltebu01","Baseball Magazine All-Star",1940,"ML",NA,"P2"
"newsobo01","Baseball Magazine All-Star",1940,"ML",NA,"P3"
"derripa01","Baseball Magazine All-Star",1940,"ML",NA,"P4"
"nichobi01","Baseball Magazine All-Star",1940,"ML",NA,"RF"
"applilu01","Baseball Magazine All-Star",1940,"ML",NA,"SS"
"mizejo01","Baseball Magazine All-Star",1940,"NL",NA,"1B"
"hermabi01","Baseball Magazine All-Star",1940,"NL",NA,"2B"
"werbebi01","Baseball Magazine All-Star",1940,"NL",NA,"3B"
"danniha01","Baseball Magazine All-Star",1940,"NL",NA,"C"
"leibeha01","Baseball Magazine All-Star",1940,"NL",NA,"CF"
"medwijo01","Baseball Magazine All-Star",1940,"NL",NA,"LF"
"waltebu01","Baseball Magazine All-Star",1940,"NL",NA,"P1"
"derripa01","Baseball Magazine All-Star",1940,"NL",NA,"P2"
"nichobi01","Baseball Magazine All-Star",1940,"NL",NA,"RF"
"milleed03","Baseball Magazine All-Star",1940,"NL",NA,"SS"
"greenha01","Most Valuable Player",1940,"AL",NA,NA
"mccorfr01","Most Valuable Player",1940,"NL",NA,NA
"fellebo01","Pitching Triple Crown",1940,"AL",NA,NA
"mccorfr01","TSN All-Star",1940,"ML",NA,"1B"
"gordojo01","TSN All-Star",1940,"ML",NA,"2B"
"hackst01","TSN All-Star",1940,"ML",NA,"3B"
"danniha01","TSN All-Star",1940,"ML",NA,"C"
"dimagjo01","TSN All-Star",1940,"ML",NA,"OF"
"greenha01","TSN All-Star",1940,"ML",NA,"OF"
"willite01","TSN All-Star",1940,"ML",NA,"OF"
"derripa01","TSN All-Star",1940,"ML",NA,"P"
"fellebo01","TSN All-Star",1940,"ML",NA,"P"
"waltebu01","TSN All-Star",1940,"ML",NA,"P"
"applilu01","TSN All-Star",1940,"ML",NA,"SS"
"greenha01","TSN Guide MVP",1940,"AL",NA,NA
"mccorfr01","TSN Guide MVP",1940,"NL",NA,NA
"fellebo01","TSN Major League Player of the Year",1940,"ML",NA,NA
"foxxji01","Baseball Magazine All-Star",1941,"AL",NA,"1B"
"gordojo01","Baseball Magazine All-Star",1941,"AL",NA,"2B"
"taborji01","Baseball Magazine All-Star",1941,"AL",NA,"3B"
"dickebi01","Baseball Magazine All-Star",1941,"AL",NA,"C"
"dimagjo01","Baseball Magazine All-Star",1941,"AL",NA,"CF"
"willite01","Baseball Magazine All-Star",1941,"AL",NA,"LF"
"fellebo01","Baseball Magazine All-Star",1941,"AL",NA,"P1"
"leeth01","Baseball Magazine All-Star",1941,"AL",NA,"P2"
"ruffire01","Baseball Magazine All-Star",1941,"AL",NA,"P3"
"newsodi01","Baseball Magazine All-Star",1941,"AL",NA,"P4"
"leonadu02","Baseball Magazine All-Star",1941,"AL",NA,"P5"
"heathje01","Baseball Magazine All-Star",1941,"AL",NA,"RF"
"travice01","Baseball Magazine All-Star",1941,"AL",NA,"SS"
"camildo01","Baseball Magazine All-Star",1941,"ML",NA,"1B"
"gordojo01","Baseball Magazine All-Star",1941,"ML",NA,"2B"
"brownji03","Baseball Magazine All-Star",1941,"ML",NA,"3B"
"dickebi01","Baseball Magazine All-Star",1941,"ML",NA,"C"
"dimagjo01","Baseball Magazine All-Star",1941,"ML",NA,"CF"
"willite01","Baseball Magazine All-Star",1941,"ML",NA,"LF"
"fellebo01","Baseball Magazine All-Star",1941,"ML",NA,"P1"
"wyattwh01","Baseball Magazine All-Star",1941,"ML",NA,"P2"
"leeth01","Baseball Magazine All-Star",1941,"ML",NA,"P3"
"whiteer01","Baseball Magazine All-Star",1941,"ML",NA,"P4"
"riddlel01","Baseball Magazine All-Star",1941,"ML",NA,"P5"
"heathje01","Baseball Magazine All-Star",1941,"ML",NA,"RF"
"travice01","Baseball Magazine All-Star",1941,"ML",NA,"SS"
"camildo01","Baseball Magazine All-Star",1941,"NL",NA,"1B"
"crespcr01","Baseball Magazine All-Star",1941,"NL",NA,"2B"
"brownji03","Baseball Magazine All-Star",1941,"NL",NA,"3B"
"lopezal01","Baseball Magazine All-Star",1941,"NL",NA,"C"
"reisepe01","Baseball Magazine All-Star",1941,"NL",NA,"CF"
"medwijo01","Baseball Magazine All-Star",1941,"NL",NA,"LF"
"wyattwh01","Baseball Magazine All-Star",1941,"NL",NA,"P1"
"riddlel01","Baseball Magazine All-Star",1941,"NL",NA,"P2"
"whiteer01","Baseball Magazine All-Star",1941,"NL",NA,"P3"
"higbeki01","Baseball Magazine All-Star",1941,"NL",NA,"P4"
"warnelo01","Baseball Magazine All-Star",1941,"NL",NA,"P5"
"slaugen01","Baseball Magazine All-Star",1941,"NL",NA,"RF"
"jurgebi01","Baseball Magazine All-Star",1941,"NL",NA,"SS"
"dimagjo01","Most Valuable Player",1941,"AL",NA,NA
"camildo01","Most Valuable Player",1941,"NL",NA,NA
"camildo01","TSN All-Star",1941,"ML",NA,"1B"
"gordojo01","TSN All-Star",1941,"ML",NA,"2B"
"hackst01","TSN All-Star",1941,"ML",NA,"3B"
"dickebi01","TSN All-Star",1941,"ML",NA,"C"
"dimagjo01","TSN All-Star",1941,"ML",NA,"OF"
"reisepe01","TSN All-Star",1941,"ML",NA,"OF"
"willite01","TSN All-Star",1941,"ML",NA,"OF"
"fellebo01","TSN All-Star",1941,"ML",NA,"P"
"leeth01","TSN All-Star",1941,"ML",NA,"P"
"wyattwh01","TSN All-Star",1941,"ML",NA,"P"
"travice01","TSN All-Star",1941,"ML",NA,"SS"
"dimagjo01","TSN Guide MVP",1941,"AL",NA,NA
"camildo01","TSN Guide MVP",1941,"NL",NA,NA
"willite01","TSN Major League Player of the Year",1941,"ML",NA,NA
"hassebu01","Baseball Magazine All-Star",1942,"AL",NA,"1B"
"gordojo01","Baseball Magazine All-Star",1942,"AL",NA,"2B"
"keltnke01","Baseball Magazine All-Star",1942,"AL",NA,"3B"
"dickebi01","Baseball Magazine All-Star",1942,"AL",NA,"C"
"dimagjo01","Baseball Magazine All-Star",1942,"AL",NA,"CF"
"willite01","Baseball Magazine All-Star",1942,"AL",NA,"LF"
"hughste01","Baseball Magazine All-Star",1942,"AL",NA,"P1"
"bonhati01","Baseball Magazine All-Star",1942,"AL",NA,"P2"
"bagbyji02","Baseball Magazine All-Star",1942,"AL",NA,"P3"
"marchph01","Baseball Magazine All-Star",1942,"AL",NA,"P4"
"chandsp01","Baseball Magazine All-Star",1942,"AL",NA,"P5"
"spencst01","Baseball Magazine All-Star",1942,"AL",NA,"RF"
"stephve01","Baseball Magazine All-Star",1942,"AL",NA,"SS"
"mizejo01","Baseball Magazine All-Star",1942,"ML",NA,"1B"
"gordojo01","Baseball Magazine All-Star",1942,"ML",NA,"2B"
"keltnke01","Baseball Magazine All-Star",1942,"ML",NA,"3B"
"dickebi01","Baseball Magazine All-Star",1942,"ML",NA,"C"
"dimagjo01","Baseball Magazine All-Star",1942,"ML",NA,"CF"
"willite01","Baseball Magazine All-Star",1942,"ML",NA,"LF"
"coopemo01","Baseball Magazine All-Star",1942,"ML",NA,"P1"
"hughste01","Baseball Magazine All-Star",1942,"ML",NA,"P2"
"wyattwh01","Baseball Magazine All-Star",1942,"ML",NA,"P3"
"bonhati01","Baseball Magazine All-Star",1942,"ML",NA,"P4"
"vandejo01","Baseball Magazine All-Star",1942,"ML",NA,"P5"
"slaugen01","Baseball Magazine All-Star",1942,"ML",NA,"RF"
"stephve01","Baseball Magazine All-Star",1942,"ML",NA,"SS"
"mizejo01","Baseball Magazine All-Star",1942,"NL",NA,"1B"
"brownji03","Baseball Magazine All-Star",1942,"NL",NA,"2B"
"vaughar01","Baseball Magazine All-Star",1942,"NL",NA,"3B"
"lombaer01","Baseball Magazine All-Star",1942,"NL",NA,"C"
"reisepe01","Baseball Magazine All-Star",1942,"NL",NA,"CF"
"medwijo01","Baseball Magazine All-Star",1942,"NL",NA,"LF"
"coopemo01","Baseball Magazine All-Star",1942,"NL",NA,"P1"
"wyattwh01","Baseball Magazine All-Star",1942,"NL",NA,"P2"
"vandejo01","Baseball Magazine All-Star",1942,"NL",NA,"P3"
"hugheto04","Baseball Magazine All-Star",1942,"NL",NA,"P4"
"beazljo01","Baseball Magazine All-Star",1942,"NL",NA,"P5"
"slaugen01","Baseball Magazine All-Star",1942,"NL",NA,"RF"
"marioma01","Baseball Magazine All-Star",1942,"NL",NA,"SS"
"gordojo01","Most Valuable Player",1942,"AL",NA,NA
"coopemo01","Most Valuable Player",1942,"NL",NA,NA
"willite01","Triple Crown",1942,"AL",NA,NA
"mizejo01","TSN All-Star",1942,"ML",NA,"1B"
"gordojo01","TSN All-Star",1942,"ML",NA,"2B"
"hackst01","TSN All-Star",1942,"ML",NA,"3B"
"owenmi01","TSN All-Star",1942,"ML",NA,"C"
"dimagjo01","TSN All-Star",1942,"ML",NA,"OF"
"slaugen01","TSN All-Star",1942,"ML",NA,"OF"
"willite01","TSN All-Star",1942,"ML",NA,"OF"
"bonhati01","TSN All-Star",1942,"ML",NA,"P"
"coopemo01","TSN All-Star",1942,"ML",NA,"P"
"hughste01","TSN All-Star",1942,"ML",NA,"P"
"peskyjo01","TSN All-Star",1942,"ML",NA,"SS"
"gordojo01","TSN Guide MVP",1942,"AL",NA,NA
"coopemo01","TSN Guide MVP",1942,"NL",NA,NA
"willite01","TSN Major League Player of the Year",1942,"ML",NA,NA
"yorkru01","Baseball Magazine All-Star",1943,"AL",NA,"1B"
"gordojo01","Baseball Magazine All-Star",1943,"AL",NA,"2B"
"johnsbi03","Baseball Magazine All-Star",1943,"AL",NA,"3B"
"dickebi01","Baseball Magazine All-Star",1943,"AL",NA,"C"
"spencst01","Baseball Magazine All-Star",1943,"AL",NA,"CF"
"kellech01","Baseball Magazine All-Star",1943,"AL",NA,"LF"
"chandsp01","Baseball Magazine All-Star",1943,"AL",NA,"P1"
"troutdi01","Baseball Magazine All-Star",1943,"AL",NA,"P2"
"smithal03","Baseball Magazine All-Star",1943,"AL",NA,"P3"
"wakefdi01","Baseball Magazine All-Star",1943,"AL",NA,"RF"
"applilu01","Baseball Magazine All-Star",1943,"AL",NA,"SS"
"yorkru01","Baseball Magazine All-Star",1943,"ML",NA,"1B"
"hermabi01","Baseball Magazine All-Star",1943,"ML",NA,"2B"
"johnsbi03","Baseball Magazine All-Star",1943,"ML",NA,"3B"
"dickebi01","Baseball Magazine All-Star",1943,"ML",NA,"C"
"musiast01","Baseball Magazine All-Star",1943,"ML",NA,"CF"
"kellech01","Baseball Magazine All-Star",1943,"ML",NA,"LF"
"chandsp01","Baseball Magazine All-Star",1943,"ML",NA,"P1"
"coopemo01","Baseball Magazine All-Star",1943,"ML",NA,"P2"
"sewelri01","Baseball Magazine All-Star",1943,"ML",NA,"P3"
"nichobi01","Baseball Magazine All-Star",1943,"ML",NA,"RF"
"marioma01","Baseball Magazine All-Star",1943,"ML",NA,"SS"
"mccorfr01","Baseball Magazine All-Star",1943,"NL",NA,"1B"
"hermabi01","Baseball Magazine All-Star",1943,"NL",NA,"2B"
"vaughar01","Baseball Magazine All-Star",1943,"NL",NA,"3B"
"coopewa01","Baseball Magazine All-Star",1943,"NL",NA,"C"
"dimagvi01","Baseball Magazine All-Star",1943,"NL",NA,"CF"
"musiast01","Baseball Magazine All-Star",1943,"NL",NA,"LF"
"coopemo01","Baseball Magazine All-Star",1943,"NL",NA,"P1"
"sewelri01","Baseball Magazine All-Star",1943,"NL",NA,"P2"
"riddlel01","Baseball Magazine All-Star",1943,"NL",NA,"P3"
"nichobi01","Baseball Magazine All-Star",1943,"NL",NA,"RF"
"marioma01","Baseball Magazine All-Star",1943,"NL",NA,"SS"
"chandsp01","Most Valuable Player",1943,"AL",NA,NA
"musiast01","Most Valuable Player",1943,"NL",NA,NA
"yorkru01","TSN All-Star",1943,"ML",NA,"1B"
"hermabi01","TSN All-Star",1943,"ML",NA,"2B"
"johnsbi03","TSN All-Star",1943,"ML",NA,"3B"
"coopewa01","TSN All-Star",1943,"ML",NA,"C"
"musiast01","TSN All-Star",1943,"ML",NA,"OF"
"nichobi01","TSN All-Star",1943,"ML",NA,"OF"
"wakefdi01","TSN All-Star",1943,"ML",NA,"OF"
"chandsp01","TSN All-Star",1943,"ML",NA,"P"
"coopemo01","TSN All-Star",1943,"ML",NA,"P"
"sewelri01","TSN All-Star",1943,"ML",NA,"P"
"applilu01","TSN All-Star",1943,"ML",NA,"SS"
"chandsp01","TSN Guide MVP",1943,"AL",NA,NA
"musiast01","TSN Guide MVP",1943,"NL",NA,NA
"chandsp01","TSN Major League Player of the Year",1943,"ML",NA,NA
"yorkru01","Baseball Magazine All-Star",1944,"AL",NA,"1B"
"stirnsn01","Baseball Magazine All-Star",1944,"AL",NA,"2B"
"keltnke01","Baseball Magazine All-Star",1944,"AL",NA,"3B"
"hayesfr01","Baseball Magazine All-Star",1944,"AL",NA,"C"
"spencst01","Baseball Magazine All-Star",1944,"AL",NA,"CF"
"wakefdi01","Baseball Magazine All-Star",1944,"AL",NA,"LF"
"newhoha01","Baseball Magazine All-Star",1944,"AL",NA,"P1"
"troutdi01","Baseball Magazine All-Star",1944,"AL",NA,"P2"
"hughste01","Baseball Magazine All-Star",1944,"AL",NA,"P3"
"foxpe01","Baseball Magazine All-Star",1944,"AL",NA,"RF"
"stephve01","Baseball Magazine All-Star",1944,"AL",NA,"SS"
"yorkru01","Baseball Magazine All-Star",1944,"ML",NA,"1B"
"stirnsn01","Baseball Magazine All-Star",1944,"ML",NA,"2B"
"elliobo01","Baseball Magazine All-Star",1944,"ML",NA,"3B"
"coopewa01","Baseball Magazine All-Star",1944,"ML",NA,"C"
"musiast01","Baseball Magazine All-Star",1944,"ML",NA,"CF"
"wakefdi01","Baseball Magazine All-Star",1944,"ML",NA,"LF"
"newhoha01","Baseball Magazine All-Star",1944,"ML",NA,"P1"
"waltebu01","Baseball Magazine All-Star",1944,"ML",NA,"P2"
"coopemo01","Baseball Magazine All-Star",1944,"ML",NA,"P3"
"nichobi01","Baseball Magazine All-Star",1944,"ML",NA,"RF"
"marioma01","Baseball Magazine All-Star",1944,"ML",NA,"SS"
"sandera01","Baseball Magazine All-Star",1944,"NL",NA,"1B"
"verbaem01","Baseball Magazine All-Star",1944,"NL",NA,"2B"
"elliobo01","Baseball Magazine All-Star",1944,"NL",NA,"3B"
"coopewa01","Baseball Magazine All-Star",1944,"NL",NA,"C"
"musiast01","Baseball Magazine All-Star",1944,"NL",NA,"CF"
"medwijo01","Baseball Magazine All-Star",1944,"NL",NA,"LF"
"waltebu01","Baseball Magazine All-Star",1944,"NL",NA,"P1"
"coopemo01","Baseball Magazine All-Star",1944,"NL",NA,"P2"
"voisebi01","Baseball Magazine All-Star",1944,"NL",NA,"P3"
"nichobi01","Baseball Magazine All-Star",1944,"NL",NA,"RF"
"marioma01","Baseball Magazine All-Star",1944,"NL",NA,"SS"
"newhoha01","Most Valuable Player",1944,"AL",NA,NA
"marioma01","Most Valuable Player",1944,"NL",NA,NA
"sandera01","TSN All-Star",1944,"ML",NA,"1B"
"doerrbo01","TSN All-Star",1944,"ML",NA,"2B"
"elliobo01","TSN All-Star",1944,"ML",NA,"3B"
"coopewa01","TSN All-Star",1944,"ML",NA,"C"
"musiast01","TSN All-Star",1944,"ML",NA,"OF"
"wakefdi01","TSN All-Star",1944,"ML",NA,"OF"
"walkedi02","TSN All-Star",1944,"ML",NA,"OF"
"coopemo01","TSN All-Star",1944,"ML",NA,"P"
"newhoha01","TSN All-Star",1944,"ML",NA,"P"
"troutdi01","TSN All-Star",1944,"ML",NA,"P"
"marioma01","TSN All-Star",1944,"ML",NA,"SS"
"doerrbo01","TSN Guide MVP",1944,"AL",NA,NA
"marioma01","TSN Guide MVP",1944,"NL",NA,NA
"marioma01","TSN Major League Player of the Year",1944,"ML",NA,NA
"newhoha01","TSN Pitcher of the Year",1944,"AL",NA,NA
"voisebi01","TSN Pitcher of the Year",1944,"NL",NA,NA
"doerrbo01","TSN Player of the Year",1944,"AL",NA,NA
"marioma01","TSN Player of the Year",1944,"NL",NA,NA
"ettenni01","Baseball Magazine All-Star",1945,"AL",NA,"1B"
"stirnsn01","Baseball Magazine All-Star",1945,"AL",NA,"2B"
"cuccito01","Baseball Magazine All-Star",1945,"AL",NA,"3B"
"richapa01","Baseball Magazine All-Star",1945,"AL",NA,"C"
"heathje01","Baseball Magazine All-Star",1945,"AL",NA,"CF"
"greenha01","Baseball Magazine All-Star",1945,"AL",NA,"LF"
"newhoha01","Baseball Magazine All-Star",1945,"AL",NA,"P1"
"ferrida01","Baseball Magazine All-Star",1945,"AL",NA,"P2"
"gromest01","Baseball Magazine All-Star",1945,"AL",NA,"P3"
"wolffro01","Baseball Magazine All-Star",1945,"AL",NA,"P4"
"cullero01","Baseball Magazine All-Star",1945,"AL",NA,"RF"
"stephve01","Baseball Magazine All-Star",1945,"AL",NA,"SS"
"cavarph01","Baseball Magazine All-Star",1945,"ML",NA,"1B"
"stirnsn01","Baseball Magazine All-Star",1945,"ML",NA,"2B"
"kurowwh01","Baseball Magazine All-Star",1945,"ML",NA,"3B"
"richapa01","Baseball Magazine All-Star",1945,"ML",NA,"C"
"pafkoan01","Baseball Magazine All-Star",1945,"ML",NA,"CF"
"greenha01","Baseball Magazine All-Star",1945,"ML",NA,"LF"
"newhoha01","Baseball Magazine All-Star",1945,"ML",NA,"P1"
"brechha01","Baseball Magazine All-Star",1945,"ML",NA,"P2"
"ferrida01","Baseball Magazine All-Star",1945,"ML",NA,"P3"
"borowha01","Baseball Magazine All-Star",1945,"ML",NA,"P4"
"walkedi02","Baseball Magazine All-Star",1945,"ML",NA,"RF"
"stephve01","Baseball Magazine All-Star",1945,"ML",NA,"SS"
"cavarph01","Baseball Magazine All-Star",1945,"NL",NA,"1B"
"verbaem01","Baseball Magazine All-Star",1945,"NL",NA,"2B"
"kurowwh01","Baseball Magazine All-Star",1945,"NL",NA,"3B"
"lopezal01","Baseball Magazine All-Star",1945,"NL",NA,"C"
"pafkoan01","Baseball Magazine All-Star",1945,"NL",NA,"CF"
"holmeto01","Baseball Magazine All-Star",1945,"NL",NA,"LF"
"brechha01","Baseball Magazine All-Star",1945,"NL",NA,"P1"
"borowha01","Baseball Magazine All-Star",1945,"NL",NA,"P2"
"barrere01","Baseball Magazine All-Star",1945,"NL",NA,"P3"
"wyseha01","Baseball Magazine All-Star",1945,"NL",NA,"P4"
"walkedi02","Baseball Magazine All-Star",1945,"NL",NA,"RF"
"marioma01","Baseball Magazine All-Star",1945,"NL",NA,"SS"
"newhoha01","Most Valuable Player",1945,"AL",NA,NA
"cavarph01","Most Valuable Player",1945,"NL",NA,NA
"newhoha01","Pitching Triple Crown",1945,"AL",NA,NA
"cavarph01","TSN All-Star",1945,"ML",NA,"1B"
"stirnsn01","TSN All-Star",1945,"ML",NA,"2B"
"kurowwh01","TSN All-Star",1945,"ML",NA,"3B"
"richapa01","TSN All-Star",1945,"ML",NA,"C"
"holmeto01","TSN All-Star",1945,"ML",NA,"OF"
"pafkoan01","TSN All-Star",1945,"ML",NA,"OF"
"rosengo01","TSN All-Star",1945,"ML",NA,"OF"
"borowha01","TSN All-Star",1945,"ML",NA,"P"
"ferrida01","TSN All-Star",1945,"ML",NA,"P"
"newhoha01","TSN All-Star",1945,"ML",NA,"P"
"marioma01","TSN All-Star",1945,"ML",NA,"SS"
"mayoed01","TSN Guide MVP",1945,"AL",NA,NA
"holmeto01","TSN Guide MVP",1945,"NL",NA,NA
"newhoha01","TSN Major League Player of the Year",1945,"ML",NA,NA
"newhoha01","TSN Pitcher of the Year",1945,"AL",NA,NA
"borowha01","TSN Pitcher of the Year",1945,"NL",NA,NA
"mayoed01","TSN Player of the Year",1945,"AL",NA,NA
"holmeto01","TSN Player of the Year",1945,"NL",NA,NA
"vernomi01","Baseball Magazine All-Star",1946,"AL",NA,"1B"
"doerrbo01","Baseball Magazine All-Star",1946,"AL",NA,"2B"
"kellge01","Baseball Magazine All-Star",1946,"AL",NA,"3B"
"robinaa01","Baseball Magazine All-Star",1946,"AL",NA,"C"
"dimagjo01","Baseball Magazine All-Star",1946,"AL",NA,"CF"
"willite01","Baseball Magazine All-Star",1946,"AL",NA,"LF"
"fellebo01","Baseball Magazine All-Star",1946,"AL",NA,"P1"
"newhoha01","Baseball Magazine All-Star",1946,"AL",NA,"P2"
"ferrida01","Baseball Magazine All-Star",1946,"AL",NA,"P3"
"cullero01","Baseball Magazine All-Star",1946,"AL",NA,"RF"
"boudrlo01","Baseball Magazine All-Star",1946,"AL",NA,"SS"
"musiast01","Baseball Magazine All-Star",1946,"ML",NA,"1B"
"doerrbo01","Baseball Magazine All-Star",1946,"ML",NA,"2B"
"kurowwh01","Baseball Magazine All-Star",1946,"ML",NA,"3B"
"robinaa01","Baseball Magazine All-Star",1946,"ML",NA,"C"
"dimagjo01","Baseball Magazine All-Star",1946,"ML",NA,"CF"
"willite01","Baseball Magazine All-Star",1946,"ML",NA,"LF"
"fellebo01","Baseball Magazine All-Star",1946,"ML",NA,"P1"
"newhoha01","Baseball Magazine All-Star",1946,"ML",NA,"P2"
"polleho01","Baseball Magazine All-Star",1946,"ML",NA,"P3"
"slaugen01","Baseball Magazine All-Star",1946,"ML",NA,"RF"
"boudrlo01","Baseball Magazine All-Star",1946,"ML",NA,"SS"
"musiast01","Baseball Magazine All-Star",1946,"NL",NA,"1B"
"stanked01","Baseball Magazine All-Star",1946,"NL",NA,"2B"
"kurowwh01","Baseball Magazine All-Star",1946,"NL",NA,"3B"
"mcculcl01","Baseball Magazine All-Star",1946,"NL",NA,"C"
"cavarph01","Baseball Magazine All-Star",1946,"NL",NA,"CF"
"ennisde01","Baseball Magazine All-Star",1946,"NL",NA,"LF"
"polleho01","Baseball Magazine All-Star",1946,"NL",NA,"P1"
"sainjo01","Baseball Magazine All-Star",1946,"NL",NA,"P2"
"brechha01","Baseball Magazine All-Star",1946,"NL",NA,"P3"
"slaugen01","Baseball Magazine All-Star",1946,"NL",NA,"RF"
"reesepe01","Baseball Magazine All-Star",1946,"NL",NA,"SS"
"willite01","Most Valuable Player",1946,"AL",NA,NA
"musiast01","Most Valuable Player",1946,"NL",NA,NA
"musiast01","TSN All-Star",1946,"ML",NA,"1B"
"doerrbo01","TSN All-Star",1946,"ML",NA,"2B"
"kellge01","TSN All-Star",1946,"ML",NA,"3B"
"robinaa01","TSN All-Star",1946,"ML",NA,"C"
"dimagdo01","TSN All-Star",1946,"ML",NA,"OF"
"slaugen01","TSN All-Star",1946,"ML",NA,"OF"
"willite01","TSN All-Star",1946,"ML",NA,"OF"
"fellebo01","TSN All-Star",1946,"ML",NA,"P"
"ferrida01","TSN All-Star",1946,"ML",NA,"P"
"newhoha01","TSN All-Star",1946,"ML",NA,"P"
"peskyjo01","TSN All-Star",1946,"ML",NA,"SS"
"musiast01","TSN Major League Player of the Year",1946,"ML",NA,NA
"mcquige02","Baseball Magazine All-Star",1947,"AL",NA,"1B"
"gordojo01","Baseball Magazine All-Star",1947,"AL",NA,"2B"
"kellge01","Baseball Magazine All-Star",1947,"AL",NA,"3B"
"berrayo01","Baseball Magazine All-Star",1947,"AL",NA,"C"
"dimagjo01","Baseball Magazine All-Star",1947,"AL",NA,"CF"
"willite01","Baseball Magazine All-Star",1947,"AL",NA,"LF"
"fellebo01","Baseball Magazine All-Star",1947,"AL",NA,"P1"
"newhoha01","Baseball Magazine All-Star",1947,"AL",NA,"P2"
"reynoal01","Baseball Magazine All-Star",1947,"AL",NA,"P3"
"henrito01","Baseball Magazine All-Star",1947,"AL",NA,"RF"
"boudrlo01","Baseball Magazine All-Star",1947,"AL",NA,"SS"
"mizejo01","Baseball Magazine All-Star",1947,"ML",NA,"1B"
"gordojo01","Baseball Magazine All-Star",1947,"ML",NA,"2B"
"elliobo01","Baseball Magazine All-Star",1947,"ML",NA,"3B"
"edwarbr01","Baseball Magazine All-Star",1947,"ML",NA,"C"
"dimagjo01","Baseball Magazine All-Star",1947,"ML",NA,"CF"
"willite01","Baseball Magazine All-Star",1947,"ML",NA,"LF"
"fellebo01","Baseball Magazine All-Star",1947,"ML",NA,"P1"
"blackew01","Baseball Magazine All-Star",1947,"ML",NA,"P2"
"newhoha01","Baseball Magazine All-Star",1947,"ML",NA,"P3"
"slaugen01","Baseball Magazine All-Star",1947,"ML",NA,"RF"
"boudrlo01","Baseball Magazine All-Star",1947,"ML",NA,"SS"
"mizejo01","Baseball Magazine All-Star",1947,"NL",NA,"1B"
"stanked01","Baseball Magazine All-Star",1947,"NL",NA,"2B"
"elliobo01","Baseball Magazine All-Star",1947,"NL",NA,"3B"
"edwarbr01","Baseball Magazine All-Star",1947,"NL",NA,"C"
"slaugen01","Baseball Magazine All-Star",1947,"NL",NA,"CF"
"kinerra01","Baseball Magazine All-Star",1947,"NL",NA,"LF"
"blackew01","Baseball Magazine All-Star",1947,"NL",NA,"P1"
"brancra01","Baseball Magazine All-Star",1947,"NL",NA,"P2"
"spahnwa01","Baseball Magazine All-Star",1947,"NL",NA,"P3"
"marshwi01","Baseball Magazine All-Star",1947,"NL",NA,"RF"
"reesepe01","Baseball Magazine All-Star",1947,"NL",NA,"SS"
"dimagjo01","Most Valuable Player",1947,"AL",NA,NA
"elliobo01","Most Valuable Player",1947,"NL",NA,NA
"robinja02","Rookie of the Year",1947,"ML",NA,NA
"willite01","Triple Crown",1947,"AL",NA,NA
"mizejo01","TSN All-Star",1947,"ML",NA,"1B"
"gordojo01","TSN All-Star",1947,"ML",NA,"2B"
"kellge01","TSN All-Star",1947,"ML",NA,"3B"
"coopewa01","TSN All-Star",1947,"ML",NA,"C"
"dimagjo01","TSN All-Star",1947,"ML",NA,"OF"
"kinerra01","TSN All-Star",1947,"ML",NA,"OF"
"willite01","TSN All-Star",1947,"ML",NA,"OF"
"blackew01","TSN All-Star",1947,"ML",NA,"P"
"brancra01","TSN All-Star",1947,"ML",NA,"P"
"fellebo01","TSN All-Star",1947,"ML",NA,"P"
"boudrlo01","TSN All-Star",1947,"ML",NA,"SS"
"willite01","TSN Major League Player of the Year",1947,"ML",NA,NA
"fainfe01","Baseball Magazine All-Star",1948,"AL",NA,"1B"
"gordojo01","Baseball Magazine All-Star",1948,"AL",NA,"2B"
"kellge01","Baseball Magazine All-Star",1948,"AL",NA,"3B"
"tebbebi01","Baseball Magazine All-Star",1948,"AL",NA,"C"
"dimagjo01","Baseball Magazine All-Star",1948,"AL",NA,"CF"
"willite01","Baseball Magazine All-Star",1948,"AL",NA,"LF"
"lemonbo01","Baseball Magazine All-Star",1948,"AL",NA,"P1"
"newhoha01","Baseball Magazine All-Star",1948,"AL",NA,"P2"
"raschvi01","Baseball Magazine All-Star",1948,"AL",NA,"P3"
"henrito01","Baseball Magazine All-Star",1948,"AL",NA,"RF"
"boudrlo01","Baseball Magazine All-Star",1948,"AL",NA,"SS"
"mizejo01","Baseball Magazine All-Star",1948,"ML",NA,"1B"
"gordojo01","Baseball Magazine All-Star",1948,"ML",NA,"2B"
"pafkoan01","Baseball Magazine All-Star",1948,"ML",NA,"3B"
"tebbebi01","Baseball Magazine All-Star",1948,"ML",NA,"C"
"dimagjo01","Baseball Magazine All-Star",1948,"ML",NA,"CF"
"willite01","Baseball Magazine All-Star",1948,"ML",NA,"LF"
"lemonbo01","Baseball Magazine All-Star",1948,"ML",NA,"P1"
"sainjo01","Baseball Magazine All-Star",1948,"ML",NA,"P2"
"newhoha01","Baseball Magazine All-Star",1948,"ML",NA,"P3"
"musiast01","Baseball Magazine All-Star",1948,"ML",NA,"RF"
"boudrlo01","Baseball Magazine All-Star",1948,"ML",NA,"SS"
"mizejo01","Baseball Magazine All-Star",1948,"NL",NA,"1B"
"robinja02","Baseball Magazine All-Star",1948,"NL",NA,"2B"
"pafkoan01","Baseball Magazine All-Star",1948,"NL",NA,"3B"
"masiph01","Baseball Magazine All-Star",1948,"NL",NA,"C"
"slaugen01","Baseball Magazine All-Star",1948,"NL",NA,"CF"
"kinerra01","Baseball Magazine All-Star",1948,"NL",NA,"LF"
"sainjo01","Baseball Magazine All-Star",1948,"NL",NA,"P1"
"schmijo01","Baseball Magazine All-Star",1948,"NL",NA,"P2"
"brechha01","Baseball Magazine All-Star",1948,"NL",NA,"P3"
"musiast01","Baseball Magazine All-Star",1948,"NL",NA,"RF"
"darkal01","Baseball Magazine All-Star",1948,"NL",NA,"SS"
"boudrlo01","Most Valuable Player",1948,"AL",NA,NA
"musiast01","Most Valuable Player",1948,"NL",NA,NA
"darkal01","Rookie of the Year",1948,"ML",NA,NA
"mizejo01","TSN All-Star",1948,"ML",NA,"1B"
"gordojo01","TSN All-Star",1948,"ML",NA,"2B"
"elliobo01","TSN All-Star",1948,"ML",NA,"3B"
"tebbebi01","TSN All-Star",1948,"ML",NA,"C"
"dimagjo01","TSN All-Star",1948,"ML",NA,"OF"
"musiast01","TSN All-Star",1948,"ML",NA,"OF"
"willite01","TSN All-Star",1948,"ML",NA,"OF"
"brechha01","TSN All-Star",1948,"ML",NA,"P"
"lemonbo01","TSN All-Star",1948,"ML",NA,"P"
"sainjo01","TSN All-Star",1948,"ML",NA,"P"
"boudrlo01","TSN All-Star",1948,"ML",NA,"SS"
"boudrlo01","TSN Major League Player of the Year",1948,"ML",NA,NA
"lemonbo01","TSN Pitcher of the Year",1948,"AL",NA,NA
"sainjo01","TSN Pitcher of the Year",1948,"NL",NA,NA
"boudrlo01","TSN Player of the Year",1948,"AL",NA,NA
"musiast01","TSN Player of the Year",1948,"NL",NA,NA
"pagejo01","Babe Ruth Award",1949,"AL",NA,"P"
"henrito01","Baseball Magazine All-Star",1949,"AL",NA,"1B"
"michaca01","Baseball Magazine All-Star",1949,"AL",NA,"2B"
"kellge01","Baseball Magazine All-Star",1949,"AL",NA,"3B"
"berrayo01","Baseball Magazine All-Star",1949,"AL",NA,"C"
"dimagdo01","Baseball Magazine All-Star",1949,"AL",NA,"CF"
"willite01","Baseball Magazine All-Star",1949,"AL",NA,"LF"
"raschvi01","Baseball Magazine All-Star",1949,"AL",NA,"P1"
"pagejo01","Baseball Magazine All-Star",1949,"AL",NA,"P2"
"parneme01","Baseball Magazine All-Star",1949,"AL",NA,"P3"
"wertzvi01","Baseball Magazine All-Star",1949,"AL",NA,"RF"
"stephve01","Baseball Magazine All-Star",1949,"AL",NA,"SS"
"henrito01","Baseball Magazine All-Star",1949,"ML",NA,"1B"
"robinja02","Baseball Magazine All-Star",1949,"ML",NA,"2B"
"kellge01","Baseball Magazine All-Star",1949,"ML",NA,"3B"
"berrayo01","Baseball Magazine All-Star",1949,"ML",NA,"C"
"musiast01","Baseball Magazine All-Star",1949,"ML",NA,"CF"
"willite01","Baseball Magazine All-Star",1949,"ML",NA,"LF"
"raschvi01","Baseball Magazine All-Star",1949,"ML",NA,"P1"
"polleho01","Baseball Magazine All-Star",1949,"ML",NA,"P2"
"spahnwa01","Baseball Magazine All-Star",1949,"ML",NA,"P3"
"parneme01","Baseball Magazine All-Star",1949,"ML",NA,"P4"
"wertzvi01","Baseball Magazine All-Star",1949,"ML",NA,"RF"
"stephve01","Baseball Magazine All-Star",1949,"ML",NA,"SS"
"hodgegi01","Baseball Magazine All-Star",1949,"NL",NA,"1B"
"robinja02","Baseball Magazine All-Star",1949,"NL",NA,"2B"
"gordosi01","Baseball Magazine All-Star",1949,"NL",NA,"3B"
"camparo01","Baseball Magazine All-Star",1949,"NL",NA,"C"
"musiast01","Baseball Magazine All-Star",1949,"NL",NA,"CF"
"kinerra01","Baseball Magazine All-Star",1949,"NL",NA,"LF"
"polleho01","Baseball Magazine All-Star",1949,"NL",NA,"P1"
"spahnwa01","Baseball Magazine All-Star",1949,"NL",NA,"P2"
"newcodo01","Baseball Magazine All-Star",1949,"NL",NA,"P3"
"slaugen01","Baseball Magazine All-Star",1949,"NL",NA,"RF"
"reesepe01","Baseball Magazine All-Star",1949,"NL",NA,"SS"
"willite01","Most Valuable Player",1949,"AL",NA,NA
"robinja02","Most Valuable Player",1949,"NL",NA,NA
"sievero01","Rookie of the Year",1949,"AL",NA,NA
"newcodo01","Rookie of the Year",1949,"NL",NA,NA
"henrito01","TSN All-Star",1949,"ML",NA,"1B"
"robinja02","TSN All-Star",1949,"ML",NA,"2B"
"kellge01","TSN All-Star",1949,"ML",NA,"3B"
"camparo01","TSN All-Star",1949,"ML",NA,"C"
"kinerra01","TSN All-Star",1949,"ML",NA,"OF"
"musiast01","TSN All-Star",1949,"ML",NA,"OF"
"willite01","TSN All-Star",1949,"ML",NA,"OF"
"kindeel01","TSN All-Star",1949,"ML",NA,"P"
"pagejo01","TSN All-Star",1949,"ML",NA,"P"
"parneme01","TSN All-Star",1949,"ML",NA,"P"
"rizzuph01","TSN All-Star",1949,"ML",NA,"SS"
"willite01","TSN Major League Player of the Year",1949,"ML",NA,NA
"kindeel01","TSN Pitcher of the Year",1949,"AL",NA,NA
"polleho01","TSN Pitcher of the Year",1949,"NL",NA,NA
"willite01","TSN Player of the Year",1949,"AL",NA,NA
"slaugen01","TSN Player of the Year",1949,"NL",NA,NA
"colemje01","Babe Ruth Award",1950,"AL",NA,"2B"
"dropowa01","Baseball Magazine All-Star",1950,"AL",NA,"1B"
"doerrbo01","Baseball Magazine All-Star",1950,"AL",NA,"2B"
"kellge01","Baseball Magazine All-Star",1950,"AL",NA,"3B"
"berrayo01","Baseball Magazine All-Star",1950,"AL",NA,"C"
"dimagjo01","Baseball Magazine All-Star",1950,"AL",NA,"CF"
"willite01","Baseball Magazine All-Star",1950,"AL",NA,"LF"
"raschvi01","Baseball Magazine All-Star",1950,"AL",NA,"P1"
"lemonbo01","Baseball Magazine All-Star",1950,"AL",NA,"P2"
"houttar01","Baseball Magazine All-Star",1950,"AL",NA,"P3"
"wertzvi01","Baseball Magazine All-Star",1950,"AL",NA,"RF"
"rizzuph01","Baseball Magazine All-Star",1950,"AL",NA,"SS"
"musiast01","Baseball Magazine All-Star",1950,"ML",NA,"1B"
"doerrbo01","Baseball Magazine All-Star",1950,"ML",NA,"2B"
"kellge01","Baseball Magazine All-Star",1950,"ML",NA,"3B"
"berrayo01","Baseball Magazine All-Star",1950,"ML",NA,"C"
"dimagjo01","Baseball Magazine All-Star",1950,"ML",NA,"CF"
"kinerra01","Baseball Magazine All-Star",1950,"ML",NA,"LF"
"spahnwa01","Baseball Magazine All-Star",1950,"ML",NA,"P1"
"raschvi01","Baseball Magazine All-Star",1950,"ML",NA,"P2"
"konstji01","Baseball Magazine All-Star",1950,"ML",NA,"P3"
"furilca01","Baseball Magazine All-Star",1950,"ML",NA,"RF"
"rizzuph01","Baseball Magazine All-Star",1950,"ML",NA,"SS"
"musiast01","Baseball Magazine All-Star",1950,"NL",NA,"1B"
"robinja02","Baseball Magazine All-Star",1950,"NL",NA,"2B"
"elliobo01","Baseball Magazine All-Star",1950,"NL",NA,"3B"
"camparo01","Baseball Magazine All-Star",1950,"NL",NA,"C"
"snidedu01","Baseball Magazine All-Star",1950,"NL",NA,"CF"
"kinerra01","Baseball Magazine All-Star",1950,"NL",NA,"LF"
"spahnwa01","Baseball Magazine All-Star",1950,"NL",NA,"P1"
"konstji01","Baseball Magazine All-Star",1950,"NL",NA,"P2"
"jansela01","Baseball Magazine All-Star",1950,"NL",NA,"P3"
"furilca01","Baseball Magazine All-Star",1950,"NL",NA,"RF"
"hamnegr01","Baseball Magazine All-Star",1950,"NL",NA,"SS"
"rizzuph01","Most Valuable Player",1950,"AL",NA,NA
"konstji01","Most Valuable Player",1950,"NL",NA,NA
"dropowa01","Rookie of the Year",1950,"AL",NA,NA
"jethrsa01","Rookie of the Year",1950,"NL",NA,NA
"dropowa01","TSN All-Star",1950,"ML",NA,"1B"
"robinja02","TSN All-Star",1950,"ML",NA,"2B"
"kellge01","TSN All-Star",1950,"ML",NA,"3B"
"berrayo01","TSN All-Star",1950,"ML",NA,"C"
"dobyla01","TSN All-Star",1950,"ML",NA,"OF"
"kinerra01","TSN All-Star",1950,"ML",NA,"OF"
"musiast01","TSN All-Star",1950,"ML",NA,"OF"
"konstji01","TSN All-Star",1950,"ML",NA,"P"
"lemonbo01","TSN All-Star",1950,"ML",NA,"P"
"raschvi01","TSN All-Star",1950,"ML",NA,"P"
"rizzuph01","TSN All-Star",1950,"ML",NA,"SS"
"rizzuph01","TSN Major League Player of the Year",1950,"ML",NA,NA
"lemonbo01","TSN Pitcher of the Year",1950,"AL",NA,NA
"konstji01","TSN Pitcher of the Year",1950,"NL",NA,NA
"rizzuph01","TSN Player of the Year",1950,"AL",NA,NA
"kinerra01","TSN Player of the Year",1950,"NL",NA,NA
"rizzuph01","Babe Ruth Award",1951,"AL",NA,"SS"
"berrayo01","Most Valuable Player",1951,"AL",NA,NA
"camparo01","Most Valuable Player",1951,"NL",NA,NA
"mcdougi01","Rookie of the Year",1951,"AL",NA,NA
"mayswi01","Rookie of the Year",1951,"NL",NA,NA
"fainfe01","TSN All-Star",1951,"ML",NA,"1B"
"robinja02","TSN All-Star",1951,"ML",NA,"2B"
"kellge01","TSN All-Star",1951,"ML",NA,"3B"
"camparo01","TSN All-Star",1951,"ML",NA,"C"
"kinerra01","TSN All-Star",1951,"ML",NA,"OF"
"musiast01","TSN All-Star",1951,"ML",NA,"OF"
"willite01","TSN All-Star",1951,"ML",NA,"OF"
"maglisa01","TSN All-Star",1951,"ML",NA,"P"
"reynoal01","TSN All-Star",1951,"ML",NA,"P"
"roepr01","TSN All-Star",1951,"ML",NA,"P"
"rizzuph01","TSN All-Star",1951,"ML",NA,"SS"
"musiast01","TSN Major League Player of the Year",1951,"ML",NA,NA
"fellebo01","TSN Pitcher of the Year",1951,"AL",NA,NA
"roepr01","TSN Pitcher of the Year",1951,"NL",NA,NA
"fainfe01","TSN Player of the Year",1951,"AL",NA,NA
"musiast01","TSN Player of the Year",1951,"NL",NA,NA
"mizejo01","Babe Ruth Award",1952,"AL",NA,"1B"
"shantbo01","Most Valuable Player",1952,"AL",NA,NA
"sauerha01","Most Valuable Player",1952,"NL",NA,NA
"byrdha01","Rookie of the Year",1952,"AL",NA,NA
"blackjo02","Rookie of the Year",1952,"NL",NA,NA
"fainfe01","TSN All-Star",1952,"ML",NA,"1B"
"robinja02","TSN All-Star",1952,"ML",NA,"2B"
"kellge01","TSN All-Star",1952,"ML",NA,"3B"
"berrayo01","TSN All-Star",1952,"ML",NA,"C"
"mantlmi01","TSN All-Star",1952,"ML",NA,"OF"
"musiast01","TSN All-Star",1952,"ML",NA,"OF"
"sauerha01","TSN All-Star",1952,"ML",NA,"OF"
"reynoal01","TSN All-Star",1952,"ML",NA,"P"
"roberro01","TSN All-Star",1952,"ML",NA,"P"
"shantbo01","TSN All-Star",1952,"ML",NA,"P"
"rizzuph01","TSN All-Star",1952,"ML",NA,"SS"
"roberro01","TSN Major League Player of the Year",1952,"ML",NA,NA
"shantbo01","TSN Pitcher of the Year",1952,"AL",NA,NA
"roberro01","TSN Pitcher of the Year",1952,"NL",NA,NA
"eastelu01","TSN Player of the Year",1952,"AL",NA,NA
"sauerha01","TSN Player of the Year",1952,"NL",NA,NA
"martibi02","Babe Ruth Award",1953,"AL",NA,"2B"
"rosenal01","Most Valuable Player",1953,"AL",NA,NA
"camparo01","Most Valuable Player",1953,"NL",NA,NA
"kuennha01","Rookie of the Year",1953,"AL",NA,NA
"gilliji01","Rookie of the Year",1953,"NL",NA,NA
"vernomi01","TSN All-Star",1953,"ML",NA,"1B"
"schoere01","TSN All-Star",1953,"ML",NA,"2B"
"rosenal01","TSN All-Star",1953,"ML",NA,"3B"
"camparo01","TSN All-Star",1953,"ML",NA,"C"
"furilca01","TSN All-Star",1953,"ML",NA,"OF"
"musiast01","TSN All-Star",1953,"ML",NA,"OF"
"snidedu01","TSN All-Star",1953,"ML",NA,"OF"
"portebo01","TSN All-Star",1953,"ML",NA,"P"
"roberro01","TSN All-Star",1953,"ML",NA,"P"
"spahnwa01","TSN All-Star",1953,"ML",NA,"P"
"reesepe01","TSN All-Star",1953,"ML",NA,"SS"
"rosenal01","TSN Major League Player of the Year",1953,"ML",NA,NA
"portebo01","TSN Pitcher of the Year",1953,"AL",NA,NA
"spahnwa01","TSN Pitcher of the Year",1953,"NL",NA,NA
"rosenal01","TSN Player of the Year",1953,"AL",NA,NA
"camparo01","TSN Player of the Year",1953,"NL",NA,NA
"rhodedu01","Babe Ruth Award",1954,"NL",NA,"OF"
"berrayo01","Most Valuable Player",1954,"AL",NA,NA
"mayswi01","Most Valuable Player",1954,"NL",NA,NA
"grimbo01","Rookie of the Year",1954,"AL",NA,NA
"moonwa01","Rookie of the Year",1954,"NL",NA,NA
"kluszte01","TSN All-Star",1954,"ML",NA,"1B"
"avilabo01","TSN All-Star",1954,"ML",NA,"2B"
"rosenal01","TSN All-Star",1954,"ML",NA,"3B"
"berrayo01","TSN All-Star",1954,"ML",NA,"C"
"mayswi01","TSN All-Star",1954,"ML",NA,"OF"
"musiast01","TSN All-Star",1954,"ML",NA,"OF"
"snidedu01","TSN All-Star",1954,"ML",NA,"OF"
"antonjo02","TSN All-Star",1954,"ML",NA,"P"
"lemonbo01","TSN All-Star",1954,"ML",NA,"P"
"roberro01","TSN All-Star",1954,"ML",NA,"P"
"darkal01","TSN All-Star",1954,"ML",NA,"SS"
"mayswi01","TSN Major League Player of the Year",1954,"ML",NA,NA
"lemonbo01","TSN Pitcher of the Year",1954,"AL",NA,NA
"antonjo02","TSN Pitcher of the Year",1954,"NL",NA,NA
"ayalabo01","TSN Player of the Year",1954,"AL",NA,NA
"mayswi01","TSN Player of the Year",1954,"NL",NA,NA
"podrejo01","Babe Ruth Award",1955,"NL",NA,"P"
"darkal01","Lou Gehrig Memorial Award",1955,"ML",NA,NA
"berrayo01","Most Valuable Player",1955,"AL",NA,NA
"camparo01","Most Valuable Player",1955,"NL",NA,NA
"scorehe01","Rookie of the Year",1955,"AL",NA,NA
"virdobi01","Rookie of the Year",1955,"NL",NA,NA
"kluszte01","TSN All-Star",1955,"ML",NA,"1B"
"foxne01","TSN All-Star",1955,"ML",NA,"2B"
"matheed01","TSN All-Star",1955,"ML",NA,"3B"
"camparo01","TSN All-Star",1955,"ML",NA,"C"
"kalinal01","TSN All-Star",1955,"ML",NA,"OF"
"snidedu01","TSN All-Star",1955,"ML",NA,"OF"
"willite01","TSN All-Star",1955,"ML",NA,"OF"
"fordwh01","TSN All-Star",1955,"ML",NA,"P"
"newcodo01","TSN All-Star",1955,"ML",NA,"P"
"roberro01","TSN All-Star",1955,"ML",NA,"P"
"bankser01","TSN All-Star",1955,"ML",NA,"SS"
"snidedu01","TSN Major League Player of the Year",1955,"ML",NA,NA
"fordwh01","TSN Pitcher of the Year",1955,"AL",NA,NA
"roberro01","TSN Pitcher of the Year",1955,"NL",NA,NA
"kalinal01","TSN Player of the Year",1955,"AL",NA,NA
"snidedu01","TSN Player of the Year",1955,"NL",NA,NA
"podrejo01","World Series MVP",1955,"ML",NA,NA
"larsedo01","Babe Ruth Award",1956,"AL",NA,"P"
"newcodo01","Cy Young Award",1956,"ML",NA,NA
"reesepe01","Lou Gehrig Memorial Award",1956,"ML",NA,NA
"mantlmi01","Most Valuable Player",1956,"AL",NA,NA
"newcodo01","Most Valuable Player",1956,"NL",NA,NA
"aparilu01","Rookie of the Year",1956,"AL",NA,NA
"robinfr02","Rookie of the Year",1956,"NL",NA,NA
"mantlmi01","Triple Crown",1956,"AL",NA,NA
"kluszte01","TSN All-Star",1956,"ML",NA,"1B"
"foxne01","TSN All-Star",1956,"ML",NA,"2B"
"boyerke01","TSN All-Star",1956,"ML",NA,"3B"
"berrayo01","TSN All-Star",1956,"ML",NA,"C"
"aaronha01","TSN All-Star",1956,"ML",NA,"OF"
"mantlmi01","TSN All-Star",1956,"ML",NA,"OF"
"willite01","TSN All-Star",1956,"ML",NA,"OF"
"fordwh01","TSN All-Star",1956,"ML",NA,"P"
"newcodo01","TSN All-Star",1956,"ML",NA,"P"
"piercbi02","TSN All-Star",1956,"ML",NA,"P"
"kuennha01","TSN All-Star",1956,"ML",NA,"SS"
"mantlmi01","TSN Major League Player of the Year",1956,"ML",NA,NA
"piercbi02","TSN Pitcher of the Year",1956,"AL",NA,NA
"newcodo01","TSN Pitcher of the Year",1956,"NL",NA,NA
"mantlmi01","TSN Player of the Year",1956,"AL",NA,NA
"aaronha01","TSN Player of the Year",1956,"NL",NA,NA
"larsedo01","World Series MVP",1956,"ML",NA,NA
"burdele01","Babe Ruth Award",1957,"NL",NA,"P"
"spahnwa01","Cy Young Award",1957,"ML",NA,NA
"hodgegi01","Gold Glove",1957,"ML",NA,"1B"
"foxne01","Gold Glove",1957,"ML",NA,"2B"
"malzofr01","Gold Glove",1957,"ML",NA,"3B"
"lollash01","Gold Glove",1957,"ML",NA,"C"
"mayswi01","Gold Glove",1957,"ML",NA,"CF"
"minosmi01","Gold Glove",1957,"ML",NA,"LF"
"shantbo01","Gold Glove",1957,"ML",NA,"P"
"kalinal01","Gold Glove",1957,"ML",NA,"RF"
"mcmilro01","Gold Glove",1957,"ML",NA,"SS"
"musiast01","Lou Gehrig Memorial Award",1957,"ML",NA,NA
"mantlmi01","Most Valuable Player",1957,"AL",NA,NA
"aaronha01","Most Valuable Player",1957,"NL",NA,NA
"kubekto01","Rookie of the Year",1957,"AL",NA,NA
"sanfoja02","Rookie of the Year",1957,"NL",NA,NA
"musiast01","TSN All-Star",1957,"ML",NA,"1B"
"schoere01","TSN All-Star",1957,"ML",NA,"2B"
"matheed01","TSN All-Star",1957,"ML",NA,"3B"
"berrayo01","TSN All-Star",1957,"ML",NA,"C"
"mantlmi01","TSN All-Star",1957,"ML",NA,"OF"
"mayswi01","TSN All-Star",1957,"ML",NA,"OF"
"willite01","TSN All-Star",1957,"ML",NA,"OF"
"bunniji01","TSN All-Star",1957,"ML",NA,"P"
"piercbi02","TSN All-Star",1957,"ML",NA,"P"
"spahnwa01","TSN All-Star",1957,"ML",NA,"P"
"mcdougi01","TSN All-Star",1957,"ML",NA,"SS"
"willite01","TSN Major League Player of the Year",1957,"ML",NA,NA
"piercbi02","TSN Pitcher of the Year",1957,"AL",NA,NA
"spahnwa01","TSN Pitcher of the Year",1957,"NL",NA,NA
"willite01","TSN Player of the Year",1957,"AL",NA,NA
"musiast01","TSN Player of the Year",1957,"NL",NA,NA
"burdele01","World Series MVP",1957,"ML",NA,NA
"howarel01","Babe Ruth Award",1958,"AL",NA,"C"
"turlebo01","Cy Young Award",1958,"ML",NA,NA
"powervi01","Gold Glove",1958,"AL",NA,"1B"
"bollifr01","Gold Glove",1958,"AL",NA,"2B"
"malzofr01","Gold Glove",1958,"AL",NA,"3B"
"lollash01","Gold Glove",1958,"AL",NA,"C"
"piersji01","Gold Glove",1958,"AL",NA,"CF"
"siebeno01","Gold Glove",1958,"AL",NA,"LF"
"shantbo01","Gold Glove",1958,"AL",NA,"P"
"kalinal01","Gold Glove",1958,"AL",NA,"RF"
"aparilu01","Gold Glove",1958,"AL",NA,"SS"
"hodgegi01","Gold Glove",1958,"NL",NA,"1B"
"mazerbi01","Gold Glove",1958,"NL",NA,"2B"
"boyerke01","Gold Glove",1958,"NL",NA,"3B"
"crandde01","Gold Glove",1958,"NL",NA,"C"
"mayswi01","Gold Glove",1958,"NL",NA,"CF"
"robinfr02","Gold Glove",1958,"NL",NA,"LF"
"haddiha01","Gold Glove",1958,"NL",NA,"P"
"aaronha01","Gold Glove",1958,"NL",NA,"RF"
"mcmilro01","Gold Glove",1958,"NL",NA,"SS"
"mcdougi01","Lou Gehrig Memorial Award",1958,"ML",NA,NA
"jenseja01","Most Valuable Player",1958,"AL",NA,NA
"bankser01","Most Valuable Player",1958,"NL",NA,NA
"pearsal02","Rookie of the Year",1958,"AL",NA,NA
"cepedor01","Rookie of the Year",1958,"NL",NA,NA
"musiast01","TSN All-Star",1958,"ML",NA,"1B"
"foxne01","TSN All-Star",1958,"ML",NA,"2B"
"thomafr03","TSN All-Star",1958,"ML",NA,"3B"
"crandde01","TSN All-Star",1958,"ML",NA,"C"
"aaronha01","TSN All-Star",1958,"ML",NA,"OF"
"mayswi01","TSN All-Star",1958,"ML",NA,"OF"
"willite01","TSN All-Star",1958,"ML",NA,"OF"
"frienbo01","TSN All-Star",1958,"ML",NA,"P"
"spahnwa01","TSN All-Star",1958,"ML",NA,"P"
"turlebo01","TSN All-Star",1958,"ML",NA,"P"
"bankser01","TSN All-Star",1958,"ML",NA,"SS"
"turlebo01","TSN Major League Player of the Year",1958,"ML",NA,NA
"turlebo01","TSN Pitcher of the Year",1958,"AL",NA,NA
"spahnwa01","TSN Pitcher of the Year",1958,"NL",NA,NA
"jenseja01","TSN Player of the Year",1958,"AL",NA,NA
"bankser01","TSN Player of the Year",1958,"NL",NA,NA
"turlebo01","World Series MVP",1958,"ML",NA,NA
"sherrla01","Babe Ruth Award",1959,"NL",NA,"P"
"wynnea01","Cy Young Award",1959,"ML",NA,NA
"powervi01","Gold Glove",1959,"AL",NA,"1B"
"foxne01","Gold Glove",1959,"AL",NA,"2B"
"malzofr01","Gold Glove",1959,"AL",NA,"3B"
"lollash01","Gold Glove",1959,"AL",NA,"C"
"kalinal01","Gold Glove",1959,"AL",NA,"CF"
"minosmi01","Gold Glove",1959,"AL",NA,"LF"
"shantbo01","Gold Glove",1959,"AL",NA,"P"
"jenseja01","Gold Glove",1959,"AL",NA,"RF"
"aparilu01","Gold Glove",1959,"AL",NA,"SS"
"hodgegi01","Gold Glove",1959,"NL",NA,"1B"
"nealch01","Gold Glove",1959,"NL",NA,"2B"
"boyerke01","Gold Glove",1959,"NL",NA,"3B"
"crandde01","Gold Glove",1959,"NL",NA,"C"
"mayswi01","Gold Glove",1959,"NL",NA,"CF"
"brandja01","Gold Glove",1959,"NL",NA,"LF"
"haddiha01","Gold Glove",1959,"NL",NA,"P"
"aaronha01","Gold Glove",1959,"NL",NA,"RF"
"mcmilro01","Gold Glove",1959,"NL",NA,"SS"
"hodgegi01","Lou Gehrig Memorial Award",1959,"ML",NA,NA
"foxne01","Most Valuable Player",1959,"AL",NA,NA
"bankser01","Most Valuable Player",1959,"NL",NA,NA
"allisbo01","Rookie of the Year",1959,"AL",NA,NA
"mccovwi01","Rookie of the Year",1959,"NL",NA,NA
"cepedor01","TSN All-Star",1959,"ML",NA,"1B"
"foxne01","TSN All-Star",1959,"ML",NA,"2B"
"matheed01","TSN All-Star",1959,"ML",NA,"3B"
"lollash01","TSN All-Star",1959,"ML",NA,"C"
"aaronha01","TSN All-Star",1959,"ML",NA,"OF"
"mayswi01","TSN All-Star",1959,"ML",NA,"OF"
"minosmi01","TSN All-Star",1959,"ML",NA,"OF"
"antonjo02","TSN All-Star",1959,"ML",NA,"P"
"jonessa02","TSN All-Star",1959,"ML",NA,"P"
"wynnea01","TSN All-Star",1959,"ML",NA,"P"
"bankser01","TSN All-Star",1959,"ML",NA,"SS"
"wynnea01","TSN Major League Player of the Year",1959,"ML",NA,NA
"wynnea01","TSN Pitcher of the Year",1959,"AL",NA,NA
"jonessa02","TSN Pitcher of the Year",1959,"NL",NA,NA
"foxne01","TSN Player of the Year",1959,"AL",NA,NA
"bankser01","TSN Player of the Year",1959,"NL",NA,NA
"sherrla01","World Series MVP",1959,"ML",NA,NA
"mazerbi01","Babe Ruth Award",1960,"NL",NA,"2B"
"lawve01","Cy Young Award",1960,"ML",NA,NA
"powervi01","Gold Glove",1960,"AL",NA,"1B"
"foxne01","Gold Glove",1960,"AL",NA,"2B"
"robinbr01","Gold Glove",1960,"AL",NA,"3B"
"batteea01","Gold Glove",1960,"AL",NA,"C"
"landiji01","Gold Glove",1960,"AL",NA,"CF"
"minosmi01","Gold Glove",1960,"AL",NA,"LF"
"shantbo01","Gold Glove",1960,"AL",NA,"P"
"marisro01","Gold Glove",1960,"AL",NA,"RF"
"aparilu01","Gold Glove",1960,"AL",NA,"SS"
"whitebi03","Gold Glove",1960,"NL",NA,"1B"
"mazerbi01","Gold Glove",1960,"NL",NA,"2B"
"boyerke01","Gold Glove",1960,"NL",NA,"3B"
"crandde01","Gold Glove",1960,"NL",NA,"C"
"mayswi01","Gold Glove",1960,"NL",NA,"CF"
"moonwa01","Gold Glove",1960,"NL",NA,"LF"
"haddiha01","Gold Glove",1960,"NL",NA,"P"
"aaronha01","Gold Glove",1960,"NL",NA,"RF"
"bankser01","Gold Glove",1960,"NL",NA,"SS"
"groatdi01","Lou Gehrig Memorial Award",1960,"ML",NA,NA
"marisro01","Most Valuable Player",1960,"AL",NA,NA
"groatdi01","Most Valuable Player",1960,"NL",NA,NA
"hansero02","Rookie of the Year",1960,"AL",NA,NA
"howarfr01","Rookie of the Year",1960,"NL",NA,NA
"skowrbi01","TSN All-Star",1960,"ML",NA,"1B"
"mazerbi01","TSN All-Star",1960,"ML",NA,"2B"
"matheed01","TSN All-Star",1960,"ML",NA,"3B"
"crandde01","TSN All-Star",1960,"ML",NA,"C"
"marisro01","TSN All-Star",1960,"ML",NA,"OF"
"mayswi01","TSN All-Star",1960,"ML",NA,"OF"
"minosmi01","TSN All-Star",1960,"ML",NA,"OF"
"brogler01","TSN All-Star",1960,"ML",NA,"P"
"lawve01","TSN All-Star",1960,"ML",NA,"P"
"spahnwa01","TSN All-Star",1960,"ML",NA,"P"
"bankser01","TSN All-Star",1960,"ML",NA,"SS"
"fornimi01","TSN Fireman of the Year",1960,"AL",NA,NA
"mcdanli01","TSN Fireman of the Year",1960,"NL",NA,NA
"mazerbi01","TSN Major League Player of the Year",1960,"ML",NA,NA
"estrach01","TSN Pitcher of the Year",1960,"AL",NA,NA
"lawve01","TSN Pitcher of the Year",1960,"NL",NA,NA
"marisro01","TSN Player of the Year",1960,"AL",NA,NA
"groatdi01","TSN Player of the Year",1960,"NL",NA,NA
"richabo01","World Series MVP",1960,"ML",NA,NA
"fordwh01","Babe Ruth Award",1961,"AL",NA,"P"
"fordwh01","Cy Young Award",1961,"ML",NA,NA
"powervi01","Gold Glove",1961,"AL",NA,"1B"
"richabo01","Gold Glove",1961,"AL",NA,"2B"
"robinbr01","Gold Glove",1961,"AL",NA,"3B"
"batteea01","Gold Glove",1961,"AL",NA,"C"
"kalinal01","Gold Glove",1961,"AL",NA,"OF"
"landiji01","Gold Glove",1961,"AL",NA,"OF"
"piersji01","Gold Glove",1961,"AL",NA,"OF"
"laryfr01","Gold Glove",1961,"AL",NA,"P"
"aparilu01","Gold Glove",1961,"AL",NA,"SS"
"whitebi03","Gold Glove",1961,"NL",NA,"1B"
"mazerbi01","Gold Glove",1961,"NL",NA,"2B"
"boyerke01","Gold Glove",1961,"NL",NA,"3B"
"rosebjo01","Gold Glove",1961,"NL",NA,"C"
"clemero01","Gold Glove",1961,"NL",NA,"OF"
"mayswi01","Gold Glove",1961,"NL",NA,"OF"
"pinsova01","Gold Glove",1961,"NL",NA,"OF"
"shantbo01","Gold Glove",1961,"NL",NA,"P"
"willsma01","Gold Glove",1961,"NL",NA,"SS"
"spahnwa01","Lou Gehrig Memorial Award",1961,"ML",NA,NA
"marisro01","Most Valuable Player",1961,"AL",NA,NA
"robinfr02","Most Valuable Player",1961,"NL",NA,NA
"schwado01","Rookie of the Year",1961,"AL",NA,NA
"willibi01","Rookie of the Year",1961,"NL",NA,NA
"cashno01","TSN All-Star",1961,"AL",NA,"1B"
"richabo01","TSN All-Star",1961,"AL",NA,"2B"
"robinbr01","TSN All-Star",1961,"AL",NA,"3B"
"howarel01","TSN All-Star",1961,"AL",NA,"C"
"colavro01","TSN All-Star",1961,"AL",NA,"OF"
"mantlmi01","TSN All-Star",1961,"AL",NA,"OF"
"marisro01","TSN All-Star",1961,"AL",NA,"OF"
"fordwh01","TSN All-Star",1961,"AL",NA,"P"
"laryfr01","TSN All-Star",1961,"AL",NA,"P"
"kubekto01","TSN All-Star",1961,"AL",NA,"SS"
"cepedor01","TSN All-Star",1961,"NL",NA,"1B"
"bollifr01","TSN All-Star",1961,"NL",NA,"2B"
"boyerke01","TSN All-Star",1961,"NL",NA,"3B"
"burgesm01","TSN All-Star",1961,"NL",NA,"C"
"clemero01","TSN All-Star",1961,"NL",NA,"OF"
"mayswi01","TSN All-Star",1961,"NL",NA,"OF"
"robinfr02","TSN All-Star",1961,"NL",NA,"OF"
"jayjo01","TSN All-Star",1961,"NL",NA,"P"
"spahnwa01","TSN All-Star",1961,"NL",NA,"P"
"willsma01","TSN All-Star",1961,"NL",NA,"SS"
"arroylu01","TSN Fireman of the Year",1961,"AL",NA,NA
"millest01","TSN Fireman of the Year",1961,"NL",NA,NA
"marisro01","TSN Major League Player of the Year",1961,"ML",NA,NA
"fordwh01","TSN Pitcher of the Year",1961,"AL",NA,NA
"spahnwa01","TSN Pitcher of the Year",1961,"NL",NA,NA
"marisro01","TSN Player of the Year",1961,"AL",NA,NA
"robinfr02","TSN Player of the Year",1961,"NL",NA,NA
"fordwh01","World Series MVP",1961,"ML",NA,NA
"wagnele01","All-Star Game MVP",1962,"ML",NA,"1st Game"
"willsma01","All-Star Game MVP",1962,"ML",NA,"2nd Game"
"terryra01","Babe Ruth Award",1962,"AL",NA,"P"
"drysddo01","Cy Young Award",1962,"ML",NA,NA
"powervi01","Gold Glove",1962,"AL",NA,"1B"
"richabo01","Gold Glove",1962,"AL",NA,"2B"
"robinbr01","Gold Glove",1962,"AL",NA,"3B"
"batteea01","Gold Glove",1962,"AL",NA,"C"
"kalinal01","Gold Glove",1962,"AL",NA,"OF"
"landiji01","Gold Glove",1962,"AL",NA,"OF"
"mantlmi01","Gold Glove",1962,"AL",NA,"OF"
"kaatji01","Gold Glove",1962,"AL",NA,"P"
"aparilu01","Gold Glove",1962,"AL",NA,"SS"
"whitebi03","Gold Glove",1962,"NL",NA,"1B"
"hubbske01","Gold Glove",1962,"NL",NA,"2B"
"davenji01","Gold Glove",1962,"NL",NA,"3B"
"crandde01","Gold Glove",1962,"NL",NA,"C"
"clemero01","Gold Glove",1962,"NL",NA,"OF"
"mayswi01","Gold Glove",1962,"NL",NA,"OF"
"virdobi01","Gold Glove",1962,"NL",NA,"OF"
"shantbo01","Gold Glove",1962,"NL",NA,"P"
"willsma01","Gold Glove",1962,"NL",NA,"SS"
"roberro01","Lou Gehrig Memorial Award",1962,"ML",NA,NA
"mantlmi01","Most Valuable Player",1962,"AL",NA,NA
"willsma01","Most Valuable Player",1962,"NL",NA,NA
"treshto01","Rookie of the Year",1962,"AL",NA,NA
"hubbske01","Rookie of the Year",1962,"NL",NA,NA
"siebeno01","TSN All-Star",1962,"AL",NA,"1B"
"richabo01","TSN All-Star",1962,"AL",NA,"2B"
"robinbr01","TSN All-Star",1962,"AL",NA,"3B"
"batteea01","TSN All-Star",1962,"AL",NA,"C"
"kalinal01","TSN All-Star",1962,"AL",NA,"OF"
"mantlmi01","TSN All-Star",1962,"AL",NA,"OF"
"wagnele01","TSN All-Star",1962,"AL",NA,"OF"
"donovdi01","TSN All-Star",1962,"AL",NA,"P"
"terryra01","TSN All-Star",1962,"AL",NA,"P"
"treshto01","TSN All-Star",1962,"AL",NA,"SS"
"cepedor01","TSN All-Star",1962,"NL",NA,"1B"
"mazerbi01","TSN All-Star",1962,"NL",NA,"2B"
"boyerke01","TSN All-Star",1962,"NL",NA,"3B"
"crandde01","TSN All-Star",1962,"NL",NA,"C"
"davisto02","TSN All-Star",1962,"NL",NA,"OF"
"mayswi01","TSN All-Star",1962,"NL",NA,"OF"
"robinfr02","TSN All-Star",1962,"NL",NA,"OF"
"drysddo01","TSN All-Star",1962,"NL",NA,"P"
"purkebo01","TSN All-Star",1962,"NL",NA,"P"
"willsma01","TSN All-Star",1962,"NL",NA,"SS"
"radatdi01","TSN Fireman of the Year",1962,"AL",NA,NA
"facero01","TSN Fireman of the Year",1962,"NL",NA,NA
"drysddo01","TSN Major League Player of the Year",1962,"ML",NA,NA
"willsma01","TSN Major League Player of the Year",1962,"ML",NA,NA
"donovdi01","TSN Pitcher of the Year",1962,"AL",NA,NA
"drysddo01","TSN Pitcher of the Year",1962,"NL",NA,NA
"mantlmi01","TSN Player of the Year",1962,"AL",NA,NA
"willsma01","TSN Player of the Year",1962,"NL",NA,NA
"terryra01","World Series MVP",1962,"ML",NA,NA
"mayswi01","All-Star Game MVP",1963,"ML",NA,NA
"koufasa01","Babe Ruth Award",1963,"NL",NA,"P"
"koufasa01","Cy Young Award",1963,"ML",NA,NA
"powervi01","Gold Glove",1963,"AL",NA,"1B"
"richabo01","Gold Glove",1963,"AL",NA,"2B"
"robinbr01","Gold Glove",1963,"AL",NA,"3B"
"howarel01","Gold Glove",1963,"AL",NA,"C"
"kalinal01","Gold Glove",1963,"AL",NA,"OF"
"landiji01","Gold Glove",1963,"AL",NA,"OF"
"yastrca01","Gold Glove",1963,"AL",NA,"OF"
"kaatji01","Gold Glove",1963,"AL",NA,"P"
"versazo01","Gold Glove",1963,"AL",NA,"SS"
"whitebi03","Gold Glove",1963,"NL",NA,"1B"
"mazerbi01","Gold Glove",1963,"NL",NA,"2B"
"boyerke01","Gold Glove",1963,"NL",NA,"3B"
"edwarjo01","Gold Glove",1963,"NL",NA,"C"
"clemero01","Gold Glove",1963,"NL",NA,"OF"
"floodcu01","Gold Glove",1963,"NL",NA,"OF"
"mayswi01","Gold Glove",1963,"NL",NA,"OF"
"shantbo01","Gold Glove",1963,"NL",NA,"P"
"winebo01","Gold Glove",1963,"NL",NA,"SS"
"richabo01","Lou Gehrig Memorial Award",1963,"ML",NA,NA
"howarel01","Most Valuable Player",1963,"AL",NA,NA
"koufasa01","Most Valuable Player",1963,"NL",NA,NA
"koufasa01","Pitching Triple Crown",1963,"NL",NA,NA
"peterga01","Rookie of the Year",1963,"AL",NA,NA
"rosepe01","Rookie of the Year",1963,"NL",NA,NA
"pepitjo01","TSN All-Star",1963,"AL",NA,"1B"
"richabo01","TSN All-Star",1963,"AL",NA,"2B"
"malzofr01","TSN All-Star",1963,"AL",NA,"3B"
"howarel01","TSN All-Star",1963,"AL",NA,"C"
"kalinal01","TSN All-Star",1963,"AL",NA,"OF"
"pearsal02","TSN All-Star",1963,"AL",NA,"OF"
"yastrca01","TSN All-Star",1963,"AL",NA,"OF"
"fordwh01","TSN All-Star",1963,"AL",NA,"P"
"peterga01","TSN All-Star",1963,"AL",NA,"P"
"aparilu01","TSN All-Star",1963,"AL",NA,"SS"
"whitebi03","TSN All-Star",1963,"NL",NA,"1B"
"gilliji01","TSN All-Star",1963,"NL",NA,"2B"
"boyerke01","TSN All-Star",1963,"NL",NA,"3B"
"edwarjo01","TSN All-Star",1963,"NL",NA,"C"
"aaronha01","TSN All-Star",1963,"NL",NA,"OF"
"davisto02","TSN All-Star",1963,"NL",NA,"OF"
"mayswi01","TSN All-Star",1963,"NL",NA,"OF"
"koufasa01","TSN All-Star",1963,"NL",NA,"P"
"maricju01","TSN All-Star",1963,"NL",NA,"P"
"groatdi01","TSN All-Star",1963,"NL",NA,"SS"
"millest01","TSN Fireman of the Year",1963,"AL",NA,NA
"mcdanli01","TSN Fireman of the Year",1963,"NL",NA,NA
"koufasa01","TSN Major League Player of the Year",1963,"ML",NA,NA
"fordwh01","TSN Pitcher of the Year",1963,"AL",NA,NA
"koufasa01","TSN Pitcher of the Year",1963,"NL",NA,NA
"kalinal01","TSN Player of the Year",1963,"AL",NA,NA
"winfida01","Silver Slugger",1983,"AL",NA,"OF"
"ripkeca01","Silver Slugger",1983,"AL",NA,"SS"
"hendrge01","Silver Slugger",1983,"NL",NA,"1B"
"rayjo01","Silver Slugger",1983,"NL",NA,"2B"
"schmimi01","Silver Slugger",1983,"NL",NA,"3B"
"kennete02","Silver Slugger",1983,"NL",NA,"C"
"cruzjo01","Silver Slugger",1983,"NL",NA,"OF"
"dawsoan01","Silver Slugger",1983,"NL",NA,"OF"
"murphda05","Silver Slugger",1983,"NL",NA,"OF"
"valenfe01","Silver Slugger",1983,"NL",NA,"P"
"thondi01","Silver Slugger",1983,"NL",NA,"SS"
"murraed02","TSN All-Star",1983,"AL",NA,"1B"
"whitalo01","TSN All-Star",1983,"AL",NA,"2B"
"boggswa01","TSN All-Star",1983,"AL",NA,"3B"
"fiskca01","TSN All-Star",1983,"AL",NA,"C"
"luzingr01","TSN All-Star",1983,"AL",NA,"DH"
"guidrro01","TSN All-Star",1983,"AL",NA,"LHP"
"mosebll01","TSN All-Star",1983,"AL",NA,"OF"
"riceji01","TSN All-Star",1983,"AL",NA,"OF"
"winfida01","TSN All-Star",1983,"AL",NA,"OF"
"hoytla01","TSN All-Star",1983,"AL",NA,"RHP"
"ripkeca01","TSN All-Star",1983,"AL",NA,"SS"
"hendrge01","TSN All-Star",1983,"NL",NA,"1B"
"hubbagl01","TSN All-Star",1983,"NL",NA,"2B"
"schmimi01","TSN All-Star",1983,"NL",NA,"3B"
"penato01","TSN All-Star",1983,"NL",NA,"C"
"mcwilla01","TSN All-Star",1983,"NL",NA,"LHP"
"dawsoan01","TSN All-Star",1983,"NL",NA,"OF"
"murphda05","TSN All-Star",1983,"NL",NA,"OF"
"raineti01","TSN All-Star",1983,"NL",NA,"OF"
"dennyjo01","TSN All-Star",1983,"NL",NA,"RHP"
"thondi01","TSN All-Star",1983,"NL",NA,"SS"
"quiseda01","TSN Fireman of the Year",1983,"AL",NA,NA
"hollaal01","TSN Fireman of the Year",1983,"NL","Y",NA
"smithle02","TSN Fireman of the Year",1983,"NL","Y",NA
"ripkeca01","TSN Major League Player of the Year",1983,"ML",NA,NA
"hoytla01","TSN Pitcher of the Year",1983,"AL",NA,NA
"dennyjo01","TSN Pitcher of the Year",1983,"NL",NA,NA
"ripkeca01","TSN Player of the Year",1983,"AL",NA,NA
"murphda05","TSN Player of the Year",1983,"NL",NA,NA
"dempsri01","World Series MVP",1983,"ML",NA,NA
"gibsoki01","ALCS MVP",1984,"AL",NA,NA
"cartega01","All-Star Game MVP",1984,"ML",NA,NA
"morrija02","Babe Ruth Award",1984,"AL",NA,"P"
"hernawi01","Cy Young Award",1984,"AL",NA,NA
"sutclri01","Cy Young Award",1984,"NL",NA,NA
"murraed02","Gold Glove",1984,"AL",NA,"1B"
"whitalo01","Gold Glove",1984,"AL",NA,"2B"
"bellbu01","Gold Glove",1984,"AL",NA,"3B"
"parrila02","Gold Glove",1984,"AL",NA,"C"
"evansdw01","Gold Glove",1984,"AL",NA,"OF"
"murphdw01","Gold Glove",1984,"AL",NA,"OF"
"winfida01","Gold Glove",1984,"AL",NA,"OF"
"guidrro01","Gold Glove",1984,"AL",NA,"P"
"trammal01","Gold Glove",1984,"AL",NA,"SS"
"hernake01","Gold Glove",1984,"NL",NA,"1B"
"sandbry01","Gold Glove",1984,"NL",NA,"2B"
"schmimi01","Gold Glove",1984,"NL",NA,"3B"
"penato01","Gold Glove",1984,"NL",NA,"C"
"dawsoan01","Gold Glove",1984,"NL",NA,"OF"
"dernibo01","Gold Glove",1984,"NL",NA,"OF"
"murphda05","Gold Glove",1984,"NL",NA,"OF"
"andujjo01","Gold Glove",1984,"NL",NA,"P"
"smithoz01","Gold Glove",1984,"NL",NA,"SS"
"robindo01","Hutch Award",1984,"ML",NA,NA
"garvest01","Lou Gehrig Memorial Award",1984,"ML",NA,NA
"hernawi01","Most Valuable Player",1984,"AL",NA,NA
"sandbry01","Most Valuable Player",1984,"NL",NA,NA
"garvest01","NLCS MVP",1984,"NL",NA,NA
"guidrro01","Roberto Clemente Award",1984,"ML",NA,NA
"quiseda01","Reliever of the Year Award",1984,"AL",NA,NA
"suttebr01","Reliever of the Year Award",1984,"NL",NA,NA
"davisal01","Rookie of the Year",1984,"AL",NA,NA
"goodedw01","Rookie of the Year",1984,"NL",NA,NA
"murraed02","Silver Slugger",1984,"AL",NA,"1B"
"whitalo01","Silver Slugger",1984,"AL",NA,"2B"
"bellbu01","Silver Slugger",1984,"AL",NA,"3B"
"parrila02","Silver Slugger",1984,"AL",NA,"C"
"thornan01","Silver Slugger",1984,"AL",NA,"DH"
"armasto01","Silver Slugger",1984,"AL",NA,"OF"
"riceji01","Silver Slugger",1984,"AL",NA,"OF"
"winfida01","Silver Slugger",1984,"AL",NA,"OF"
"ripkeca01","Silver Slugger",1984,"AL",NA,"SS"
"hernake01","Silver Slugger",1984,"NL",NA,"1B"
"sandbry01","Silver Slugger",1984,"NL",NA,"2B"
"schmimi01","Silver Slugger",1984,"NL",NA,"3B"
"cartega01","Silver Slugger",1984,"NL",NA,"C"
"cruzjo01","Silver Slugger",1984,"NL",NA,"OF"
"gwynnto01","Silver Slugger",1984,"NL",NA,"OF"
"murphda05","Silver Slugger",1984,"NL",NA,"OF"
"rhoderi01","Silver Slugger",1984,"NL",NA,"P"
"templga01","Silver Slugger",1984,"NL",NA,"SS"
"mattido01","TSN All-Star",1984,"AL",NA,"1B"
"whitalo01","TSN All-Star",1984,"AL",NA,"2B"
"bellbu01","TSN All-Star",1984,"AL",NA,"3B"
"parrila02","TSN All-Star",1984,"AL",NA,"C"
"kingmda01","TSN All-Star",1984,"AL",NA,"DH"
"hernawi01","TSN All-Star",1984,"AL",NA,"LHP"
"armasto01","TSN All-Star",1984,"AL",NA,"OF"
"evansdw01","TSN All-Star",1984,"AL",NA,"OF"
"winfida01","TSN All-Star",1984,"AL",NA,"OF"
"boddimi01","TSN All-Star",1984,"AL",NA,"RHP"
"ripkeca01","TSN All-Star",1984,"AL",NA,"SS"
"hernake01","TSN All-Star",1984,"NL",NA,"1B"
"sandbry01","TSN All-Star",1984,"NL",NA,"2B"
"schmimi01","TSN All-Star",1984,"NL",NA,"3B"
"cartega01","TSN All-Star",1984,"NL",NA,"C"
"thurmma01","TSN All-Star",1984,"NL",NA,"LHP"
"cruzjo01","TSN All-Star",1984,"NL",NA,"OF"
"gwynnto01","TSN All-Star",1984,"NL",NA,"OF"
"murphda05","TSN All-Star",1984,"NL",NA,"OF"
"sutclri01","TSN All-Star",1984,"NL",NA,"RHP"
"smithoz01","TSN All-Star",1984,"NL",NA,"SS"
"quiseda01","TSN Fireman of the Year",1984,"AL",NA,NA
"suttebr01","TSN Fireman of the Year",1984,"NL",NA,NA
"sandbry01","TSN Major League Player of the Year",1984,"ML",NA,NA
"hernawi01","TSN Pitcher of the Year",1984,"AL",NA,NA
"sutclri01","TSN Pitcher of the Year",1984,"NL",NA,NA
"mattido01","TSN Player of the Year",1984,"AL",NA,NA
"sandbry01","TSN Player of the Year",1984,"NL",NA,NA
"trammal01","World Series MVP",1984,"ML",NA,NA
"brettge01","ALCS MVP",1985,"AL",NA,NA
"hoytla01","All-Star Game MVP",1985,"ML",NA,NA
"saberbr01","Babe Ruth Award",1985,"AL",NA,"P"
"saberbr01","Cy Young Award",1985,"AL",NA,NA
"goodedw01","Cy Young Award",1985,"NL",NA,NA
"mattido01","Gold Glove",1985,"AL",NA,"1B"
"whitalo01","Gold Glove",1985,"AL",NA,"2B"
"brettge01","Gold Glove",1985,"AL",NA,"3B"
"parrila02","Gold Glove",1985,"AL",NA,"C"
"evansdw01","Gold Glove",1985,"AL","Y","OF"
"murphdw01","Gold Glove",1985,"AL","Y","OF"
"pettiga01","Gold Glove",1985,"AL",NA,"OF"
"winfida01","Gold Glove",1985,"AL",NA,"OF"
"guidrro01","Gold Glove",1985,"AL",NA,"P"
"griffal01","Gold Glove",1985,"AL",NA,"SS"
"hernake01","Gold Glove",1985,"NL",NA,"1B"
"sandbry01","Gold Glove",1985,"NL",NA,"2B"
"wallati01","Gold Glove",1985,"NL",NA,"3B"
"penato01","Gold Glove",1985,"NL",NA,"C"
"dawsoan01","Gold Glove",1985,"NL",NA,"OF"
"mcgeewi01","Gold Glove",1985,"NL",NA,"OF"
"murphda05","Gold Glove",1985,"NL",NA,"OF"
"reuscri01","Gold Glove",1985,"NL",NA,"P"
"smithoz01","Gold Glove",1985,"NL",NA,"SS"
"reuscri01","Hutch Award",1985,"ML",NA,NA
"murphda05","Lou Gehrig Memorial Award",1985,"ML",NA,NA
"mattido01","Most Valuable Player",1985,"AL",NA,NA
"mcgeewi01","Most Valuable Player",1985,"NL",NA,NA
"smithoz01","NLCS MVP",1985,"NL",NA,NA
"goodedw01","Pitching Triple Crown",1985,"NL",NA,NA
"baylodo01","Roberto Clemente Award",1985,"ML",NA,NA
"quiseda01","Reliever of the Year Award",1985,"AL",NA,NA
"reardje01","Reliever of the Year Award",1985,"NL",NA,NA
"guilloz01","Rookie of the Year",1985,"AL",NA,NA
"colemvi01","Rookie of the Year",1985,"NL",NA,NA
"mattido01","Silver Slugger",1985,"AL",NA,"1B"
"whitalo01","Silver Slugger",1985,"AL",NA,"2B"
"brettge01","Silver Slugger",1985,"AL",NA,"3B"
"fiskca01","Silver Slugger",1985,"AL",NA,"C"
"baylodo01","Silver Slugger",1985,"AL",NA,"DH"
"bellge02","Silver Slugger",1985,"AL",NA,"OF"
"henderi01","Silver Slugger",1985,"AL",NA,"OF"
"winfida01","Silver Slugger",1985,"AL",NA,"OF"
"ripkeca01","Silver Slugger",1985,"AL",NA,"SS"
"clarkja01","Silver Slugger",1985,"NL",NA,"1B"
"sandbry01","Silver Slugger",1985,"NL",NA,"2B"
"wallati01","Silver Slugger",1985,"NL",NA,"3B"
"cartega01","Silver Slugger",1985,"NL",NA,"C"
"mcgeewi01","Silver Slugger",1985,"NL",NA,"OF"
"murphda05","Silver Slugger",1985,"NL",NA,"OF"
"parkeda01","Silver Slugger",1985,"NL",NA,"OF"
"rhoderi01","Silver Slugger",1985,"NL",NA,"P"
"brookhu01","Silver Slugger",1985,"NL",NA,"SS"
"mattido01","TSN All-Star",1985,"AL",NA,"1B"
"garcida01","TSN All-Star",1985,"AL",NA,"2B"
"boggswa01","TSN All-Star",1985,"AL",NA,"3B"
"fiskca01","TSN All-Star",1985,"AL",NA,"C"
"baylodo01","TSN All-Star",1985,"AL",NA,"DH"
"guidrro01","TSN All-Star",1985,"AL",NA,"LHP"
"baineha01","TSN All-Star",1985,"AL",NA,"OF"
"bradlph01","TSN All-Star",1985,"AL",NA,"OF"
"henderi01","TSN All-Star",1985,"AL",NA,"OF"
"saberbr01","TSN All-Star",1985,"AL",NA,"RHP"
"ripkeca01","TSN All-Star",1985,"AL",NA,"SS"
"hernake01","TSN All-Star",1985,"NL",NA,"1B"
"herrto01","TSN All-Star",1985,"NL",NA,"2B"
"wallati01","TSN All-Star",1985,"NL",NA,"3B"
"cartega01","TSN All-Star",1985,"NL",NA,"C"
"tudorjo01","TSN All-Star",1985,"NL",NA,"LHP"
"mcgeewi01","TSN All-Star",1985,"NL",NA,"OF"
"murphda05","TSN All-Star",1985,"NL",NA,"OF"
"parkeda01","TSN All-Star",1985,"NL",NA,"OF"
"goodedw01","TSN All-Star",1985,"NL",NA,"RHP"
"smithoz01","TSN All-Star",1985,"NL",NA,"SS"
"quiseda01","TSN Fireman of the Year",1985,"AL",NA,NA
"reardje01","TSN Fireman of the Year",1985,"NL",NA,NA
"mattido01","TSN Major League Player of the Year",1985,"ML",NA,NA
"saberbr01","TSN Pitcher of the Year",1985,"AL",NA,NA
"goodedw01","TSN Pitcher of the Year",1985,"NL",NA,NA
"mattido01","TSN Player of the Year",1985,"AL",NA,NA
"mcgeewi01","TSN Player of the Year",1985,"NL",NA,NA
"saberbr01","World Series MVP",1985,"ML",NA,NA
"barrema02","ALCS MVP",1986,"AL",NA,NA
"clemero02","All-Star Game MVP",1986,"ML",NA,NA
"knighra01","Babe Ruth Award",1986,"NL",NA,"3B"
"clemero02","Cy Young Award",1986,"AL",NA,NA
"scottmi03","Cy Young Award",1986,"NL",NA,NA
"mattido01","Gold Glove",1986,"AL",NA,"1B"
"whitefr01","Gold Glove",1986,"AL",NA,"2B"
"gaettga01","Gold Glove",1986,"AL",NA,"3B"
"boonebo01","Gold Glove",1986,"AL",NA,"C"
"barfije01","Gold Glove",1986,"AL",NA,"OF"
"pettiga01","Gold Glove",1986,"AL",NA,"OF"
"puckeki01","Gold Glove",1986,"AL",NA,"OF"
"guidrro01","Gold Glove",1986,"AL",NA,"P"
"fernato01","Gold Glove",1986,"AL",NA,"SS"
"hernake01","Gold Glove",1986,"NL",NA,"1B"
"sandbry01","Gold Glove",1986,"NL",NA,"2B"
"schmimi01","Gold Glove",1986,"NL",NA,"3B"
"davisjo02","Gold Glove",1986,"NL",NA,"C"
"gwynnto01","Gold Glove",1986,"NL",NA,"OF"
"mcgeewi01","Gold Glove",1986,"NL",NA,"OF"
"murphda05","Gold Glove",1986,"NL",NA,"OF"
"valenfe01","Gold Glove",1986,"NL",NA,"P"
"smithoz01","Gold Glove",1986,"NL",NA,"SS"
"leonade01","Hutch Award",1986,"ML",NA,NA
"brettge01","Lou Gehrig Memorial Award",1986,"ML",NA,NA
"clemero02","Most Valuable Player",1986,"AL",NA,NA
"schmimi01","Most Valuable Player",1986,"NL",NA,NA
"scottmi03","NLCS MVP",1986,"NL",NA,NA
"maddoga01","Roberto Clemente Award",1986,"ML",NA,NA
"righeda01","Reliever of the Year Award",1986,"AL",NA,NA
"worreto01","Reliever of the Year Award",1986,"NL",NA,NA
"cansejo01","Rookie of the Year",1986,"AL",NA,NA
"worreto01","Rookie of the Year",1986,"NL",NA,NA
"mattido01","Silver Slugger",1986,"AL",NA,"1B"
"whitefr01","Silver Slugger",1986,"AL",NA,"2B"
"boggswa01","Silver Slugger",1986,"AL",NA,"3B"
"parrila02","Silver Slugger",1986,"AL",NA,"C"
"baylodo01","Silver Slugger",1986,"AL",NA,"DH"
"barfije01","Silver Slugger",1986,"AL",NA,"OF"
"bellge02","Silver Slugger",1986,"AL",NA,"OF"
"puckeki01","Silver Slugger",1986,"AL",NA,"OF"
"ripkeca01","Silver Slugger",1986,"AL",NA,"SS"
"davisgl01","Silver Slugger",1986,"NL",NA,"1B"
"saxst01","Silver Slugger",1986,"NL",NA,"2B"
"schmimi01","Silver Slugger",1986,"NL",NA,"3B"
"cartega01","Silver Slugger",1986,"NL",NA,"C"
"gwynnto01","Silver Slugger",1986,"NL",NA,"OF"
"parkeda01","Silver Slugger",1986,"NL",NA,"OF"
"raineti01","Silver Slugger",1986,"NL",NA,"OF"
"rhoderi01","Silver Slugger",1986,"NL",NA,"P"
"brookhu01","Silver Slugger",1986,"NL",NA,"SS"
"mattido01","TSN All-Star",1986,"AL",NA,"1B"
"bernato01","TSN All-Star",1986,"AL",NA,"2B"
"boggswa01","TSN All-Star",1986,"AL",NA,"3B"
"gedmari01","TSN All-Star",1986,"AL",NA,"C"
"baylodo01","TSN All-Star",1986,"AL",NA,"DH"
"higuete01","TSN All-Star",1986,"AL",NA,"LHP"
"bellge02","TSN All-Star",1986,"AL",NA,"OF"
"puckeki01","TSN All-Star",1986,"AL",NA,"OF"
"riceji01","TSN All-Star",1986,"AL",NA,"OF"
"clemero02","TSN All-Star",1986,"AL",NA,"RHP"
"fernato01","TSN All-Star",1986,"AL",NA,"SS"
"hernake01","TSN All-Star",1986,"NL",NA,"1B"
"saxst01","TSN All-Star",1986,"NL",NA,"2B"
"schmimi01","TSN All-Star",1986,"NL",NA,"3B"
"cartega01","TSN All-Star",1986,"NL",NA,"C"
"valenfe01","TSN All-Star",1986,"NL",NA,"LHP"
"gwynnto01","TSN All-Star",1986,"NL",NA,"OF"
"parkeda01","TSN All-Star",1986,"NL",NA,"OF"
"raineti01","TSN All-Star",1986,"NL",NA,"OF"
"scottmi03","TSN All-Star",1986,"NL",NA,"RHP"
"smithoz01","TSN All-Star",1986,"NL",NA,"SS"
"righeda01","TSN Fireman of the Year",1986,"AL",NA,NA
"worreto01","TSN Fireman of the Year",1986,"NL",NA,NA
"clemero02","TSN Major League Player of the Year",1986,"ML",NA,NA
"clemero02","TSN Pitcher of the Year",1986,"AL",NA,NA
"scottmi03","TSN Pitcher of the Year",1986,"NL",NA,NA
"mattido01","TSN Player of the Year",1986,"AL",NA,NA
"schmimi01","TSN Player of the Year",1986,"NL",NA,NA
"knighra01","World Series MVP",1986,"ML",NA,NA
"gaettga01","ALCS MVP",1987,"AL",NA,NA
"raineti01","All-Star Game MVP",1987,"ML",NA,NA
"violafr01","Babe Ruth Award",1987,"AL",NA,"P"
"clemero02","Cy Young Award",1987,"AL",NA,NA
"bedrost01","Cy Young Award",1987,"NL",NA,NA
"mattido01","Gold Glove",1987,"AL",NA,"1B"
"whitefr01","Gold Glove",1987,"AL",NA,"2B"
"gaettga01","Gold Glove",1987,"AL",NA,"3B"
"boonebo01","Gold Glove",1987,"AL",NA,"C"
"barfije01","Gold Glove",1987,"AL",NA,"OF"
"puckeki01","Gold Glove",1987,"AL",NA,"OF"
"winfida01","Gold Glove",1987,"AL",NA,"OF"
"langsma01","Gold Glove",1987,"AL",NA,"P"
"fernato01","Gold Glove",1987,"AL",NA,"SS"
"hernake01","Gold Glove",1987,"NL",NA,"1B"
"sandbry01","Gold Glove",1987,"NL",NA,"2B"
"pendlte01","Gold Glove",1987,"NL",NA,"3B"
"lavalmi01","Gold Glove",1987,"NL",NA,"C"
"daviser01","Gold Glove",1987,"NL",NA,"OF"
"dawsoan01","Gold Glove",1987,"NL",NA,"OF"
"gwynnto01","Gold Glove",1987,"NL",NA,"OF"
"reuscri01","Gold Glove",1987,"NL",NA,"P"
"smithoz01","Gold Glove",1987,"NL",NA,"SS"
"molitpa01","Hutch Award",1987,"ML",NA,NA
"sutclri01","Lou Gehrig Memorial Award",1987,"ML",NA,NA
"bellge02","Most Valuable Player",1987,"AL",NA,NA
"dawsoan01","Most Valuable Player",1987,"NL",NA,NA
"leonaje01","NLCS MVP",1987,"NL",NA,NA
"sutclri01","Roberto Clemente Award",1987,"ML",NA,NA
"righeda01","Reliever of the Year Award",1987,"AL",NA,NA
"bedrost01","Reliever of the Year Award",1987,"NL",NA,NA
"mcgwima01","Rookie of the Year",1987,"AL",NA,NA
"santibe01","Rookie of the Year",1987,"NL",NA,NA
"mattido01","Silver Slugger",1987,"AL",NA,"1B"
"whitalo01","Silver Slugger",1987,"AL",NA,"2B"
"boggswa01","Silver Slugger",1987,"AL",NA,"3B"
"nokesma01","Silver Slugger",1987,"AL",NA,"C"
"molitpa01","Silver Slugger",1987,"AL",NA,"DH"
"bellge02","Silver Slugger",1987,"AL",NA,"OF"
"evansdw01","Silver Slugger",1987,"AL",NA,"OF"
"puckeki01","Silver Slugger",1987,"AL",NA,"OF"
"trammal01","Silver Slugger",1987,"AL",NA,"SS"
"clarkja01","Silver Slugger",1987,"NL",NA,"1B"
"samueju01","Silver Slugger",1987,"NL",NA,"2B"
"wallati01","Silver Slugger",1987,"NL",NA,"3B"
"santibe01","Silver Slugger",1987,"NL",NA,"C"
"daviser01","Silver Slugger",1987,"NL",NA,"OF"
"dawsoan01","Silver Slugger",1987,"NL",NA,"OF"
"gwynnto01","Silver Slugger",1987,"NL",NA,"OF"
"forscbo01","Silver Slugger",1987,"NL",NA,"P"
"smithoz01","Silver Slugger",1987,"NL",NA,"SS"
"mattido01","TSN All-Star",1987,"AL",NA,"1B"
"randowi01","TSN All-Star",1987,"AL",NA,"2B"
"boggswa01","TSN All-Star",1987,"AL",NA,"3B"
"nokesma01","TSN All-Star",1987,"AL",NA,"C"
"molitpa01","TSN All-Star",1987,"AL",NA,"DH"
"keyji01","TSN All-Star",1987,"AL",NA,"LHP"
"bellge02","TSN All-Star",1987,"AL",NA,"OF"
"evansdw01","TSN All-Star",1987,"AL",NA,"OF"
"puckeki01","TSN All-Star",1987,"AL",NA,"OF"
"clemero02","TSN All-Star",1987,"AL",NA,"RHP"
"trammal01","TSN All-Star",1987,"AL",NA,"SS"
"clarkja01","TSN All-Star",1987,"NL",NA,"1B"
"samueju01","TSN All-Star",1987,"NL",NA,"2B"
"wallati01","TSN All-Star",1987,"NL",NA,"3B"
"santibe01","TSN All-Star",1987,"NL",NA,"C"
"smithza01","TSN All-Star",1987,"NL",NA,"LHP"
"daviser01","TSN All-Star",1987,"NL",NA,"OF"
"dawsoan01","TSN All-Star",1987,"NL",NA,"OF"
"gwynnto01","TSN All-Star",1987,"NL",NA,"OF"
"sutclri01","TSN All-Star",1987,"NL",NA,"RHP"
"smithoz01","TSN All-Star",1987,"NL",NA,"SS"
"reardje01","TSN Fireman of the Year",1987,"AL","Y",NA
"righeda01","TSN Fireman of the Year",1987,"AL","Y",NA
"bedrost01","TSN Fireman of the Year",1987,"NL",NA,NA
"bellge02","TSN Major League Player of the Year",1987,"ML",NA,NA
"keyji01","TSN Pitcher of the Year",1987,"AL",NA,NA
"sutclri01","TSN Pitcher of the Year",1987,"NL",NA,NA
"bellge02","TSN Player of the Year",1987,"AL",NA,NA
"dawsoan01","TSN Player of the Year",1987,"NL",NA,NA
"violafr01","World Series MVP",1987,"ML",NA,NA
"eckerde01","ALCS MVP",1988,"AL",NA,NA
"steinte01","All-Star Game MVP",1988,"ML",NA,NA
"hershor01","Babe Ruth Award",1988,"NL",NA,"P"
"violafr01","Cy Young Award",1988,"AL",NA,NA
"hershor01","Cy Young Award",1988,"NL",NA,NA
"mattido01","Gold Glove",1988,"AL",NA,"1B"
"reynoha01","Gold Glove",1988,"AL",NA,"2B"
"gaettga01","Gold Glove",1988,"AL",NA,"3B"
"boonebo01","Gold Glove",1988,"AL",NA,"C"
"pettiga01","Gold Glove",1988,"AL",NA,"OF"
"puckeki01","Gold Glove",1988,"AL",NA,"OF"
"whitede03","Gold Glove",1988,"AL",NA,"OF"
"langsma01","Gold Glove",1988,"AL",NA,"P"
"fernato01","Gold Glove",1988,"AL",NA,"SS"
"hernake01","Gold Glove",1988,"NL",NA,"1B"
"sandbry01","Gold Glove",1988,"NL",NA,"2B"
"wallati01","Gold Glove",1988,"NL",NA,"3B"
"santibe01","Gold Glove",1988,"NL",NA,"C"
"daviser01","Gold Glove",1988,"NL",NA,"OF"
"dawsoan01","Gold Glove",1988,"NL",NA,"OF"
"vanslan01","Gold Glove",1988,"NL",NA,"OF"
"hershor01","Gold Glove",1988,"NL",NA,"P"
"smithoz01","Gold Glove",1988,"NL",NA,"SS"
"oestero01","Hutch Award",1988,"ML",NA,NA
"bellbu01","Lou Gehrig Memorial Award",1988,"ML",NA,NA
"cansejo01","Most Valuable Player",1988,"AL",NA,NA
"gibsoki01","Most Valuable Player",1988,"NL",NA,NA
"hershor01","NLCS MVP",1988,"NL",NA,NA
"murphda05","Roberto Clemente Award",1988,"ML",NA,NA
"eckerde01","Reliever of the Year Award",1988,"AL",NA,NA
"francjo01","Reliever of the Year Award",1988,"NL",NA,NA
"weisswa01","Rookie of the Year",1988,"AL",NA,NA
"saboch01","Rookie of the Year",1988,"NL",NA,NA
"brettge01","Silver Slugger",1988,"AL",NA,"1B"
"francju01","Silver Slugger",1988,"AL",NA,"2B"
"boggswa01","Silver Slugger",1988,"AL",NA,"3B"
"fiskca01","Silver Slugger",1988,"AL",NA,"C"
"molitpa01","Silver Slugger",1988,"AL",NA,"DH"
"cansejo01","Silver Slugger",1988,"AL",NA,"OF"
"greenmi01","Silver Slugger",1988,"AL",NA,"OF"
"puckeki01","Silver Slugger",1988,"AL",NA,"OF"
"trammal01","Silver Slugger",1988,"AL",NA,"SS"
"galaran01","Silver Slugger",1988,"NL",NA,"1B"
"sandbry01","Silver Slugger",1988,"NL",NA,"2B"
"bonilbo01","Silver Slugger",1988,"NL",NA,"3B"
"santibe01","Silver Slugger",1988,"NL",NA,"C"
"gibsoki01","Silver Slugger",1988,"NL",NA,"OF"
"strawda01","Silver Slugger",1988,"NL",NA,"OF"
"vanslan01","Silver Slugger",1988,"NL",NA,"OF"
"learyti01","Silver Slugger",1988,"NL",NA,"P"
"larkiba01","Silver Slugger",1988,"NL",NA,"SS"
"brettge01","TSN All-Star",1988,"AL",NA,"1B"
"rayjo01","TSN All-Star",1988,"AL",NA,"2B"
"boggswa01","TSN All-Star",1988,"AL",NA,"3B"
"whitter01","TSN All-Star",1988,"AL",NA,"C"
"baineha01","TSN All-Star",1988,"AL",NA,"DH"
"violafr01","TSN All-Star",1988,"AL",NA,"LHP"
"cansejo01","TSN All-Star",1988,"AL",NA,"OF"
"greenmi01","TSN All-Star",1988,"AL",NA,"OF"
"puckeki01","TSN All-Star",1988,"AL",NA,"OF"
"stewada01","TSN All-Star",1988,"AL",NA,"RHP"
"trammal01","TSN All-Star",1988,"AL",NA,"SS"
"clarkwi02","TSN All-Star",1988,"NL",NA,"1B"
"sandbry01","TSN All-Star",1988,"NL",NA,"2B"
"bonilbo01","TSN All-Star",1988,"NL",NA,"3B"
"lavalmi01","TSN All-Star",1988,"NL",NA,"C"
"jacksda02","TSN All-Star",1988,"NL",NA,"LHP"
"mcreyke01","TSN All-Star",1988,"NL",NA,"OF"
"strawda01","TSN All-Star",1988,"NL",NA,"OF"
"vanslan01","TSN All-Star",1988,"NL",NA,"OF"
"hershor01","TSN All-Star",1988,"NL",NA,"RHP"
"larkiba01","TSN All-Star",1988,"NL",NA,"SS"
"eckerde01","TSN Fireman of the Year",1988,"AL",NA,NA
"francjo01","TSN Fireman of the Year",1988,"NL",NA,NA
"hershor01","TSN Major League Player of the Year",1988,"ML",NA,NA
"violafr01","TSN Pitcher of the Year",1988,"AL",NA,NA
"hershor01","TSN Pitcher of the Year",1988,"NL",NA,NA
"cansejo01","TSN Player of the Year",1988,"AL",NA,NA
"vanslan01","TSN Player of the Year",1988,"NL",NA,NA
"hershor01","World Series MVP",1988,"ML",NA,NA
"henderi01","ALCS MVP",1989,"AL",NA,NA
"jacksbo01","All-Star Game MVP",1989,"ML",NA,NA
"stewada01","Babe Ruth Award",1989,"AL",NA,"P"
"saberbr01","Cy Young Award",1989,"AL",NA,NA
"davisma01","Cy Young Award",1989,"NL",NA,NA
"mattido01","Gold Glove",1989,"AL",NA,"1B"
"reynoha01","Gold Glove",1989,"AL",NA,"2B"
"gaettga01","Gold Glove",1989,"AL",NA,"3B"
"boonebo01","Gold Glove",1989,"AL",NA,"C"
"pettiga01","Gold Glove",1989,"AL",NA,"OF"
"puckeki01","Gold Glove",1989,"AL",NA,"OF"
"whitede03","Gold Glove",1989,"AL",NA,"OF"
"saberbr01","Gold Glove",1989,"AL",NA,"P"
"fernato01","Gold Glove",1989,"AL",NA,"SS"
"galaran01","Gold Glove",1989,"NL",NA,"1B"
"sandbry01","Gold Glove",1989,"NL",NA,"2B"
"pendlte01","Gold Glove",1989,"NL",NA,"3B"
"santibe01","Gold Glove",1989,"NL",NA,"C"
"daviser01","Gold Glove",1989,"NL",NA,"OF"
"gwynnto01","Gold Glove",1989,"NL",NA,"OF"
"vanslan01","Gold Glove",1989,"NL",NA,"OF"
"darliro01","Gold Glove",1989,"NL",NA,"P"
"smithoz01","Gold Glove",1989,"NL",NA,"SS"
"draveda01","Hutch Award",1989,"ML",NA,NA
"smithoz01","Lou Gehrig Memorial Award",1989,"ML",NA,NA
"yountro01","Most Valuable Player",1989,"AL",NA,NA
"mitchke01","Most Valuable Player",1989,"NL",NA,NA
"clarkwi02","NLCS MVP",1989,"NL",NA,NA
"cartega01","Roberto Clemente Award",1989,"ML",NA,NA
"russeje01","Reliever of the Year Award",1989,"AL",NA,NA
"davisma01","Reliever of the Year Award",1989,"NL",NA,NA
"olsongr01","Rookie of the Year",1989,"AL",NA,NA
"waltoje01","Rookie of the Year",1989,"NL",NA,NA
"mcgrifr01","Silver Slugger",1989,"AL",NA,"1B"
"francju01","Silver Slugger",1989,"AL",NA,"2B"
"boggswa01","Silver Slugger",1989,"AL",NA,"3B"
"tettlmi01","Silver Slugger",1989,"AL",NA,"C"
"baineha01","Silver Slugger",1989,"AL",NA,"DH"
"puckeki01","Silver Slugger",1989,"AL",NA,"OF"
"sierrru01","Silver Slugger",1989,"AL",NA,"OF"
"yountro01","Silver Slugger",1989,"AL",NA,"OF"
"ripkeca01","Silver Slugger",1989,"AL",NA,"SS"
"clarkwi02","Silver Slugger",1989,"NL",NA,"1B"
"sandbry01","Silver Slugger",1989,"NL",NA,"2B"
"johnsho01","Silver Slugger",1989,"NL",NA,"3B"
"biggicr01","Silver Slugger",1989,"NL",NA,"C"
"daviser01","Silver Slugger",1989,"NL",NA,"OF"
"gwynnto01","Silver Slugger",1989,"NL",NA,"OF"
"mitchke01","Silver Slugger",1989,"NL",NA,"OF"
"robindo01","Silver Slugger",1989,"NL",NA,"P"
"larkiba01","Silver Slugger",1989,"NL",NA,"SS"
"mcgrifr01","TSN All-Star",1989,"AL",NA,"1B"
"francju01","TSN All-Star",1989,"AL",NA,"2B"
"lansfca01","TSN All-Star",1989,"AL",NA,"3B"
"tettlmi01","TSN All-Star",1989,"AL",NA,"C"
"baineha01","TSN All-Star",1989,"AL",NA,"DH"
"finlech01","TSN All-Star",1989,"AL",NA,"LHP"
"puckeki01","TSN All-Star",1989,"AL",NA,"OF"
"sierrru01","TSN All-Star",1989,"AL",NA,"OF"
"yountro01","TSN All-Star",1989,"AL",NA,"OF"
"saberbr01","TSN All-Star",1989,"AL",NA,"RHP"
"ripkeca01","TSN All-Star",1989,"AL",NA,"SS"
"clarkwi02","TSN All-Star",1989,"NL",NA,"1B"
"sandbry01","TSN All-Star",1989,"NL",NA,"2B"
"johnsho01","TSN All-Star",1989,"NL",NA,"3B"
"santibe01","TSN All-Star",1989,"NL",NA,"C"
"davisma01","TSN All-Star",1989,"NL",NA,"LHP"
"daviser01","TSN All-Star",1989,"NL",NA,"OF"
"gwynnto01","TSN All-Star",1989,"NL",NA,"OF"
"mitchke01","TSN All-Star",1989,"NL",NA,"OF"
"scottmi03","TSN All-Star",1989,"NL",NA,"RHP"
"dunstsh01","TSN All-Star",1989,"NL",NA,"SS"
"russeje01","TSN Fireman of the Year",1989,"AL",NA,NA
"davisma01","TSN Fireman of the Year",1989,"NL",NA,NA
"mitchke01","TSN Major League Player of the Year",1989,"ML",NA,NA
"saberbr01","TSN Pitcher of the Year",1989,"AL",NA,NA
"davisma01","TSN Pitcher of the Year",1989,"NL",NA,NA
"sierrru01","TSN Player of the Year",1989,"AL",NA,NA
"mitchke01","TSN Player of the Year",1989,"NL",NA,NA
"stewada01","World Series MVP",1989,"ML",NA,NA
"stewada01","ALCS MVP",1990,"AL",NA,NA
"francju01","All-Star Game MVP",1990,"ML",NA,NA
"hatchbi01","Babe Ruth Award",1990,"NL",NA,"OF"
"welchbo01","Cy Young Award",1990,"AL",NA,NA
"drabedo01","Cy Young Award",1990,"NL",NA,NA
"mcgwima01","Gold Glove",1990,"AL",NA,"1B"
"reynoha01","Gold Glove",1990,"AL",NA,"2B"
"grubeke01","Gold Glove",1990,"AL",NA,"3B"
"alomasa02","Gold Glove",1990,"AL",NA,"C"
"burksel01","Gold Glove",1990,"AL",NA,"OF"
"griffke02","Gold Glove",1990,"AL",NA,"OF"
"pettiga01","Gold Glove",1990,"AL",NA,"OF"
"boddimi01","Gold Glove",1990,"AL",NA,"P"
"guilloz01","Gold Glove",1990,"AL",NA,"SS"
"galaran01","Gold Glove",1990,"NL",NA,"1B"
"sandbry01","Gold Glove",1990,"NL",NA,"2B"
"wallati01","Gold Glove",1990,"NL",NA,"3B"
"santibe01","Gold Glove",1990,"NL",NA,"C"
"bondsba01","Gold Glove",1990,"NL",NA,"OF"
"gwynnto01","Gold Glove",1990,"NL",NA,"OF"
"vanslan01","Gold Glove",1990,"NL",NA,"OF"
"maddugr01","Gold Glove",1990,"NL",NA,"P"
"smithoz01","Gold Glove",1990,"NL",NA,"SS"
"breamsi01","Hutch Award",1990,"ML",NA,NA
"davisgl01","Lou Gehrig Memorial Award",1990,"ML",NA,NA
"henderi01","Most Valuable Player",1990,"AL",NA,NA
"bondsba01","Most Valuable Player",1990,"NL",NA,NA
"dibblro01","NLCS MVP",1990,"NL",NA,NA
"myersra01","NLCS MVP",1990,"NL",NA,NA
"stewada01","Roberto Clemente Award",1990,"ML",NA,NA
"thigpbo01","Reliever of the Year Award",1990,"AL",NA,NA
"francjo01","Reliever of the Year Award",1990,"NL",NA,NA
"alomasa02","Rookie of the Year",1990,"AL",NA,NA
"justida01","Rookie of the Year",1990,"NL",NA,NA
"fieldce01","Silver Slugger",1990,"AL",NA,"1B"
"francju01","Silver Slugger",1990,"AL",NA,"2B"
"grubeke01","Silver Slugger",1990,"AL",NA,"3B"
"parrila02","Silver Slugger",1990,"AL",NA,"C"
"parkeda01","Silver Slugger",1990,"AL",NA,"DH"
"burksel01","Silver Slugger",1990,"AL",NA,"OF"
"cansejo01","Silver Slugger",1990,"AL",NA,"OF"
"henderi01","Silver Slugger",1990,"AL",NA,"OF"
"trammal01","Silver Slugger",1990,"AL",NA,"SS"
"murraed02","Silver Slugger",1990,"NL",NA,"1B"
"sandbry01","Silver Slugger",1990,"NL",NA,"2B"
"willima04","Silver Slugger",1990,"NL",NA,"3B"
"santibe01","Silver Slugger",1990,"NL",NA,"C"
"bondsba01","Silver Slugger",1990,"NL",NA,"OF"
"bonilbo01","Silver Slugger",1990,"NL",NA,"OF"
"strawda01","Silver Slugger",1990,"NL",NA,"OF"
"robindo01","Silver Slugger",1990,"NL",NA,"P"
"larkiba01","Silver Slugger",1990,"NL",NA,"SS"
"fieldce01","TSN All-Star",1990,"AL",NA,"1B"
"francju01","TSN All-Star",1990,"AL",NA,"2B"
"grubeke01","TSN All-Star",1990,"AL",NA,"3B"
"fiskca01","TSN All-Star",1990,"AL",NA,"C"
"parkeda01","TSN All-Star",1990,"AL",NA,"DH"
"finlech01","TSN All-Star",1990,"AL",NA,"LHP"
"burksel01","TSN All-Star",1990,"AL",NA,"OF"
"cansejo01","TSN All-Star",1990,"AL",NA,"OF"
"henderi01","TSN All-Star",1990,"AL",NA,"OF"
"welchbo01","TSN All-Star",1990,"AL",NA,"RHP"
"trammal01","TSN All-Star",1990,"AL",NA,"SS"
"murraed02","TSN All-Star",1990,"NL",NA,"1B"
"sandbry01","TSN All-Star",1990,"NL",NA,"2B"
"willima04","TSN All-Star",1990,"NL",NA,"3B"
"sciosmi01","TSN All-Star",1990,"NL",NA,"C"
"violafr01","TSN All-Star",1990,"NL",NA,"LHP"
"bondsba01","TSN All-Star",1990,"NL",NA,"OF"
"bonilbo01","TSN All-Star",1990,"NL",NA,"OF"
"strawda01","TSN All-Star",1990,"NL",NA,"OF"
"drabedo01","TSN All-Star",1990,"NL",NA,"RHP"
"larkiba01","TSN All-Star",1990,"NL",NA,"SS"
"thigpbo01","TSN Fireman of the Year",1990,"AL",NA,NA
"francjo01","TSN Fireman of the Year",1990,"NL",NA,NA
"bondsba01","TSN Major League Player of the Year",1990,"ML",NA,NA
"welchbo01","TSN Pitcher of the Year",1990,"AL",NA,NA
"drabedo01","TSN Pitcher of the Year",1990,"NL",NA,NA
"fieldce01","TSN Player of the Year",1990,"AL",NA,NA
"bondsba01","TSN Player of the Year",1990,"NL",NA,NA
"rijojo01","World Series MVP",1990,"ML",NA,NA
"puckeki01","ALCS MVP",1991,"AL",NA,NA
"ripkeca01","All-Star Game MVP",1991,"ML",NA,NA
"morrija02","Babe Ruth Award",1991,"AL",NA,"P"
"clemero02","Cy Young Award",1991,"AL",NA,NA
"glavito02","Cy Young Award",1991,"NL",NA,NA
"mattido01","Gold Glove",1991,"AL",NA,"1B"
"alomaro01","Gold Glove",1991,"AL",NA,"2B"
"venturo01","Gold Glove",1991,"AL",NA,"3B"
"penato01","Gold Glove",1991,"AL",NA,"C"
"griffke02","Gold Glove",1991,"AL",NA,"OF"
"puckeki01","Gold Glove",1991,"AL",NA,"OF"
"whitede03","Gold Glove",1991,"AL",NA,"OF"
"langsma01","Gold Glove",1991,"AL",NA,"P"
"ripkeca01","Gold Glove",1991,"AL",NA,"SS"
"clarkwi02","Gold Glove",1991,"NL",NA,"1B"
"sandbry01","Gold Glove",1991,"NL",NA,"2B"
"willima04","Gold Glove",1991,"NL",NA,"3B"
"pagnoto01","Gold Glove",1991,"NL",NA,"C"
"bondsba01","Gold Glove",1991,"NL",NA,"OF"
"gwynnto01","Gold Glove",1991,"NL",NA,"OF"
"vanslan01","Gold Glove",1991,"NL",NA,"OF"
"maddugr01","Gold Glove",1991,"NL",NA,"P"
"smithoz01","Gold Glove",1991,"NL",NA,"SS"
"wegmabi01","Hutch Award",1991,"ML",NA,NA
"hrbekke01","Lou Gehrig Memorial Award",1991,"ML",NA,NA
"ripkeca01","Most Valuable Player",1991,"AL",NA,NA
"pendlte01","Most Valuable Player",1991,"NL",NA,NA
"averyst01","NLCS MVP",1991,"NL",NA,NA
"reynoha01","Roberto Clemente Award",1991,"ML",NA,NA
"harvebr01","Reliever of the Year Award",1991,"AL",NA,NA
"smithle02","Reliever of the Year Award",1991,"NL",NA,NA
"knoblch01","Rookie of the Year",1991,"AL",NA,NA
"bagweje01","Rookie of the Year",1991,"NL",NA,NA
"fieldce01","Silver Slugger",1991,"AL",NA,"1B"
"francju01","Silver Slugger",1991,"AL",NA,"2B"
"boggswa01","Silver Slugger",1991,"AL",NA,"3B"
"tettlmi01","Silver Slugger",1991,"AL",NA,"C"
"thomafr04","Silver Slugger",1991,"AL",NA,"DH"
"cansejo01","Silver Slugger",1991,"AL",NA,"OF"
"cartejo01","Silver Slugger",1991,"AL",NA,"OF"
"griffke02","Silver Slugger",1991,"AL",NA,"OF"
"ripkeca01","Silver Slugger",1991,"AL",NA,"SS"
"clarkwi02","Silver Slugger",1991,"NL",NA,"1B"
"sandbry01","Silver Slugger",1991,"NL",NA,"2B"
"johnsho01","Silver Slugger",1991,"NL",NA,"3B"
"santibe01","Silver Slugger",1991,"NL",NA,"C"
"bondsba01","Silver Slugger",1991,"NL",NA,"OF"
"bonilbo01","Silver Slugger",1991,"NL",NA,"OF"
"gantro01","Silver Slugger",1991,"NL",NA,"OF"
"glavito02","Silver Slugger",1991,"NL",NA,"P"
"larkiba01","Silver Slugger",1991,"NL",NA,"SS"
"fieldce01","TSN All-Star",1991,"AL",NA,"1B"
"francju01","TSN All-Star",1991,"AL",NA,"2B"
"boggswa01","TSN All-Star",1991,"AL",NA,"3B"
"tettlmi01","TSN All-Star",1991,"AL",NA,"C"
"abbotji01","TSN All-Star",1991,"AL",NA,"LHP"
"cansejo01","TSN All-Star",1991,"AL",NA,"OF"
"cartejo01","TSN All-Star",1991,"AL",NA,"OF"
"griffke02","TSN All-Star",1991,"AL",NA,"OF"
"clemero02","TSN All-Star",1991,"AL",NA,"RHP"
"ripkeca01","TSN All-Star",1991,"AL",NA,"SS"
"clarkwi02","TSN All-Star",1991,"NL",NA,"1B"
"sandbry01","TSN All-Star",1991,"NL",NA,"2B"
"pendlte01","TSN All-Star",1991,"NL",NA,"3B"
"santibe01","TSN All-Star",1991,"NL",NA,"C"
"glavito02","TSN All-Star",1991,"NL",NA,"LHP"
"bondsba01","TSN All-Star",1991,"NL",NA,"OF"
"bonilbo01","TSN All-Star",1991,"NL",NA,"OF"
"gantro01","TSN All-Star",1991,"NL",NA,"OF"
"rijojo01","TSN All-Star",1991,"NL",NA,"RHP"
"larkiba01","TSN All-Star",1991,"NL",NA,"SS"
"eckerde01","TSN Fireman of the Year",1991,"AL","Y",NA
"harvebr01","TSN Fireman of the Year",1991,"AL","Y",NA
"smithle02","TSN Fireman of the Year",1991,"NL",NA,NA
"ripkeca01","TSN Major League Player of the Year",1991,"ML",NA,NA
"clemero02","TSN Pitcher of the Year",1991,"AL",NA,NA
"glavito02","TSN Pitcher of the Year",1991,"NL",NA,NA
"ripkeca01","TSN Player of the Year",1991,"AL",NA,NA
"bondsba01","TSN Player of the Year",1991,"NL",NA,NA
"morrija02","World Series MVP",1991,"ML",NA,NA
"alomaro01","ALCS MVP",1992,"AL",NA,NA
"griffke02","All-Star Game MVP",1992,"ML",NA,NA
"winfida01","Babe Ruth Award",1992,"AL",NA,"OF"
"winfida01","Branch Rickey Award",1992,"ML",NA,NA
"eckerde01","Cy Young Award",1992,"AL",NA,NA
"maddugr01","Cy Young Award",1992,"NL",NA,NA
"mattido01","Gold Glove",1992,"AL",NA,"1B"
"alomaro01","Gold Glove",1992,"AL",NA,"2B"
"venturo01","Gold Glove",1992,"AL",NA,"3B"
"rodriiv01","Gold Glove",1992,"AL",NA,"C"
"griffke02","Gold Glove",1992,"AL",NA,"OF"
"puckeki01","Gold Glove",1992,"AL",NA,"OF"
"whitede03","Gold Glove",1992,"AL",NA,"OF"
"langsma01","Gold Glove",1992,"AL",NA,"P"
"ripkeca01","Gold Glove",1992,"AL",NA,"SS"
"gracema01","Gold Glove",1992,"NL",NA,"1B"
"lindjo01","Gold Glove",1992,"NL",NA,"2B"
"pendlte01","Gold Glove",1992,"NL",NA,"3B"
"pagnoto01","Gold Glove",1992,"NL",NA,"C"
"bondsba01","Gold Glove",1992,"NL",NA,"OF"
"vanslan01","Gold Glove",1992,"NL",NA,"OF"
"walkela01","Gold Glove",1992,"NL",NA,"OF"
"maddugr01","Gold Glove",1992,"NL",NA,"P"
"smithoz01","Gold Glove",1992,"NL",NA,"SS"
"lansfca01","Hutch Award",1992,"ML",NA,NA
"ripkeca01","Lou Gehrig Memorial Award",1992,"ML",NA,NA
"eckerde01","Most Valuable Player",1992,"AL",NA,NA
"bondsba01","Most Valuable Player",1992,"NL",NA,NA
"smoltjo01","NLCS MVP",1992,"NL",NA,NA
"ripkeca01","Roberto Clemente Award",1992,"ML",NA,NA
"eckerde01","Reliever of the Year Award",1992,"AL",NA,NA
"listapa01","Rookie of the Year",1992,"AL",NA,NA
"karroer01","Rookie of the Year",1992,"NL",NA,NA
"mcgwima01","Silver Slugger",1992,"AL",NA,"1B"
"alomaro01","Silver Slugger",1992,"AL",NA,"2B"
"martied01","Silver Slugger",1992,"AL",NA,"3B"
"tettlmi01","Silver Slugger",1992,"AL",NA,"C"
"winfida01","Silver Slugger",1992,"AL",NA,"DH"
"cartejo01","Silver Slugger",1992,"AL",NA,"OF"
"gonzaju03","Silver Slugger",1992,"AL",NA,"OF"
"puckeki01","Silver Slugger",1992,"AL",NA,"OF"
"frymatr01","Silver Slugger",1992,"AL",NA,"SS"
"mcgrifr01","Silver Slugger",1992,"NL",NA,"1B"
"sandbry01","Silver Slugger",1992,"NL",NA,"2B"
"sheffga01","Silver Slugger",1992,"NL",NA,"3B"
"daultda01","Silver Slugger",1992,"NL",NA,"C"
"bondsba01","Silver Slugger",1992,"NL",NA,"OF"
"vanslan01","Silver Slugger",1992,"NL",NA,"OF"
"walkela01","Silver Slugger",1992,"NL",NA,"OF"
"goodedw01","Silver Slugger",1992,"NL",NA,"P"
"larkiba01","Silver Slugger",1992,"NL",NA,"SS"
"mcgwima01","TSN All-Star",1992,"AL",NA,"1B"
"alomaro01","TSN All-Star",1992,"AL",NA,"2B"
"martied01","TSN All-Star",1992,"AL",NA,"3B"
"tettlmi01","TSN All-Star",1992,"AL",NA,"C"
"flemida01","TSN All-Star",1992,"AL",NA,"LHP"
"cartejo01","TSN All-Star",1992,"AL",NA,"OF"
"devermi01","TSN All-Star",1992,"AL",NA,"OF"
"puckeki01","TSN All-Star",1992,"AL",NA,"OF"
"mcdowja01","TSN All-Star",1992,"AL",NA,"RHP"
"frymatr01","TSN All-Star",1992,"AL",NA,"SS"
"mcgrifr01","TSN All-Star",1992,"NL",NA,"1B"
"sandbry01","TSN All-Star",1992,"NL",NA,"2B"
"sheffga01","TSN All-Star",1992,"NL",NA,"3B"
"daultda01","TSN All-Star",1992,"NL",NA,"C"
"glavito02","TSN All-Star",1992,"NL",NA,"LHP"
"bondsba01","TSN All-Star",1992,"NL",NA,"OF"
"vanslan01","TSN All-Star",1992,"NL",NA,"OF"
"walkela01","TSN All-Star",1992,"NL",NA,"OF"
"maddugr01","TSN All-Star",1992,"NL",NA,"RHP"
"larkiba01","TSN All-Star",1992,"NL",NA,"SS"
"eckerde01","TSN Fireman of the Year",1992,"AL",NA,NA
"jonesdo01","TSN Fireman of the Year",1992,"NL","Y",NA
"smithle02","TSN Fireman of the Year",1992,"NL","Y",NA
"sheffga01","TSN Major League Player of the Year",1992,"ML",NA,NA
"eckerde01","TSN Pitcher of the Year",1992,"AL",NA,NA
"maddugr01","TSN Pitcher of the Year",1992,"NL",NA,NA
"bordepa01","World Series MVP",1992,"ML",NA,NA
"stewada01","ALCS MVP",1993,"AL",NA,NA
"puckeki01","All-Star Game MVP",1993,"ML",NA,NA
"molitpa01","Babe Ruth Award",1993,"AL",NA,"DH"
"puckeki01","Branch Rickey Award",1993,"ML",NA,NA
"mcdowja01","Cy Young Award",1993,"AL",NA,NA
"maddugr01","Cy Young Award",1993,"NL",NA,NA
"mattido01","Gold Glove",1993,"AL",NA,"1B"
"alomaro01","Gold Glove",1993,"AL",NA,"2B"
"venturo01","Gold Glove",1993,"AL",NA,"3B"
"rodriiv01","Gold Glove",1993,"AL",NA,"C"
"griffke02","Gold Glove",1993,"AL",NA,"OF"
"loftoke01","Gold Glove",1993,"AL",NA,"OF"
"whitede03","Gold Glove",1993,"AL",NA,"OF"
"langsma01","Gold Glove",1993,"AL",NA,"P"
"vizquom01","Gold Glove",1993,"AL",NA,"SS"
"gracema01","Gold Glove",1993,"NL",NA,"1B"
"thompro01","Gold Glove",1993,"NL",NA,"2B"
"willima04","Gold Glove",1993,"NL",NA,"3B"
"manwaki01","Gold Glove",1993,"NL",NA,"C"
"bondsba01","Gold Glove",1993,"NL",NA,"OF"
"grissma02","Gold Glove",1993,"NL",NA,"OF"
"walkela01","Gold Glove",1993,"NL",NA,"OF"
"maddugr01","Gold Glove",1993,"NL",NA,"P"
"bellja01","Gold Glove",1993,"NL",NA,"SS"
"olerujo01","Hutch Award",1993,"ML",NA,NA
"mattido01","Lou Gehrig Memorial Award",1993,"ML",NA,NA
"thomafr04","Most Valuable Player",1993,"AL",NA,NA
"bondsba01","Most Valuable Player",1993,"NL",NA,NA
"schilcu01","NLCS MVP",1993,"NL",NA,NA
"larkiba01","Roberto Clemente Award",1993,"ML",NA,NA
"montgje01","Reliever of the Year Award",1993,"AL",NA,NA
"myersra01","Reliever of the Year Award",1993,"NL",NA,NA
"salmoti01","Rookie of the Year",1993,"AL",NA,NA
"piazzmi01","Rookie of the Year",1993,"NL",NA,NA
"thomafr04","Silver Slugger",1993,"AL",NA,"1B"
"baergca01","Silver Slugger",1993,"AL",NA,"2B"
"boggswa01","Silver Slugger",1993,"AL",NA,"3B"
"stanlmi02","Silver Slugger",1993,"AL",NA,"C"
"molitpa01","Silver Slugger",1993,"AL",NA,"DH"
"belleal01","Silver Slugger",1993,"AL",NA,"OF"
"gonzaju03","Silver Slugger",1993,"AL",NA,"OF"
"griffke02","Silver Slugger",1993,"AL",NA,"OF"
"ripkeca01","Silver Slugger",1993,"AL",NA,"SS"
"mcgrifr01","Silver Slugger",1993,"NL",NA,"1B"
"thompro01","Silver Slugger",1993,"NL",NA,"2B"
"willima04","Silver Slugger",1993,"NL",NA,"3B"
"piazzmi01","Silver Slugger",1993,"NL",NA,"C"
"bondsba01","Silver Slugger",1993,"NL",NA,"OF"
"dykstle01","Silver Slugger",1993,"NL",NA,"OF"
"justida01","Silver Slugger",1993,"NL",NA,"OF"
"hershor01","Silver Slugger",1993,"NL",NA,"P"
"bellja01","Silver Slugger",1993,"NL",NA,"SS"
"thomafr04","TSN All-Star",1993,"AL",NA,"1B"
"baergca01","TSN All-Star",1993,"AL",NA,"2B"
"frymatr01","TSN All-Star",1993,"AL",NA,"3B"
"stanlmi02","TSN All-Star",1993,"AL",NA,"C"
"molitpa01","TSN All-Star",1993,"AL",NA,"DH"
"keyji01","TSN All-Star",1993,"AL",NA,"LHP"
"belleal01","TSN All-Star",1993,"AL",NA,"OF"
"gonzaju03","TSN All-Star",1993,"AL",NA,"OF"
"griffke02","TSN All-Star",1993,"AL",NA,"OF"
"mcdowja01","TSN All-Star",1993,"AL",NA,"RHP"
"ripkeca01","TSN All-Star",1993,"AL",NA,"SS"
"mcgrifr01","TSN All-Star",1993,"NL",NA,"1B"
"thompro01","TSN All-Star",1993,"NL",NA,"2B"
"willima04","TSN All-Star",1993,"NL",NA,"3B"
"piazzmi01","TSN All-Star",1993,"NL",NA,"C"
"averyst01","TSN All-Star",1993,"NL",NA,"LHP"
"bondsba01","TSN All-Star",1993,"NL",NA,"OF"
"dykstle01","TSN All-Star",1993,"NL",NA,"OF"
"justida01","TSN All-Star",1993,"NL",NA,"OF"
"maddugr01","TSN All-Star",1993,"NL",NA,"RHP"
"bellja01","TSN All-Star",1993,"NL",NA,"SS"
"montgje01","TSN Fireman of the Year",1993,"AL",NA,NA
"myersra01","TSN Fireman of the Year",1993,"NL",NA,NA
"thomafr04","TSN Major League Player of the Year",1993,"ML",NA,NA
"mcdowja01","TSN Pitcher of the Year",1993,"AL",NA,NA
"maddugr01","TSN Pitcher of the Year",1993,"NL",NA,NA
"molitpa01","World Series MVP",1993,"ML",NA,NA
"mcgrifr01","All-Star Game MVP",1994,"ML",NA,NA
"smithoz01","Branch Rickey Award",1994,"ML",NA,NA
"coneda01","Cy Young Award",1994,"AL",NA,NA
"maddugr01","Cy Young Award",1994,"NL",NA,NA
"mattido01","Gold Glove",1994,"AL",NA,"1B"
"alomaro01","Gold Glove",1994,"AL",NA,"2B"
"boggswa01","Gold Glove",1994,"AL",NA,"3B"
"rodriiv01","Gold Glove",1994,"AL",NA,"C"
"griffke02","Gold Glove",1994,"AL",NA,"OF"
"loftoke01","Gold Glove",1994,"AL",NA,"OF"
"whitede03","Gold Glove",1994,"AL",NA,"OF"
"langsma01","Gold Glove",1994,"AL",NA,"P"
"vizquom01","Gold Glove",1994,"AL",NA,"SS"
"bagweje01","Gold Glove",1994,"NL",NA,"1B"
"biggicr01","Gold Glove",1994,"NL",NA,"2B"
"willima04","Gold Glove",1994,"NL",NA,"3B"
"pagnoto01","Gold Glove",1994,"NL",NA,"C"
"bondsba01","Gold Glove",1994,"NL",NA,"OF"
"grissma02","Gold Glove",1994,"NL",NA,"OF"
"lewisda01","Gold Glove",1994,"NL",NA,"OF"
"maddugr01","Gold Glove",1994,"NL",NA,"P"
"larkiba01","Gold Glove",1994,"NL",NA,"SS"
"dawsoan01","Hutch Award",1994,"ML",NA,NA
"larkiba01","Lou Gehrig Memorial Award",1994,"ML",NA,NA
"thomafr04","Most Valuable Player",1994,"AL",NA,NA
"bagweje01","Most Valuable Player",1994,"NL",NA,NA
"winfida01","Roberto Clemente Award",1994,"ML",NA,NA
"smithle02","Reliever of the Year Award",1994,"AL",NA,NA
"beckro01","Reliever of the Year Award",1994,"NL",NA,NA
"hamelbo01","Rookie of the Year",1994,"AL",NA,NA
"mondera01","Rookie of the Year",1994,"NL",NA,NA
"thomafr04","Silver Slugger",1994,"AL",NA,"1B"
"baergca01","Silver Slugger",1994,"AL",NA,"2B"
"boggswa01","Silver Slugger",1994,"AL",NA,"3B"
"rodriiv01","Silver Slugger",1994,"AL",NA,"C"
"francju01","Silver Slugger",1994,"AL",NA,"DH"
"belleal01","Silver Slugger",1994,"AL",NA,"OF"
"griffke02","Silver Slugger",1994,"AL",NA,"OF"
"puckeki01","Silver Slugger",1994,"AL",NA,"OF"
"ripkeca01","Silver Slugger",1994,"AL",NA,"SS"
"bagweje01","Silver Slugger",1994,"NL",NA,"1B"
"biggicr01","Silver Slugger",1994,"NL",NA,"2B"
"willima04","Silver Slugger",1994,"NL",NA,"3B"
"piazzmi01","Silver Slugger",1994,"NL",NA,"C"
"aloumo01","Silver Slugger",1994,"NL",NA,"OF"
"bondsba01","Silver Slugger",1994,"NL",NA,"OF"
"gwynnto01","Silver Slugger",1994,"NL",NA,"OF"
"portuma01","Silver Slugger",1994,"NL",NA,"P"
"cordewi01","Silver Slugger",1994,"NL",NA,"SS"
"thomafr04","TSN All-Star",1994,"AL",NA,"1B"
"knoblch01","TSN All-Star",1994,"AL",NA,"2B"
"boggswa01","TSN All-Star",1994,"AL",NA,"3B"
"rodriiv01","TSN All-Star",1994,"AL",NA,"C"
"molitpa01","TSN All-Star",1994,"AL",NA,"DH"
"keyji01","TSN All-Star",1994,"AL",NA,"LHP"
"belleal01","TSN All-Star",1994,"AL",NA,"OF"
"griffke02","TSN All-Star",1994,"AL",NA,"OF"
"puckeki01","TSN All-Star",1994,"AL",NA,"OF"
"coneda01","TSN All-Star",1994,"AL",NA,"RHP"
"ripkeca01","TSN All-Star",1994,"AL",NA,"SS"
"bagweje01","TSN All-Star",1994,"NL",NA,"1B"
"biggicr01","TSN All-Star",1994,"NL",NA,"2B"
"willima04","TSN All-Star",1994,"NL",NA,"3B"
"piazzmi01","TSN All-Star",1994,"NL",NA,"C"
"jacksda02","TSN All-Star",1994,"NL",NA,"LHP"
"aloumo01","TSN All-Star",1994,"NL",NA,"OF"
"bondsba01","TSN All-Star",1994,"NL",NA,"OF"
"gwynnto01","TSN All-Star",1994,"NL",NA,"OF"
"maddugr01","TSN All-Star",1994,"NL",NA,"RHP"
"larkiba01","TSN All-Star",1994,"NL",NA,"SS"
"smithle02","TSN Fireman of the Year",1994,"AL",NA,NA
"francjo01","TSN Fireman of the Year",1994,"NL",NA,NA
"bagweje01","TSN Major League Player of the Year",1994,"ML",NA,NA
"keyji01","TSN Pitcher of the Year",1994,"AL",NA,NA
"maddugr01","TSN Pitcher of the Year",1994,"NL",NA,NA
"hershor01","ALCS MVP",1995,"AL",NA,NA
"coninje01","All-Star Game MVP",1995,"ML",NA,NA
"glavito02","Babe Ruth Award",1995,"NL",NA,"P"
"gwynnto01","Branch Rickey Award",1995,"ML",NA,NA
"johnsra05","Cy Young Award",1995,"AL",NA,NA
"maddugr01","Cy Young Award",1995,"NL",NA,NA
"snowjt01","Gold Glove",1995,"AL",NA,"1B"
"alomaro01","Gold Glove",1995,"AL",NA,"2B"
"boggswa01","Gold Glove",1995,"AL",NA,"3B"
"rodriiv01","Gold Glove",1995,"AL",NA,"C"
"griffke02","Gold Glove",1995,"AL",NA,"OF"
"loftoke01","Gold Glove",1995,"AL",NA,"OF"
"whitede03","Gold Glove",1995,"AL",NA,"OF"
"langsma01","Gold Glove",1995,"AL",NA,"P"
"vizquom01","Gold Glove",1995,"AL",NA,"SS"
"gracema01","Gold Glove",1995,"NL",NA,"1B"
"biggicr01","Gold Glove",1995,"NL",NA,"2B"
"caminke01","Gold Glove",1995,"NL",NA,"3B"
"johnsch04","Gold Glove",1995,"NL",NA,"C"
"finlest01","Gold Glove",1995,"NL",NA,"OF"
"grissma02","Gold Glove",1995,"NL",NA,"OF"
"mondera01","Gold Glove",1995,"NL",NA,"OF"
"maddugr01","Gold Glove",1995,"NL",NA,"P"
"larkiba01","Gold Glove",1995,"NL",NA,"SS"
"abbotji01","Hutch Award",1995,"ML",NA,NA
"schilcu01","Lou Gehrig Memorial Award",1995,"ML",NA,NA
"vaughmo01","Most Valuable Player",1995,"AL",NA,NA
"larkiba01","Most Valuable Player",1995,"NL",NA,NA
"devermi01","NLCS MVP",1995,"NL",NA,NA
"smithoz01","Roberto Clemente Award",1995,"ML",NA,NA
"mesajo01","Reliever of the Year Award",1995,"AL",NA,NA
"henketo01","Reliever of the Year Award",1995,"NL",NA,NA
"cordoma01","Rookie of the Year",1995,"AL",NA,NA
"nomohi01","Rookie of the Year",1995,"NL",NA,NA
"vaughmo01","Silver Slugger",1995,"AL",NA,"1B"
"knoblch01","Silver Slugger",1995,"AL",NA,"2B"
"gaettga01","Silver Slugger",1995,"AL",NA,"3B"
"rodriiv01","Silver Slugger",1995,"AL",NA,"C"
"martied01","Silver Slugger",1995,"AL",NA,"DH"
"belleal01","Silver Slugger",1995,"AL",NA,"OF"
"ramirma02","Silver Slugger",1995,"AL",NA,"OF"
"salmoti01","Silver Slugger",1995,"AL",NA,"OF"
"valenjo02","Silver Slugger",1995,"AL",NA,"SS"
"karroer01","Silver Slugger",1995,"NL",NA,"1B"
"biggicr01","Silver Slugger",1995,"NL",NA,"2B"
"castivi02","Silver Slugger",1995,"NL",NA,"3B"
"piazzmi01","Silver Slugger",1995,"NL",NA,"C"
"bicheda01","Silver Slugger",1995,"NL",NA,"OF"
"gwynnto01","Silver Slugger",1995,"NL",NA,"OF"
"sosasa01","Silver Slugger",1995,"NL",NA,"OF"
"glavito02","Silver Slugger",1995,"NL",NA,"P"
"larkiba01","Silver Slugger",1995,"NL",NA,"SS"
"vaughmo01","TSN All-Star",1995,"AL",NA,"1B"
"baergca01","TSN All-Star",1995,"AL",NA,"2B"
"thomeji01","TSN All-Star",1995,"AL",NA,"3B"
"rodriiv01","TSN All-Star",1995,"AL",NA,"C"
"martied01","TSN All-Star",1995,"AL",NA,"DH"
"johnsra05","TSN All-Star",1995,"AL",NA,"LHP"
"belleal01","TSN All-Star",1995,"AL",NA,"OF"
"edmonji01","TSN All-Star",1995,"AL","Y","OF"
"ramirma02","TSN All-Star",1995,"AL","Y","OF"
"salmoti01","TSN All-Star",1995,"AL",NA,"OF"
"mussimi01","TSN All-Star",1995,"AL",NA,"RHP"
"ripkeca01","TSN All-Star",1995,"AL",NA,"SS"
"karroer01","TSN All-Star",1995,"NL",NA,"1B"
"biggicr01","TSN All-Star",1995,"NL",NA,"2B"
"castivi02","TSN All-Star",1995,"NL",NA,"3B"
"piazzmi01","TSN All-Star",1995,"NL",NA,"C"
"schoupe01","TSN All-Star",1995,"NL",NA,"LHP"
"bicheda01","TSN All-Star",1995,"NL",NA,"OF"
"sandere02","TSN All-Star",1995,"NL",NA,"OF"
"sosasa01","TSN All-Star",1995,"NL",NA,"OF"
"maddugr01","TSN All-Star",1995,"NL",NA,"RHP"
"larkiba01","TSN All-Star",1995,"NL",NA,"SS"
"mesajo01","TSN Fireman of the Year",1995,"AL",NA,NA
"myersra01","TSN Fireman of the Year",1995,"NL",NA,NA
"belleal01","TSN Major League Player of the Year",1995,"ML",NA,NA
"johnsra05","TSN Pitcher of the Year",1995,"AL",NA,NA
"maddugr01","TSN Pitcher of the Year",1995,"NL",NA,NA
"glavito02","World Series MVP",1995,"ML",NA,NA
"willibe02","ALCS MVP",1996,"AL",NA,NA
"piazzmi01","All-Star Game MVP",1996,"ML",NA,NA
"fieldce01","Babe Ruth Award",1996,"AL",NA,"DH"
"butlebr01","Branch Rickey Award",1996,"ML",NA,NA
"hentgpa01","Cy Young Award",1996,"AL",NA,NA
"smoltjo01","Cy Young Award",1996,"NL",NA,NA
"snowjt01","Gold Glove",1996,"AL",NA,"1B"
"alomaro01","Gold Glove",1996,"AL",NA,"2B"
"venturo01","Gold Glove",1996,"AL",NA,"3B"
"rodriiv01","Gold Glove",1996,"AL",NA,"C"
"buhneja01","Gold Glove",1996,"AL",NA,"OF"
"griffke02","Gold Glove",1996,"AL",NA,"OF"
"loftoke01","Gold Glove",1996,"AL",NA,"OF"
"mussimi01","Gold Glove",1996,"AL",NA,"P"
"vizquom01","Gold Glove",1996,"AL",NA,"SS"
"gracema01","Gold Glove",1996,"NL",NA,"1B"
"biggicr01","Gold Glove",1996,"NL",NA,"2B"
"caminke01","Gold Glove",1996,"NL",NA,"3B"
"johnsch04","Gold Glove",1996,"NL",NA,"C"
"bondsba01","Gold Glove",1996,"NL",NA,"OF"
"finlest01","Gold Glove",1996,"NL",NA,"OF"
"grissma02","Gold Glove",1996,"NL",NA,"OF"
"maddugr01","Gold Glove",1996,"NL",NA,"P"
"larkiba01","Gold Glove",1996,"NL",NA,"SS"
"vizquom01","Hutch Award",1996,"ML",NA,NA
"butlebr01","Lou Gehrig Memorial Award",1996,"ML",NA,NA
"gonzaju03","Most Valuable Player",1996,"AL",NA,NA
"caminke01","Most Valuable Player",1996,"NL",NA,NA
"lopezja01","NLCS MVP",1996,"NL",NA,NA
"puckeki01","Roberto Clemente Award",1996,"ML",NA,NA
"brantje01","Reliever of the Year Award",1996,"NL",NA,NA
"jeterde01","Rookie of the Year",1996,"AL",NA,NA
"hollato01","Rookie of the Year",1996,"NL",NA,NA
"mcgwima01","Silver Slugger",1996,"AL",NA,"1B"
"alomaro01","Silver Slugger",1996,"AL",NA,"2B"
"thomeji01","Silver Slugger",1996,"AL",NA,"3B"
"rodriiv01","Silver Slugger",1996,"AL",NA,"C"
"molitpa01","Silver Slugger",1996,"AL",NA,"DH"
"belleal01","Silver Slugger",1996,"AL",NA,"OF"
"gonzaju03","Silver Slugger",1996,"AL",NA,"OF"
"griffke02","Silver Slugger",1996,"AL",NA,"OF"
"rodrial01","Silver Slugger",1996,"AL",NA,"SS"
"galaran01","Silver Slugger",1996,"NL",NA,"1B"
"younger01","Silver Slugger",1996,"NL",NA,"2B"
"caminke01","Silver Slugger",1996,"NL",NA,"3B"
"piazzmi01","Silver Slugger",1996,"NL",NA,"C"
"bondsba01","Silver Slugger",1996,"NL",NA,"OF"
"burksel01","Silver Slugger",1996,"NL",NA,"OF"
"sheffga01","Silver Slugger",1996,"NL",NA,"OF"
"glavito02","Silver Slugger",1996,"NL",NA,"P"
"larkiba01","Silver Slugger",1996,"NL",NA,"SS"
"mcgwima01","TSN All-Star",1996,"AL",NA,"1B"
"alomaro01","TSN All-Star",1996,"AL",NA,"2B"
"thomeji01","TSN All-Star",1996,"AL",NA,"3B"
"rodriiv01","TSN All-Star",1996,"AL",NA,"C"
"molitpa01","TSN All-Star",1996,"AL",NA,"DH"
"pettian01","TSN All-Star",1996,"AL",NA,"LHP"
"belleal01","TSN All-Star",1996,"AL",NA,"OF"
"gonzaju03","TSN All-Star",1996,"AL",NA,"OF"
"griffke02","TSN All-Star",1996,"AL",NA,"OF"
"hentgpa01","TSN All-Star",1996,"AL",NA,"RHP"
"rodrial01","TSN All-Star",1996,"AL",NA,"SS"
"bagweje01","TSN All-Star",1996,"NL",NA,"1B"
"younger01","TSN All-Star",1996,"NL",NA,"2B"
"caminke01","TSN All-Star",1996,"NL",NA,"3B"
"piazzmi01","TSN All-Star",1996,"NL",NA,"C"
"leiteal01","TSN All-Star",1996,"NL",NA,"LHP"
"bondsba01","TSN All-Star",1996,"NL",NA,"OF"
"burksel01","TSN All-Star",1996,"NL",NA,"OF"
"sheffga01","TSN All-Star",1996,"NL",NA,"OF"
"smoltjo01","TSN All-Star",1996,"NL",NA,"RHP"
"larkiba01","TSN All-Star",1996,"NL",NA,"SS"
"wettejo01","TSN Fireman of the Year",1996,"AL",NA,NA
"hoffmtr01","TSN Fireman of the Year",1996,"NL",NA,NA
"rodrial01","TSN Major League Player of the Year",1996,"ML",NA,NA
"hentgpa01","TSN Pitcher of the Year",1996,"AL",NA,NA
"smoltjo01","TSN Pitcher of the Year",1996,"NL",NA,NA
"wettejo01","World Series MVP",1996,"ML",NA,NA
"grissma02","ALCS MVP",1997,"AL",NA,NA
"alomasa02","All-Star Game MVP",1997,"ML",NA,NA
"aloumo01","Babe Ruth Award",1997,"NL",NA,"OF"
"biggicr01","Branch Rickey Award",1997,"ML",NA,NA
"clemero02","Cy Young Award",1997,"AL",NA,NA
"martipe02","Cy Young Award",1997,"NL",NA,NA
"palmera01","Gold Glove",1997,"AL",NA,"1B"
"knoblch01","Gold Glove",1997,"AL",NA,"2B"
"willima04","Gold Glove",1997,"AL",NA,"3B"
"rodriiv01","Gold Glove",1997,"AL",NA,"C"
"edmonji01","Gold Glove",1997,"AL",NA,"OF"
"griffke02","Gold Glove",1997,"AL",NA,"OF"
"willibe02","Gold Glove",1997,"AL",NA,"OF"
"mussimi01","Gold Glove",1997,"AL",NA,"P"
"vizquom01","Gold Glove",1997,"AL",NA,"SS"
"snowjt01","Gold Glove",1997,"NL",NA,"1B"
"biggicr01","Gold Glove",1997,"NL",NA,"2B"
"caminke01","Gold Glove",1997,"NL",NA,"3B"
"johnsch04","Gold Glove",1997,"NL",NA,"C"
"bondsba01","Gold Glove",1997,"NL",NA,"OF"
"mondera01","Gold Glove",1997,"NL",NA,"OF"
"walkela01","Gold Glove",1997,"NL",NA,"OF"
"maddugr01","Gold Glove",1997,"NL",NA,"P"
"ordonre01","Gold Glove",1997,"NL",NA,"SS"
"daviser01","Hutch Award",1997,"ML",NA,NA
"molitpa01","Lou Gehrig Memorial Award",1997,"ML",NA,NA
"griffke02","Most Valuable Player",1997,"AL",NA,NA
"walkela01","Most Valuable Player",1997,"NL",NA,NA
"hernali01","NLCS MVP",1997,"NL",NA,NA
"clemero02","Pitching Triple Crown",1997,"AL",NA,NA
"daviser01","Roberto Clemente Award",1997,"ML",NA,NA
"myersra01","Reliever of the Year Award",1997,"AL",NA,NA
"shawje01","Reliever of the Year Award",1997,"NL",NA,NA
"garcino01","Rookie of the Year",1997,"AL",NA,NA
"rolensc01","Rookie of the Year",1997,"NL",NA,NA
"martiti02","Silver Slugger",1997,"AL",NA,"1B"
"knoblch01","Silver Slugger",1997,"AL",NA,"2B"
"willima04","Silver Slugger",1997,"AL",NA,"3B"
"rodriiv01","Silver Slugger",1997,"AL",NA,"C"
"martied01","Silver Slugger",1997,"AL",NA,"DH"
"gonzaju03","Silver Slugger",1997,"AL",NA,"OF"
"griffke02","Silver Slugger",1997,"AL",NA,"OF"
"justida01","Silver Slugger",1997,"AL",NA,"OF"
"garcino01","Silver Slugger",1997,"AL",NA,"SS"
"bagweje01","Silver Slugger",1997,"NL",NA,"1B"
"biggicr01","Silver Slugger",1997,"NL",NA,"2B"
"castivi02","Silver Slugger",1997,"NL",NA,"3B"
"piazzmi01","Silver Slugger",1997,"NL",NA,"C"
"bondsba01","Silver Slugger",1997,"NL",NA,"OF"
"gwynnto01","Silver Slugger",1997,"NL",NA,"OF"
"walkela01","Silver Slugger",1997,"NL",NA,"OF"
"smoltjo01","Silver Slugger",1997,"NL",NA,"P"
"blausje01","Silver Slugger",1997,"NL",NA,"SS"
"martiti02","TSN All-Star",1997,"AL",NA,"1B"
"knoblch01","TSN All-Star",1997,"AL",NA,"2B"
"willima04","TSN All-Star",1997,"AL",NA,"3B"
"rodriiv01","TSN All-Star",1997,"AL",NA,"C"
"martied01","TSN All-Star",1997,"AL",NA,"DH"
"johnsra05","TSN All-Star",1997,"AL",NA,"LHP"
"griffke02","TSN All-Star",1997,"AL",NA,"OF"
"justida01","TSN All-Star",1997,"AL",NA,"OF"
"salmoti01","TSN All-Star",1997,"AL",NA,"OF"
"clemero02","TSN All-Star",1997,"AL",NA,"RHP"
"garcino01","TSN All-Star",1997,"AL",NA,"SS"
"bagweje01","TSN All-Star",1997,"NL",NA,"1B"
"biggicr01","TSN All-Star",1997,"NL",NA,"2B"
"castivi02","TSN All-Star",1997,"NL",NA,"3B"
"piazzmi01","TSN All-Star",1997,"NL",NA,"C"
"neaglde01","TSN All-Star",1997,"NL",NA,"LHP"
"bondsba01","TSN All-Star",1997,"NL",NA,"OF"
"gwynnto01","TSN All-Star",1997,"NL",NA,"OF"
"walkela01","TSN All-Star",1997,"NL",NA,"OF"
"martipe02","TSN All-Star",1997,"NL",NA,"RHP"
"blausje01","TSN All-Star",1997,"NL",NA,"SS"
"riverma01","TSN Fireman of the Year",1997,"AL",NA,NA
"shawje01","TSN Fireman of the Year",1997,"NL",NA,NA
"griffke02","TSN Major League Player of the Year",1997,"ML",NA,NA
"clemero02","TSN Pitcher of the Year",1997,"AL",NA,NA
"martipe02","TSN Pitcher of the Year",1997,"NL",NA,NA
"hernali01","World Series MVP",1997,"ML",NA,NA
"wellsda01","ALCS MVP",1998,"AL",NA,NA
"alomaro01","All-Star Game MVP",1998,"ML",NA,NA
"brosisc01","Babe Ruth Award",1998,"AL",NA,"3B"
"molitpa01","Branch Rickey Award",1998,"ML",NA,NA
"clemero02","Cy Young Award",1998,"AL",NA,NA
"glavito02","Cy Young Award",1998,"NL",NA,NA
"palmera01","Gold Glove",1998,"AL",NA,"1B"
"alomaro01","Gold Glove",1998,"AL",NA,"2B"
"venturo01","Gold Glove",1998,"AL",NA,"3B"
"rodriiv01","Gold Glove",1998,"AL",NA,"C"
"edmonji01","Gold Glove",1998,"AL",NA,"OF"
"griffke02","Gold Glove",1998,"AL",NA,"OF"
"willibe02","Gold Glove",1998,"AL",NA,"OF"
"mussimi01","Gold Glove",1998,"AL",NA,"P"
"vizquom01","Gold Glove",1998,"AL",NA,"SS"
"snowjt01","Gold Glove",1998,"NL",NA,"1B"
"boonebr01","Gold Glove",1998,"NL",NA,"2B"
"rolensc01","Gold Glove",1998,"NL",NA,"3B"
"johnsch04","Gold Glove",1998,"NL",NA,"C"
"bondsba01","Gold Glove",1998,"NL",NA,"OF"
"jonesan01","Gold Glove",1998,"NL",NA,"OF"
"walkela01","Gold Glove",1998,"NL",NA,"OF"
"maddugr01","Gold Glove",1998,"NL",NA,"P"
"ordonre01","Gold Glove",1998,"NL",NA,"SS"
"coneda01","Hutch Award",1998,"ML",NA,NA
"gwynnto01","Lou Gehrig Memorial Award",1998,"ML",NA,NA
"gonzaju03","Most Valuable Player",1998,"AL",NA,NA
"sosasa01","Most Valuable Player",1998,"NL",NA,NA
"hitchst01","NLCS MVP",1998,"NL",NA,NA
"clemero02","Pitching Triple Crown",1998,"AL",NA,NA
"sosasa01","Roberto Clemente Award",1998,"ML",NA,NA
"gordoto01","Reliever of the Year Award",1998,"AL",NA,NA
"hoffmtr01","Reliever of the Year Award",1998,"NL",NA,NA
"grievbe01","Rookie of the Year",1998,"AL",NA,NA
"woodke02","Rookie of the Year",1998,"NL",NA,NA
"palmera01","Silver Slugger",1998,"AL",NA,"1B"
"easleda01","Silver Slugger",1998,"AL",NA,"2B"
"palmede01","Silver Slugger",1998,"AL",NA,"3B"
"rodriiv01","Silver Slugger",1998,"AL",NA,"C"
"cansejo01","Silver Slugger",1998,"AL",NA,"DH"
"belleal01","Silver Slugger",1998,"AL",NA,"OF"
"gonzaju03","Silver Slugger",1998,"AL",NA,"OF"
"griffke02","Silver Slugger",1998,"AL",NA,"OF"
"rodrial01","Silver Slugger",1998,"AL",NA,"SS"
"mcgwima01","Silver Slugger",1998,"NL",NA,"1B"
"biggicr01","Silver Slugger",1998,"NL",NA,"2B"
"castivi02","Silver Slugger",1998,"NL",NA,"3B"
"piazzmi01","Silver Slugger",1998,"NL",NA,"C"
"aloumo01","Silver Slugger",1998,"NL",NA,"OF"
"sosasa01","Silver Slugger",1998,"NL",NA,"OF"
"vaughgr01","Silver Slugger",1998,"NL",NA,"OF"
"glavito02","Silver Slugger",1998,"NL",NA,"P"
"larkiba01","Silver Slugger",1998,"NL",NA,"SS"
"palmera01","TSN All-Star",1998,"AL",NA,"1B"
"alomaro01","TSN All-Star",1998,"AL",NA,"2B"
"brosisc01","TSN All-Star",1998,"AL",NA,"3B"
"rodriiv01","TSN All-Star",1998,"AL",NA,"C"
"cansejo01","TSN All-Star",1998,"AL",NA,"DH"
"wellsda01","TSN All-Star",1998,"AL",NA,"LHP"
"belleal01","TSN All-Star",1998,"AL",NA,"OF"
"gonzaju03","TSN All-Star",1998,"AL",NA,"OF"
"griffke02","TSN All-Star",1998,"AL",NA,"OF"
"martipe02","TSN All-Star",1998,"AL",NA,"RHP"
"rodrial01","TSN All-Star",1998,"AL",NA,"SS"
"mcgwima01","TSN All-Star",1998,"NL",NA,"1B"
"biggicr01","TSN All-Star",1998,"NL",NA,"2B"
"castivi02","TSN All-Star",1998,"NL",NA,"3B"
"piazzmi01","TSN All-Star",1998,"NL",NA,"C"
"glavito02","TSN All-Star",1998,"NL",NA,"LHP"
"aloumo01","TSN All-Star",1998,"NL",NA,"OF"
"sosasa01","TSN All-Star",1998,"NL",NA,"OF"
"vaughgr01","TSN All-Star",1998,"NL",NA,"OF"
"brownke01","TSN All-Star",1998,"NL",NA,"RHP"
"larkiba01","TSN All-Star",1998,"NL",NA,"SS"
"gordoto01","TSN Fireman of the Year",1998,"AL",NA,NA
"hoffmtr01","TSN Fireman of the Year",1998,"NL",NA,NA
"sosasa01","TSN Major League Player of the Year",1998,"ML",NA,NA
"clemero02","TSN Pitcher of the Year",1998,"AL",NA,NA
"brownke01","TSN Pitcher of the Year",1998,"NL",NA,NA
"brosisc01","World Series MVP",1998,"ML",NA,NA
"hernaor01","ALCS MVP",1999,"AL",NA,NA
"martipe02","All-Star Game MVP",1999,"ML",NA,NA
"riverma01","Babe Ruth Award",1999,"AL",NA,"RP"
"leiteal01","Branch Rickey Award",1999,"ML",NA,NA
"martipe02","Cy Young Award",1999,"AL",NA,NA
"johnsra05","Cy Young Award",1999,"NL",NA,NA
"palmera01","Gold Glove",1999,"AL",NA,"1B"
"alomaro01","Gold Glove",1999,"AL",NA,"2B"
"brosisc01","Gold Glove",1999,"AL",NA,"3B"
"rodriiv01","Gold Glove",1999,"AL",NA,"C"
"greensh01","Gold Glove",1999,"AL",NA,"OF"
"griffke02","Gold Glove",1999,"AL",NA,"OF"
"willibe02","Gold Glove",1999,"AL",NA,"OF"
"mussimi01","Gold Glove",1999,"AL",NA,"P"
"vizquom01","Gold Glove",1999,"AL",NA,"SS"
"snowjt01","Gold Glove",1999,"NL",NA,"1B"
"reesepo01","Gold Glove",1999,"NL",NA,"2B"
"venturo01","Gold Glove",1999,"NL",NA,"3B"
"liebemi01","Gold Glove",1999,"NL",NA,"C"
"finlest01","Gold Glove",1999,"NL",NA,"OF"
"jonesan01","Gold Glove",1999,"NL",NA,"OF"
"walkela01","Gold Glove",1999,"NL",NA,"OF"
"maddugr01","Gold Glove",1999,"NL",NA,"P"
"ordonre01","Gold Glove",1999,"NL",NA,"SS"
"ramirma02","Hank Aaron Award",1999,"AL",NA,"OF"
"sosasa01","Hank Aaron Award",1999,"NL",NA,"OF"
"caseyse01","Hutch Award",1999,"ML",NA,NA
"mcgwima01","Lou Gehrig Memorial Award",1999,"ML",NA,NA
"rodriiv01","Most Valuable Player",1999,"AL",NA,NA
"jonesch06","Most Valuable Player",1999,"NL",NA,NA
"perezed02","NLCS MVP",1999,"NL",NA,NA
"martipe02","Pitching Triple Crown",1999,"AL",NA,NA
"gwynnto01","Roberto Clemente Award",1999,"ML",NA,NA
"riverma01","Reliever of the Year Award",1999,"AL",NA,NA
"wagnebi02","Reliever of the Year Award",1999,"NL",NA,NA
"beltrca01","Rookie of the Year",1999,"AL",NA,NA
"willisc01","Rookie of the Year",1999,"NL",NA,NA
"delgaca01","Silver Slugger",1999,"AL",NA,"1B"
"alomaro01","Silver Slugger",1999,"AL",NA,"2B"
"palmede01","Silver Slugger",1999,"AL",NA,"3B"
"rodriiv01","Silver Slugger",1999,"AL",NA,"C"
"palmera01","Silver Slugger",1999,"AL",NA,"DH"
"greensh01","Silver Slugger",1999,"AL",NA,"OF"
"griffke02","Silver Slugger",1999,"AL",NA,"OF"
"ramirma02","Silver Slugger",1999,"AL",NA,"OF"
"rodrial01","Silver Slugger",1999,"AL",NA,"SS"
"bagweje01","Silver Slugger",1999,"NL",NA,"1B"
"alfoned01","Silver Slugger",1999,"NL",NA,"2B"
"jonesch06","Silver Slugger",1999,"NL",NA,"3B"
"piazzmi01","Silver Slugger",1999,"NL",NA,"C"
"guerrvl01","Silver Slugger",1999,"NL",NA,"OF"
"sosasa01","Silver Slugger",1999,"NL",NA,"OF"
"walkela01","Silver Slugger",1999,"NL",NA,"OF"
"hamptmi01","Silver Slugger",1999,"NL",NA,"P"
"larkiba01","Silver Slugger",1999,"NL",NA,"SS"
"palmera01","TSN All-Star",1999,"AL",NA,"1B"
"alomaro01","TSN All-Star",1999,"AL",NA,"2B"
"palmede01","TSN All-Star",1999,"AL",NA,"3B"
"rodriiv01","TSN All-Star",1999,"AL",NA,"C"
"moyerja01","TSN All-Star",1999,"AL",NA,"LHP"
"greensh01","TSN All-Star",1999,"AL",NA,"OF"
"griffke02","TSN All-Star",1999,"AL",NA,"OF"
"ramirma02","TSN All-Star",1999,"AL",NA,"OF"
"martipe02","TSN All-Star",1999,"AL",NA,"RHP"
"garcino01","TSN All-Star",1999,"AL",NA,"SS"
"bagweje01","TSN All-Star",1999,"NL",NA,"1B"
"alfoned01","TSN All-Star",1999,"NL",NA,"2B"
"jonesch06","TSN All-Star",1999,"NL",NA,"3B"
"piazzmi01","TSN All-Star",1999,"NL",NA,"C"
"hamptmi01","TSN All-Star",1999,"NL",NA,"LHP"
"guerrvl01","TSN All-Star",1999,"NL",NA,"OF"
"sosasa01","TSN All-Star",1999,"NL",NA,"OF"
"walkela01","TSN All-Star",1999,"NL",NA,"OF"
"limajo01","TSN All-Star",1999,"NL",NA,"RHP"
"larkiba01","TSN All-Star",1999,"NL",NA,"SS"
"riverma01","TSN Fireman of the Year",1999,"AL",NA,NA
"urbinug01","TSN Fireman of the Year",1999,"NL",NA,NA
"palmera01","TSN Major League Player of the Year",1999,"ML",NA,NA
"martipe02","TSN Pitcher of the Year",1999,"AL",NA,NA
"hamptmi01","TSN Pitcher of the Year",1999,"NL",NA,NA
"riverma01","World Series MVP",1999,"ML",NA,NA
"justida01","ALCS MVP",2000,"AL",NA,NA
"jeterde01","All-Star Game MVP",2000,"ML",NA,NA
"jeterde01","Babe Ruth Award",2000,"AL",NA,"SS"
"stottto01","Branch Rickey Award",2000,"ML",NA,NA
"martipe02","Cy Young Award",2000,"AL",NA,NA
"johnsra05","Cy Young Award",2000,"NL",NA,NA
"olerujo01","Gold Glove",2000,"AL",NA,"1B"
"alomaro01","Gold Glove",2000,"AL",NA,"2B"
"frymatr01","Gold Glove",2000,"AL",NA,"3B"
"rodriiv01","Gold Glove",2000,"AL",NA,"C"
"dyeje01","Gold Glove",2000,"AL",NA,"OF"
"erstada01","Gold Glove",2000,"AL",NA,"OF"
"willibe02","Gold Glove",2000,"AL",NA,"OF"
"rogerke01","Gold Glove",2000,"AL",NA,"P"
"vizquom01","Gold Glove",2000,"AL",NA,"SS"
"snowjt01","Gold Glove",2000,"NL",NA,"1B"
"reesepo01","Gold Glove",2000,"NL",NA,"2B"
"rolensc01","Gold Glove",2000,"NL",NA,"3B"
"mathemi01","Gold Glove",2000,"NL",NA,"C"
"edmonji01","Gold Glove",2000,"NL",NA,"OF"
"finlest01","Gold Glove",2000,"NL",NA,"OF"
"jonesan01","Gold Glove",2000,"NL",NA,"OF"
"maddugr01","Gold Glove",2000,"NL",NA,"P"
"perezne01","Gold Glove",2000,"NL",NA,"SS"
"delgaca01","Hank Aaron Award",2000,"AL",NA,"1B"
"heltoto01","Hank Aaron Award",2000,"NL",NA,"1B"
"giambja01","Hutch Award",2000,"ML",NA,NA
"stottto01","Lou Gehrig Memorial Award",2000,"ML",NA,NA
"giambja01","Most Valuable Player",2000,"AL",NA,NA
"kentje01","Most Valuable Player",2000,"NL",NA,NA
"hamptmi01","NLCS MVP",2000,"NL",NA,NA
"leiteal01","Roberto Clemente Award",2000,"ML",NA,NA
"jonesto02","Reliever of the Year Award",2000,"AL",NA,NA
"alfonan01","Reliever of the Year Award",2000,"NL",NA,NA
"sasakka01","Rookie of the Year",2000,"AL",NA,NA
"furcara01","Rookie of the Year",2000,"NL",NA,NA
"delgaca01","Silver Slugger",2000,"AL",NA,"1B"
"alomaro01","Silver Slugger",2000,"AL",NA,"2B"
"glaustr01","Silver Slugger",2000,"AL",NA,"3B"
"posadjo01","Silver Slugger",2000,"AL",NA,"C"
"thomafr04","Silver Slugger",2000,"AL",NA,"DH"
"erstada01","Silver Slugger",2000,"AL",NA,"OF"
"ordonma01","Silver Slugger",2000,"AL",NA,"OF"
"ramirma02","Silver Slugger",2000,"AL",NA,"OF"
"rodrial01","Silver Slugger",2000,"AL",NA,"SS"
"heltoto01","Silver Slugger",2000,"NL",NA,"1B"
"kentje01","Silver Slugger",2000,"NL",NA,"2B"
"jonesch06","Silver Slugger",2000,"NL",NA,"3B"
"piazzmi01","Silver Slugger",2000,"NL",NA,"C"
"bondsba01","Silver Slugger",2000,"NL",NA,"OF"
"guerrvl01","Silver Slugger",2000,"NL",NA,"OF"
"sosasa01","Silver Slugger",2000,"NL",NA,"OF"
"hamptmi01","Silver Slugger",2000,"NL",NA,"P"
"renteed01","Silver Slugger",2000,"NL",NA,"SS"
"delgaca01","TSN All-Star",2000,"AL",NA,"1B"
"alomaro01","TSN All-Star",2000,"AL",NA,"2B"
"frymatr01","TSN All-Star",2000,"AL",NA,"3B"
"posadjo01","TSN All-Star",2000,"AL",NA,"C"
"wellsda01","TSN All-Star",2000,"AL",NA,"LHP"
"erstada01","TSN All-Star",2000,"AL",NA,"OF"
"ordonma01","TSN All-Star",2000,"AL",NA,"OF"
"willibe02","TSN All-Star",2000,"AL",NA,"OF"
"martipe02","TSN All-Star",2000,"AL",NA,"RHP"
"rodrial01","TSN All-Star",2000,"AL",NA,"SS"
"heltoto01","TSN All-Star",2000,"NL",NA,"1B"
"kentje01","TSN All-Star",2000,"NL",NA,"2B"
"jonesch06","TSN All-Star",2000,"NL",NA,"3B"
"piazzmi01","TSN All-Star",2000,"NL",NA,"C"
"glavito02","TSN All-Star",2000,"NL",NA,"LHP"
"bondsba01","TSN All-Star",2000,"NL",NA,"OF"
"guerrvl01","TSN All-Star",2000,"NL",NA,"OF"
"sosasa01","TSN All-Star",2000,"NL",NA,"OF"
"maddugr01","TSN All-Star",2000,"NL",NA,"RHP"
"renteed01","TSN All-Star",2000,"NL",NA,"SS"
"jonesto02","TSN Fireman of the Year",2000,"AL",NA,NA
"alfonan01","TSN Fireman of the Year",2000,"NL",NA,NA
"delgaca01","TSN Major League Player of the Year",2000,"ML",NA,NA
"martipe02","TSN Pitcher of the Year",2000,"AL",NA,NA
"glavito02","TSN Pitcher of the Year",2000,"NL",NA,NA
"jeterde01","World Series MVP",2000,"ML",NA,NA
"pettian01","ALCS MVP",2001,"AL",NA,NA
"ripkeca01","All-Star Game MVP",2001,"ML",NA,NA
"johnsra05","Babe Ruth Award",2001,"NL","Y","P"
"schilcu01","Babe Ruth Award",2001,"NL","Y","P"
"schilcu01","Branch Rickey Award",2001,"ML",NA,NA
"clemero02","Cy Young Award",2001,"AL",NA,NA
"johnsra05","Cy Young Award",2001,"NL",NA,NA
"mientdo01","Gold Glove",2001,"AL",NA,"1B"
"alomaro01","Gold Glove",2001,"AL",NA,"2B"
"chaveer01","Gold Glove",2001,"AL",NA,"3B"
"rodriiv01","Gold Glove",2001,"AL",NA,"C"
"camermi01","Gold Glove",2001,"AL",NA,"OF"
"hunteto01","Gold Glove",2001,"AL",NA,"OF"
"suzukic01","Gold Glove",2001,"AL",NA,"OF"
"mussimi01","Gold Glove",2001,"AL",NA,"P"
"vizquom01","Gold Glove",2001,"AL",NA,"SS"
"heltoto01","Gold Glove",2001,"NL",NA,"1B"
"vinafe01","Gold Glove",2001,"NL",NA,"2B"
"rolensc01","Gold Glove",2001,"NL",NA,"3B"
"ausmubr01","Gold Glove",2001,"NL",NA,"C"
"edmonji01","Gold Glove",2001,"NL",NA,"OF"
"jonesan01","Gold Glove",2001,"NL",NA,"OF"
"walkela01","Gold Glove",2001,"NL",NA,"OF"
"maddugr01","Gold Glove",2001,"NL",NA,"P"
"cabreor01","Gold Glove",2001,"NL",NA,"SS"
"rodrial01","Hank Aaron Award",2001,"AL",NA,"SS"
"bondsba01","Hank Aaron Award",2001,"NL",NA,"OF"
"schilcu01","Hutch Award",2001,"ML",NA,NA
"francjo01","Lou Gehrig Memorial Award",2001,"ML",NA,NA
"suzukic01","Most Valuable Player",2001,"AL",NA,NA
"bondsba01","Most Valuable Player",2001,"NL",NA,NA
"counscr01","NLCS MVP",2001,"NL",NA,NA
"schilcu01","Roberto Clemente Award",2001,"ML",NA,NA
"riverma01","Reliever of the Year Award",2001,"AL",NA,NA
"benitar01","Reliever of the Year Award",2001,"NL",NA,NA
"suzukic01","Rookie of the Year",2001,"AL",NA,NA
"pujolal01","Rookie of the Year",2001,"NL",NA,NA
"giambja01","Silver Slugger",2001,"AL",NA,"1B"
"boonebr01","Silver Slugger",2001,"AL",NA,"2B"
"glaustr01","Silver Slugger",2001,"AL",NA,"3B"
"posadjo01","Silver Slugger",2001,"AL",NA,"C"
"martied01","Silver Slugger",2001,"AL",NA,"DH"
"gonzaju03","Silver Slugger",2001,"AL",NA,"OF"
"ramirma02","Silver Slugger",2001,"AL",NA,"OF"
"suzukic01","Silver Slugger",2001,"AL",NA,"OF"
"rodrial01","Silver Slugger",2001,"AL",NA,"SS"
"heltoto01","Silver Slugger",2001,"NL",NA,"1B"
"kentje01","Silver Slugger",2001,"NL",NA,"2B"
"pujolal01","Silver Slugger",2001,"NL",NA,"3B"
"piazzmi01","Silver Slugger",2001,"NL",NA,"C"
"bondsba01","Silver Slugger",2001,"NL",NA,"OF"
"gonzalu01","Silver Slugger",2001,"NL",NA,"OF"
"sosasa01","Silver Slugger",2001,"NL",NA,"OF"
"hamptmi01","Silver Slugger",2001,"NL",NA,"P"
"aurilri01","Silver Slugger",2001,"NL",NA,"SS"
"thomeji01","TSN All-Star",2001,"AL",NA,"1B"
"boonebr01","TSN All-Star",2001,"AL",NA,"2B"
"glaustr01","TSN All-Star",2001,"AL",NA,"3B"
"posadjo01","TSN All-Star",2001,"AL",NA,"C"
"martied01","TSN All-Star",2001,"AL",NA,"DH"
"muldema01","TSN All-Star",2001,"AL",NA,"LHP"
"gonzaju03","TSN All-Star",2001,"AL",NA,"OF"
"ramirma02","TSN All-Star",2001,"AL",NA,"OF"
"suzukic01","TSN All-Star",2001,"AL",NA,"OF"
"clemero02","TSN All-Star",2001,"AL",NA,"RHP"
"rodrial01","TSN All-Star",2001,"AL",NA,"SS"
"heltoto01","TSN All-Star",2001,"NL",NA,"1B"
"biggicr01","TSN All-Star",2001,"NL",NA,"2B"
"jonesch06","TSN All-Star",2001,"NL",NA,"3B"
"piazzmi01","TSN All-Star",2001,"NL",NA,"C"
"johnsra05","TSN All-Star",2001,"NL",NA,"LHP"
"bondsba01","TSN All-Star",2001,"NL",NA,"OF"
"gonzalu01","TSN All-Star",2001,"NL",NA,"OF"
"sosasa01","TSN All-Star",2001,"NL",NA,"OF"
"schilcu01","TSN All-Star",2001,"NL",NA,"RHP"
"aurilri01","TSN All-Star",2001,"NL",NA,"SS"
"bondsba01","TSN Major League Player of the Year",2001,"ML",NA,NA
"clemero02","TSN Pitcher of the Year",2001,"AL",NA,NA
"schilcu01","TSN Pitcher of the Year",2001,"NL",NA,NA
"riverma01","TSN Reliever of the Year",2001,"AL",NA,NA
"benitar01","TSN Reliever of the Year",2001,"NL","Y",NA
"nenro01","TSN Reliever of the Year",2001,"NL","Y",NA
"johnsra05","World Series MVP",2001,"ML","Y",NA
"schilcu01","World Series MVP",2001,"ML","Y",NA
"kennead01","ALCS MVP",2002,"AL",NA,NA
"glaustr01","Babe Ruth Award",2002,"AL",NA,"3B"
"valenbo02","Branch Rickey Award",2002,"ML",NA,NA
"zitoba01","Cy Young Award",2002,"AL",NA,NA
"johnsra05","Cy Young Award",2002,"NL",NA,NA
"olerujo01","Gold Glove",2002,"AL",NA,"1B"
"boonebr01","Gold Glove",2002,"AL",NA,"2B"
"chaveer01","Gold Glove",2002,"AL",NA,"3B"
"molinbe01","Gold Glove",2002,"AL",NA,"C"
"erstada01","Gold Glove",2002,"AL",NA,"OF"
"hunteto01","Gold Glove",2002,"AL",NA,"OF"
"suzukic01","Gold Glove",2002,"AL",NA,"OF"
"rogerke01","Gold Glove",2002,"AL",NA,"P"
"rodrial01","Gold Glove",2002,"AL",NA,"SS"
"heltoto01","Gold Glove",2002,"NL",NA,"1B"
"vinafe01","Gold Glove",2002,"NL",NA,"2B"
"rolensc01","Gold Glove",2002,"NL",NA,"3B"
"ausmubr01","Gold Glove",2002,"NL",NA,"C"
"edmonji01","Gold Glove",2002,"NL",NA,"OF"
"jonesan01","Gold Glove",2002,"NL",NA,"OF"
"walkela01","Gold Glove",2002,"NL",NA,"OF"
"maddugr01","Gold Glove",2002,"NL",NA,"P"
"renteed01","Gold Glove",2002,"NL",NA,"SS"
"rodrial01","Hank Aaron Award",2002,"AL",NA,"SS"
"bondsba01","Hank Aaron Award",2002,"NL",NA,"OF"
"salmoti01","Hutch Award",2002,"ML",NA,NA
"graveda01","Lou Gehrig Memorial Award",2002,"ML",NA,NA
"tejadmi01","Most Valuable Player",2002,"AL",NA,NA
"bondsba01","Most Valuable Player",2002,"NL",NA,NA
"santibe01","NLCS MVP",2002,"NL",NA,NA
"johnsra05","Pitching Triple Crown",2002,"NL",NA,NA
"thomeji01","Roberto Clemente Award",2002,"ML",NA,NA
"kochbi01","Reliever of the Year Award",2002,"AL",NA,NA
"smoltjo01","Reliever of the Year Award",2002,"NL",NA,NA
"hinsker01","Rookie of the Year",2002,"AL",NA,NA
"jennija01","Rookie of the Year",2002,"NL",NA,NA
"giambja01","Silver Slugger",2002,"AL",NA,"1B"
"soriaal01","Silver Slugger",2002,"AL",NA,"2B"
"chaveer01","Silver Slugger",2002,"AL",NA,"3B"
"posadjo01","Silver Slugger",2002,"AL",NA,"C"
"ramirma02","Silver Slugger",2002,"AL",NA,"DH"
"anderga01","Silver Slugger",2002,"AL",NA,"OF"
"ordonma01","Silver Slugger",2002,"AL",NA,"OF"
"willibe02","Silver Slugger",2002,"AL",NA,"OF"
"rodrial01","Silver Slugger",2002,"AL",NA,"SS"
"heltoto01","Silver Slugger",2002,"NL",NA,"1B"
"kentje01","Silver Slugger",2002,"NL",NA,"2B"
"rolensc01","Silver Slugger",2002,"NL",NA,"3B"
"piazzmi01","Silver Slugger",2002,"NL",NA,"C"
"bondsba01","Silver Slugger",2002,"NL",NA,"OF"
"guerrvl01","Silver Slugger",2002,"NL",NA,"OF"
"sosasa01","Silver Slugger",2002,"NL",NA,"OF"
"hamptmi01","Silver Slugger",2002,"NL",NA,"P"
"renteed01","Silver Slugger",2002,"NL",NA,"SS"
"giambja01","TSN All-Star",2002,"AL",NA,"1B"
"soriaal01","TSN All-Star",2002,"AL",NA,"2B"
"chaveer01","TSN All-Star",2002,"AL",NA,"3B"
"posadjo01","TSN All-Star",2002,"AL",NA,"C"
"ramirma02","TSN All-Star",2002,"AL",NA,"DH"
"zitoba01","TSN All-Star",2002,"AL",NA,"LHP"
"anderga01","TSN All-Star",2002,"AL",NA,"OF"
"hunteto01","TSN All-Star",2002,"AL",NA,"OF"
"willibe02","TSN All-Star",2002,"AL",NA,"OF"
"lowede01","TSN All-Star",2002,"AL",NA,"RHP"
"rodrial01","TSN All-Star",2002,"AL",NA,"SS"
"heltoto01","TSN All-Star",2002,"NL",NA,"1B"
"kentje01","TSN All-Star",2002,"NL",NA,"2B"
"rolensc01","TSN All-Star",2002,"NL",NA,"3B"
"piazzmi01","TSN All-Star",2002,"NL",NA,"C"
"johnsra05","TSN All-Star",2002,"NL",NA,"LHP"
"bondsba01","TSN All-Star",2002,"NL",NA,"OF"
"guerrvl01","TSN All-Star",2002,"NL",NA,"OF"
"sosasa01","TSN All-Star",2002,"NL",NA,"OF"
"schilcu01","TSN All-Star",2002,"NL",NA,"RHP"
"renteed01","TSN All-Star",2002,"NL",NA,"SS"
"rodrial01","TSN Major League Player of the Year",2002,"ML",NA,NA
"zitoba01","TSN Pitcher of the Year",2002,"AL",NA,NA
"schilcu01","TSN Pitcher of the Year",2002,"NL",NA,NA
"kochbi01","TSN Reliever of the Year",2002,"AL",NA,NA
"smoltjo01","TSN Reliever of the Year",2002,"NL",NA,NA
"glaustr01","World Series MVP",2002,"ML",NA,NA
"riverma01","ALCS MVP",2003,"AL",NA,NA
"anderga01","All-Star Game MVP",2003,"ML",NA,NA
"beckejo02","Babe Ruth Award",2003,"NL",NA,"P"
"hemonro99","Branch Rickey Award",2003,"ML",NA,NA
"hallaro01","Cy Young Award",2003,"AL",NA,NA
"gagneer01","Cy Young Award",2003,"NL",NA,NA
"olerujo01","Gold Glove",2003,"AL",NA,"1B"
"boonebr01","Gold Glove",2003,"AL",NA,"2B"
"chaveer01","Gold Glove",2003,"AL",NA,"3B"
"molinbe01","Gold Glove",2003,"AL",NA,"C"
"camermi01","Gold Glove",2003,"AL",NA,"OF"
"hunteto01","Gold Glove",2003,"AL",NA,"OF"
"suzukic01","Gold Glove",2003,"AL",NA,"OF"
"mussimi01","Gold Glove",2003,"AL",NA,"P"
"rodrial01","Gold Glove",2003,"AL",NA,"SS"
"leede02","Gold Glove",2003,"NL",NA,"1B"
"castilu01","Gold Glove",2003,"NL",NA,"2B"
"rolensc01","Gold Glove",2003,"NL",NA,"3B"
"mathemi01","Gold Glove",2003,"NL",NA,"C"
"cruzjo02","Gold Glove",2003,"NL",NA,"OF"
"edmonji01","Gold Glove",2003,"NL",NA,"OF"
"jonesan01","Gold Glove",2003,"NL",NA,"OF"
"hamptmi01","Gold Glove",2003,"NL",NA,"P"
"renteed01","Gold Glove",2003,"NL",NA,"SS"
"rodrial01","Hank Aaron Award",2003,"AL",NA,NA
"pujolal01","Hank Aaron Award",2003,"NL",NA,NA
"moyerja01","Hutch Award",2003,"ML",NA,NA
"moyerja01","Lou Gehrig Memorial Award",2003,"ML",NA,NA
"rodrial01","Most Valuable Player",2003,"AL",NA,NA
"bondsba01","Most Valuable Player",2003,"NL",NA,NA
"rodriiv01","NLCS MVP",2003,"NL",NA,NA
"moyerja01","Roberto Clemente Award",2003,"ML",NA,NA
"foulkke01","Reliever of the Year Award",2003,"AL",NA,NA
"gagneer01","Reliever of the Year Award",2003,"NL",NA,NA
"berroan01","Rookie of the Year",2003,"AL",NA,NA
"willido03","Rookie of the Year",2003,"NL",NA,NA
"delgaca01","Silver Slugger",2003,"AL",NA,"1B"
"boonebr01","Silver Slugger",2003,"AL",NA,"2B"
"muellbi02","Silver Slugger",2003,"AL",NA,"3B"
"posadjo01","Silver Slugger",2003,"AL",NA,"C"
"martied01","Silver Slugger",2003,"AL",NA,"DH"
"anderga01","Silver Slugger",2003,"AL",NA,"OF"
"ramirma02","Silver Slugger",2003,"AL",NA,"OF"
"wellsve01","Silver Slugger",2003,"AL",NA,"OF"
"rodrial01","Silver Slugger",2003,"AL",NA,"SS"
"heltoto01","Silver Slugger",2003,"NL",NA,"1B"
"vidrojo01","Silver Slugger",2003,"NL",NA,"2B"
"lowelmi01","Silver Slugger",2003,"NL",NA,"3B"
"lopezja01","Silver Slugger",2003,"NL",NA,"C"
"bondsba01","Silver Slugger",2003,"NL",NA,"OF"
"pujolal01","Silver Slugger",2003,"NL",NA,"OF"
"sheffga01","Silver Slugger",2003,"NL",NA,"OF"
"hamptmi01","Silver Slugger",2003,"NL",NA,"P"
"renteed01","Silver Slugger",2003,"NL",NA,"SS"
"delgaca01","TSN All-Star",2003,"AL",NA,"1B"
"boonebr01","TSN All-Star",2003,"AL",NA,"2B"
"muellbi02","TSN All-Star",2003,"AL",NA,"3B"
"posadjo01","TSN All-Star",2003,"AL",NA,"C"
"thomafr04","TSN All-Star",2003,"AL",NA,"DH"
"pettian01","TSN All-Star",2003,"AL",NA,"LHP"
"anderga01","TSN All-Star",2003,"AL",NA,"OF"
"ordonma01","TSN All-Star",2003,"AL",NA,"OF"
"wellsve01","TSN All-Star",2003,"AL",NA,"OF"
"hallaro01","TSN All-Star",2003,"AL",NA,"RHP"
"rodrial01","TSN All-Star",2003,"AL",NA,"SS"
"heltoto01","TSN All-Star",2003,"NL",NA,"1B"
"gilesma01","TSN All-Star",2003,"NL",NA,"2B"
"rolensc01","TSN All-Star",2003,"NL",NA,"3B"
"lopezja01","TSN All-Star",2003,"NL",NA,"C"
"wolfra02","TSN All-Star",2003,"NL",NA,"LHP"
"bondsba01","TSN All-Star",2003,"NL",NA,"OF"
"pujolal01","TSN All-Star",2003,"NL",NA,"OF"
"sheffga01","TSN All-Star",2003,"NL",NA,"OF"
"gagneer01","TSN All-Star",2003,"NL",NA,"RHP"
"renteed01","TSN All-Star",2003,"NL",NA,"SS"
"pujolal01","TSN Major League Player of the Year",2003,"ML",NA,NA
"hallaro01","TSN Pitcher of the Year",2003,"AL",NA,NA
"gagneer01","TSN Pitcher of the Year",2003,"NL",NA,NA
"foulkke01","TSN Reliever of the Year",2003,"AL",NA,NA
"gagneer01","TSN Reliever of the Year",2003,"NL",NA,NA
"beckejo02","World Series MVP",2003,"ML",NA,NA
"ortizda01","ALCS MVP",2004,"AL",NA,NA
"soriaal01","All-Star Game MVP",2004,"ML",NA,NA
"foulkke01","Babe Ruth Award",2004,"AL",NA,"P"
"moyerja01","Branch Rickey Award",2004,"ML",NA,NA
"santajo01","Cy Young Award",2004,"AL",NA,NA
"clemero02","Cy Young Award",2004,"NL",NA,NA
"erstada01","Gold Glove",2004,"AL",NA,"1B"
"boonebr01","Gold Glove",2004,"AL",NA,"2B"
"chaveer01","Gold Glove",2004,"AL",NA,"3B"
"rodriiv01","Gold Glove",2004,"AL",NA,"C"
"hunteto01","Gold Glove",2004,"AL",NA,"OF"
"suzukic01","Gold Glove",2004,"AL",NA,"OF"
"wellsve01","Gold Glove",2004,"AL",NA,"OF"
"rogerke01","Gold Glove",2004,"AL",NA,"P"
"jeterde01","Gold Glove",2004,"AL",NA,"SS"
"heltoto01","Gold Glove",2004,"NL",NA,"1B"
"castilu01","Gold Glove",2004,"NL",NA,"2B"
"rolensc01","Gold Glove",2004,"NL",NA,"3B"
"mathemi01","Gold Glove",2004,"NL",NA,"C"
"edmonji01","Gold Glove",2004,"NL",NA,"OF"
"finlest01","Gold Glove",2004,"NL",NA,"OF"
"jonesan01","Gold Glove",2004,"NL",NA,"OF"
"maddugr01","Gold Glove",2004,"NL",NA,"P"
"izturce01","Gold Glove",2004,"NL",NA,"SS"
"ramirma02","Hank Aaron Award",2004,"AL",NA,NA
"bondsba01","Hank Aaron Award",2004,"NL",NA,NA
"hoffmtr01","Hutch Award",2004,"ML",NA,NA
"thomeji01","Lou Gehrig Memorial Award",2004,"ML",NA,NA
"guerrvl01","Most Valuable Player",2004,"AL",NA,NA
"bondsba01","Most Valuable Player",2004,"NL",NA,NA
"pujolal01","NLCS MVP",2004,"NL",NA,NA
"martied01","Roberto Clemente Award",2004,"ML",NA,NA
"gagneer01","Reliever of the Year Award",2004,"NL",NA,NA
"crosbbo01","Rookie of the Year",2004,"AL",NA,NA
"bayja01","Rookie of the Year",2004,"NL",NA,NA
"teixema01","Silver Slugger",2004,"AL",NA,"1B"
"soriaal01","Silver Slugger",2004,"AL",NA,"2B"
"morame01","Silver Slugger",2004,"AL",NA,"3B"
"martivi01","Silver Slugger",2004,"AL","Y","C"
"rodriiv01","Silver Slugger",2004,"AL","Y","C"
"ortizda01","Silver Slugger",2004,"AL",NA,"DH"
"guerrvl01","Silver Slugger",2004,"AL",NA,"OF"
"ramirma02","Silver Slugger",2004,"AL",NA,"OF"
"sheffga01","Silver Slugger",2004,"AL",NA,"OF"
"tejadmi01","Silver Slugger",2004,"AL",NA,"SS"
"pujolal01","Silver Slugger",2004,"NL",NA,"1B"
"loretma01","Silver Slugger",2004,"NL",NA,"2B"
"beltrad01","Silver Slugger",2004,"NL",NA,"3B"
"estrajo01","Silver Slugger",2004,"NL",NA,"C"
"abreubo01","Silver Slugger",2004,"NL",NA,"OF"
"bondsba01","Silver Slugger",2004,"NL",NA,"OF"
"edmonji01","Silver Slugger",2004,"NL",NA,"OF"
"hernali01","Silver Slugger",2004,"NL",NA,"P"
"wilsoja02","Silver Slugger",2004,"NL",NA,"SS"
"konerpa01","TSN All-Star",2004,"AL",NA,"1B"
"soriaal01","TSN All-Star",2004,"AL",NA,"2B"
"morame01","TSN All-Star",2004,"AL",NA,"3B"
"rodriiv01","TSN All-Star",2004,"AL",NA,"C"
"ortizda01","TSN All-Star",2004,"AL",NA,"DH"
"guerrvl01","TSN All-Star",2004,"AL",NA,"OF"
"ramirma02","TSN All-Star",2004,"AL",NA,"OF"
"suzukic01","TSN All-Star",2004,"AL",NA,"OF"
"santajo01","TSN All-Star",2004,"AL",NA,"P"
"tejadmi01","TSN All-Star",2004,"AL",NA,"SS"
"pujolal01","TSN All-Star",2004,"NL",NA,"1B"
"loretma01","TSN All-Star",2004,"NL",NA,"2B"
"rolensc01","TSN All-Star",2004,"NL",NA,"3B"
"estrajo01","TSN All-Star",2004,"NL",NA,"C"
"bondsba01","TSN All-Star",2004,"NL",NA,"OF"
"drewjd01","TSN All-Star",2004,"NL",NA,"OF"
"edmonji01","TSN All-Star",2004,"NL",NA,"OF"
"schmija01","TSN All-Star",2004,"NL",NA,"P"
"renteed01","TSN All-Star",2004,"NL",NA,"SS"
"bondsba01","TSN Major League Player of the Year",2004,"ML",NA,NA
"santajo01","TSN Pitcher of the Year",2004,"AL",NA,NA
"schmija01","TSN Pitcher of the Year",2004,"NL",NA,NA
"nathajo01","TSN Reliever of the Year",2004,"AL","Y",NA
"riverma01","TSN Reliever of the Year",2004,"AL","Y",NA
"ramirma02","World Series MVP",2004,"ML",NA,NA
"konerpa01","ALCS MVP",2005,"AL",NA,NA
"tejadmi01","All-Star Game MVP",2005,"ML",NA,NA
"dyeje01","Babe Ruth Award",2005,"AL",NA,"OF"
"gonzalu01","Branch Rickey Award",2005,"ML",NA,NA
"giambja01","Comeback Player of the Year",2005,"AL",NA,NA
"griffke02","Comeback Player of the Year",2005,"NL",NA,NA
"colonba01","Cy Young Award",2005,"AL",NA,NA
"carpech01","Cy Young Award",2005,"NL",NA,NA
"teixema01","Gold Glove",2005,"AL",NA,"1B"
"hudsoor01","Gold Glove",2005,"AL",NA,"2B"
"chaveer01","Gold Glove",2005,"AL",NA,"3B"
"varitja01","Gold Glove",2005,"AL",NA,"C"
"hunteto01","Gold Glove",2005,"AL",NA,"OF"
"suzukic01","Gold Glove",2005,"AL",NA,"OF"
"wellsve01","Gold Glove",2005,"AL",NA,"OF"
"rogerke01","Gold Glove",2005,"AL",NA,"P"
"jeterde01","Gold Glove",2005,"AL",NA,"SS"
"leede02","Gold Glove",2005,"NL",NA,"1B"
"castilu01","Gold Glove",2005,"NL",NA,"2B"
"lowelmi01","Gold Glove",2005,"NL",NA,"3B"
"mathemi01","Gold Glove",2005,"NL",NA,"C"
"abreubo01","Gold Glove",2005,"NL",NA,"OF"
"edmonji01","Gold Glove",2005,"NL",NA,"OF"
"jonesan01","Gold Glove",2005,"NL",NA,"OF"
"maddugr01","Gold Glove",2005,"NL",NA,"P"
"vizquom01","Gold Glove",2005,"NL",NA,"SS"
"ortizda01","Hank Aaron Award",2005,"AL",NA,NA
"jonesan01","Hank Aaron Award",2005,"NL",NA,NA
"biggicr01","Hutch Award",2005,"ML",NA,NA
"smoltjo01","Lou Gehrig Memorial Award",2005,"ML",NA,NA
"rodrial01","Most Valuable Player",2005,"AL",NA,NA
"pujolal01","Most Valuable Player",2005,"NL",NA,NA
"oswalro01","NLCS MVP",2005,"NL",NA,NA
"smoltjo01","Roberto Clemente Award",2005,"ML",NA,NA
"riverma01","Reliever of the Year Award",2005,"AL",NA,NA
"cordech01","Reliever of the Year Award",2005,"NL",NA,NA
"streehu01","Rookie of the Year",2005,"AL",NA,NA
"howarry01","Rookie of the Year",2005,"NL",NA,NA
"teixema01","Silver Slugger",2005,"AL",NA,"1B"
"soriaal01","Silver Slugger",2005,"AL",NA,"2B"
"rodrial01","Silver Slugger",2005,"AL",NA,"3B"
"varitja01","Silver Slugger",2005,"AL",NA,"C"
"ortizda01","Silver Slugger",2005,"AL",NA,"DH"
"guerrvl01","Silver Slugger",2005,"AL",NA,"OF"
"ramirma02","Silver Slugger",2005,"AL",NA,"OF"
"sheffga01","Silver Slugger",2005,"AL",NA,"OF"
"tejadmi01","Silver Slugger",2005,"AL",NA,"SS"
"leede02","Silver Slugger",2005,"NL",NA,"1B"
"kentje01","Silver Slugger",2005,"NL",NA,"2B"
"ensbemo01","Silver Slugger",2005,"NL",NA,"3B"
"barremi01","Silver Slugger",2005,"NL",NA,"C"
"cabremi01","Silver Slugger",2005,"NL",NA,"OF"
"jonesan01","Silver Slugger",2005,"NL",NA,"OF"
"leeca01","Silver Slugger",2005,"NL",NA,"OF"
"marquja01","Silver Slugger",2005,"NL",NA,"P"
"lopezfe01","Silver Slugger",2005,"NL",NA,"SS"
"teixema01","TSN All-Star",2005,"AL",NA,"1B"
"roberbr01","TSN All-Star",2005,"AL",NA,"2B"
"rodrial01","TSN All-Star",2005,"AL",NA,"3B"
"varitja01","TSN All-Star",2005,"AL",NA,"C"
"ortizda01","TSN All-Star",2005,"AL",NA,"DH"
"damonjo01","TSN All-Star",2005,"AL",NA,"OF"
"guerrvl01","TSN All-Star",2005,"AL",NA,"OF"
"ramirma02","TSN All-Star",2005,"AL",NA,"OF"
"nathajo01","TSN All-Star",2005,"AL","Y","RP"
"riverma01","TSN All-Star",2005,"AL","Y","RP"
"youngmi02","TSN All-Star",2005,"AL",NA,"SS"
"pujolal01","TSN All-Star",2005,"NL",NA,"1B"
"kentje01","TSN All-Star",2005,"NL",NA,"2B"
"ensbemo01","TSN All-Star",2005,"NL",NA,"3B"
"loducpa01","TSN All-Star",2005,"NL",NA,"C"
"cabremi01","TSN All-Star",2005,"NL",NA,"OF"
"griffke02","TSN All-Star",2005,"NL",NA,"OF"
"jonesan01","TSN All-Star",2005,"NL",NA,"OF"
"cordech01","TSN All-Star",2005,"NL",NA,"RP"
"lopezfe01","TSN All-Star",2005,"NL",NA,"SS"
"jonesan01","TSN Major League Player of the Year",2005,"ML",NA,NA
"colonba01","TSN Pitcher of the Year",2005,"AL",NA,NA
"carpech01","TSN Pitcher of the Year",2005,"NL",NA,NA
"cordech01","TSN Reliever of the Year",2005,"NL",NA,NA
"dyeje01","World Series MVP",2005,"ML",NA,NA
"polanpl01","ALCS MVP",2006,"AL",NA,NA
"youngmi02","All-Star Game MVP",2006,"ML",NA,NA
"eckstda01","Babe Ruth Award",2006,"AL",NA,"SS"
"lasorto01","Branch Rickey Award",2006,"ML",NA,NA
"johnsji04","Comeback Player of the Year",2006,"AL",NA,NA
"garcino01","Comeback Player of the Year",2006,"NL",NA,NA
"santajo01","Cy Young Award",2006,"AL",NA,NA
"webbbr01","Cy Young Award",2006,"NL",NA,NA
"teixema01","Gold Glove",2006,"AL",NA,"1B"
"grudzma01","Gold Glove",2006,"AL",NA,"2B"
"chaveer01","Gold Glove",2006,"AL",NA,"3B"
"rodriiv01","Gold Glove",2006,"AL",NA,"C"
"hunteto01","Gold Glove",2006,"AL",NA,"OF"
"suzukic01","Gold Glove",2006,"AL",NA,"OF"
"wellsve01","Gold Glove",2006,"AL",NA,"OF"
"rogerke01","Gold Glove",2006,"AL",NA,"P"
"jeterde01","Gold Glove",2006,"AL",NA,"SS"
"pujolal01","Gold Glove",2006,"NL",NA,"1B"
"hudsoor01","Gold Glove",2006,"NL",NA,"2B"
"rolensc01","Gold Glove",2006,"NL",NA,"3B"
"ausmubr01","Gold Glove",2006,"NL",NA,"C"
"beltrca01","Gold Glove",2006,"NL",NA,"OF"
"camermi01","Gold Glove",2006,"NL",NA,"OF"
"jonesan01","Gold Glove",2006,"NL",NA,"OF"
"maddugr01","Gold Glove",2006,"NL",NA,"P"
"vizquom01","Gold Glove",2006,"NL",NA,"SS"
"jeterde01","Hank Aaron Award",2006,"AL",NA,NA
"howarry01","Hank Aaron Award",2006,"NL",NA,NA
"loretma01","Hutch Award",2006,"ML",NA,NA
"hoffmtr01","Lou Gehrig Memorial Award",2006,"ML",NA,NA
"morneju01","Most Valuable Player",2006,"AL",NA,NA
"howarry01","Most Valuable Player",2006,"NL",NA,NA
"suppaje01","NLCS MVP",2006,"NL",NA,NA
"santajo01","Pitching Triple Crown",2006,"AL",NA,NA
"delgaca01","Roberto Clemente Award",2006,"ML",NA,NA
"rodrifr03","Reliever of the Year Award",2006,"AL",NA,NA
"hoffmtr01","Reliever of the Year Award",2006,"NL",NA,NA
"verlaju01","Rookie of the Year",2006,"AL",NA,NA
"ramirha01","Rookie of the Year",2006,"NL",NA,NA
"morneju01","Silver Slugger",2006,"AL",NA,"1B"
"canoro01","Silver Slugger",2006,"AL",NA,"2B"
"credejo01","Silver Slugger",2006,"AL",NA,"3B"
"mauerjo01","Silver Slugger",2006,"AL",NA,"C"
"ortizda01","Silver Slugger",2006,"AL",NA,"DH"
"dyeje01","Silver Slugger",2006,"AL",NA,"OF"
"guerrvl01","Silver Slugger",2006,"AL",NA,"OF"
"ramirma02","Silver Slugger",2006,"AL",NA,"OF"
"jeterde01","Silver Slugger",2006,"AL",NA,"SS"
"howarry01","Silver Slugger",2006,"NL",NA,"1B"
"utleych01","Silver Slugger",2006,"NL",NA,"2B"
"cabremi01","Silver Slugger",2006,"NL",NA,"3B"
"mccanbr01","Silver Slugger",2006,"NL",NA,"C"
"beltrca01","Silver Slugger",2006,"NL",NA,"OF"
"hollima01","Silver Slugger",2006,"NL",NA,"OF"
"soriaal01","Silver Slugger",2006,"NL",NA,"OF"
"zambrca01","Silver Slugger",2006,"NL",NA,"P"
"reyesjo01","Silver Slugger",2006,"NL",NA,"SS"
"morneju01","TSN All-Star",2006,"AL",NA,"1B"
"canoro01","TSN All-Star",2006,"AL",NA,"2B"
"credejo01","TSN All-Star",2006,"AL",NA,"3B"
"mauerjo01","TSN All-Star",2006,"AL",NA,"C"
"ortizda01","TSN All-Star",2006,"AL",NA,"DH"
"dyeje01","TSN All-Star",2006,"AL",NA,"OF"
"ramirma02","TSN All-Star",2006,"AL",NA,"OF"
"wellsve01","TSN All-Star",2006,"AL",NA,"OF"
"jeterde01","TSN All-Star",2006,"AL",NA,"SS"
"howarry01","TSN All-Star",2006,"NL",NA,"1B"
"utleych01","TSN All-Star",2006,"NL",NA,"2B"
"wrighda03","TSN All-Star",2006,"NL",NA,"3B"
"mccanbr01","TSN All-Star",2006,"NL",NA,"C"
"beltrca01","TSN All-Star",2006,"NL",NA,"OF"
"berkmla01","TSN All-Star",2006,"NL","Y","OF"
"jonesan01","TSN All-Star",2006,"NL","Y","OF"
"soriaal01","TSN All-Star",2006,"NL",NA,"OF"
"reyesjo01","TSN All-Star",2006,"NL",NA,"SS"
"howarry01","TSN Major League Player of the Year",2006,"ML",NA,NA
"santajo01","TSN Pitcher of the Year",2006,"AL",NA,NA
"carpech01","TSN Pitcher of the Year",2006,"NL",NA,NA
"rodrifr03","TSN Reliever of the Year",2006,"AL",NA,NA
"hoffmtr01","TSN Reliever of the Year",2006,"NL",NA,NA
"eckstda01","World Series MVP",2006,"ML",NA,NA
"beckejo02","ALCS MVP",2007,"AL",NA,NA
"suzukic01","All-Star Game MVP",2007,"ML",NA,NA
"papeljo01","Babe Ruth Award",2007,"AL",NA,"P"
"smoltjo01","Branch Rickey Award",2007,"ML",NA,NA
"penaca01","Comeback Player of the Year",2007,"AL",NA,NA
"youngdm01","Comeback Player of the Year",2007,"NL",NA,NA
"sabatcc01","Cy Young Award",2007,"AL",NA,NA
"peavyja01","Cy Young Award",2007,"NL",NA,NA
"youklke01","Gold Glove",2007,"AL",NA,"1B"
"polanpl01","Gold Glove",2007,"AL",NA,"2B"
"beltrad01","Gold Glove",2007,"AL",NA,"3B"
"rodriiv01","Gold Glove",2007,"AL",NA,"C"
"hunteto01","Gold Glove",2007,"AL",NA,"OF"
"sizemgr01","Gold Glove",2007,"AL",NA,"OF"
"suzukic01","Gold Glove",2007,"AL",NA,"OF"
"santajo01","Gold Glove",2007,"AL",NA,"P"
"cabreor01","Gold Glove",2007,"AL",NA,"SS"
"leede02","Gold Glove",2007,"NL",NA,"1B"
"hudsoor01","Gold Glove",2007,"NL",NA,"2B"
"wrighda03","Gold Glove",2007,"NL",NA,"3B"
"martiru01","Gold Glove",2007,"NL",NA,"C"
"beltrca01","Gold Glove",2007,"NL",NA,"OF"
"francje02","Gold Glove",2007,"NL",NA,"OF"
"jonesan01","Gold Glove",2007,"NL",NA,"OF"
"rowanaa01","Gold Glove",2007,"NL",NA,"OF"
"maddugr01","Gold Glove",2007,"NL",NA,"P"
"rolliji01","Gold Glove",2007,"NL",NA,"SS"
"rodrial01","Hank Aaron Award",2007,"AL",NA,NA
"fieldpr01","Hank Aaron Award",2007,"NL",NA,NA
"sweenmi01","Hutch Award",2007,"ML",NA,NA
"timlimi01","Lou Gehrig Memorial Award",2007,"ML",NA,NA
"rodrial01","Most Valuable Player",2007,"AL",NA,NA
"rolliji01","Most Valuable Player",2007,"NL",NA,NA
"hollima01","NLCS MVP",2007,"NL",NA,NA
"peavyja01","Pitching Triple Crown",2007,"NL",NA,NA
"biggicr01","Roberto Clemente Award",2007,"ML",NA,NA
"putzjj01","Reliever of the Year Award",2007,"AL",NA,NA
"valvejo01","Reliever of the Year Award",2007,"NL",NA,NA
"pedrodu01","Rookie of the Year",2007,"AL",NA,NA
"braunry02","Rookie of the Year",2007,"NL",NA,NA
"penaca01","Silver Slugger",2007,"AL",NA,"1B"
"polanpl01","Silver Slugger",2007,"AL",NA,"2B"
"rodrial01","Silver Slugger",2007,"AL",NA,"3B"
"posadjo01","Silver Slugger",2007,"AL",NA,"C"
"ortizda01","Silver Slugger",2007,"AL",NA,"DH"
"guerrvl01","Silver Slugger",2007,"AL",NA,"OF"
"ordonma01","Silver Slugger",2007,"AL",NA,"OF"
"suzukic01","Silver Slugger",2007,"AL",NA,"OF"
"jeterde01","Silver Slugger",2007,"AL",NA,"SS"
"fieldpr01","Silver Slugger",2007,"NL",NA,"1B"
"utleych01","Silver Slugger",2007,"NL",NA,"2B"
"wrighda03","Silver Slugger",2007,"NL",NA,"3B"
"martiru01","Silver Slugger",2007,"NL",NA,"C"
"beltrca01","Silver Slugger",2007,"NL",NA,"OF"
"hollima01","Silver Slugger",2007,"NL",NA,"OF"
"leeca01","Silver Slugger",2007,"NL",NA,"OF"
"owingmi01","Silver Slugger",2007,"NL",NA,"P"
"rolliji01","Silver Slugger",2007,"NL",NA,"SS"
"penaca01","TSN All-Star",2007,"AL",NA,"1B"
"polanpl01","TSN All-Star",2007,"AL",NA,"2B"
"rodrial01","TSN All-Star",2007,"AL",NA,"3B"
"posadjo01","TSN All-Star",2007,"AL",NA,"C"
"ortizda01","TSN All-Star",2007,"AL",NA,"DH"
"guerrvl01","TSN All-Star",2007,"AL",NA,"OF"
"ordonma01","TSN All-Star",2007,"AL",NA,"OF"
"suzukic01","TSN All-Star",2007,"AL",NA,"OF"
"borowjo01","TSN All-Star",2007,"AL",NA,"RP"
"sabatcc01","TSN All-Star",2007,"AL",NA,"SP"
"jeterde01","TSN All-Star",2007,"AL",NA,"SS"
"fieldpr01","TSN All-Star",2007,"NL",NA,"1B"
"utleych01","TSN All-Star",2007,"NL",NA,"2B"
"wrighda03","TSN All-Star",2007,"NL",NA,"3B"
"martiru01","TSN All-Star",2007,"NL",NA,"C"
"hollima01","TSN All-Star",2007,"NL",NA,"OF"
"leeca01","TSN All-Star",2007,"NL",NA,"OF"
"rowanaa01","TSN All-Star",2007,"NL",NA,"OF"
"valvejo01","TSN All-Star",2007,"NL",NA,"RP"
"peavyja01","TSN All-Star",2007,"NL",NA,"SP"
"ramirha01","TSN All-Star",2007,"NL",NA,"SS"
"rodrial01","TSN Major League Player of the Year",2007,"ML",NA,NA
"sabatcc01","TSN Pitcher of the Year",2007,"AL",NA,NA
"peavyja01","TSN Pitcher of the Year",2007,"NL",NA,NA
"borowjo01","TSN Reliever of the Year",2007,"AL",NA,NA
"valvejo01","TSN Reliever of the Year",2007,"NL",NA,NA
"lowelmi01","World Series MVP",2007,"ML",NA,NA
"garzama01","ALCS MVP",2008,"AL",NA,NA
"drewjd01","All-Star Game MVP",2008,"ML",NA,NA
"hamelco01","Babe Ruth Award",2008,"NL",NA,"P"
"hoffmtr01","Branch Rickey Award",2008,"ML",NA,NA
"leecl02","Comeback Player of the Year",2008,"AL",NA,NA
"lidgebr01","Comeback Player of the Year",2008,"NL",NA,NA
"leecl02","Cy Young Award",2008,"AL",NA,NA
"linceti01","Cy Young Award",2008,"NL",NA,NA
"penaca01","Gold Glove",2008,"AL",NA,"1B"
"pedrodu01","Gold Glove",2008,"AL",NA,"2B"
"beltrad01","Gold Glove",2008,"AL",NA,"3B"
"mauerjo01","Gold Glove",2008,"AL",NA,"C"
"hunteto01","Gold Glove",2008,"AL",NA,"OF"
"sizemgr01","Gold Glove",2008,"AL",NA,"OF"
"suzukic01","Gold Glove",2008,"AL",NA,"OF"
"mussimi01","Gold Glove",2008,"AL",NA,"P"
"youngmi02","Gold Glove",2008,"AL",NA,"SS"
"gonzaad01","Gold Glove",2008,"NL",NA,"1B"
"phillbr01","Gold Glove",2008,"NL",NA,"2B"
"wrighda03","Gold Glove",2008,"NL",NA,"3B"
"molinya01","Gold Glove",2008,"NL",NA,"C"
"beltrca01","Gold Glove",2008,"NL",NA,"OF"
"mclouna01","Gold Glove",2008,"NL",NA,"OF"
"victosh01","Gold Glove",2008,"NL",NA,"OF"
"maddugr01","Gold Glove",2008,"NL",NA,"P"
"rolliji01","Gold Glove",2008,"NL",NA,"SS"
"youklke01","Hank Aaron Award",2008,"AL",NA,NA
"ramirar01","Hank Aaron Award",2008,"NL",NA,NA
"lestejo01","Hutch Award",2008,"ML",NA,NA
"victosh01","Lou Gehrig Memorial Award",2008,"ML",NA,NA
"pedrodu01","Most Valuable Player",2008,"AL",NA,NA
"pujolal01","Most Valuable Player",2008,"NL",NA,NA
"hamelco01","NLCS MVP",2008,"NL",NA,NA
"pujolal01","Roberto Clemente Award",2008,"NL",NA,NA
"lidgebr01","Reliever of the Year Award",2008,"NL",NA,NA
"longoev01","Rookie of the Year",2008,"AL",NA,NA
"sotoge01","Rookie of the Year",2008,"NL",NA,NA
"morneju01","Silver Slugger",2008,"AL",NA,"1B"
"pedrodu01","Silver Slugger",2008,"AL",NA,"2B"
"rodrial01","Silver Slugger",2008,"AL",NA,"3B"
"mauerjo01","Silver Slugger",2008,"AL",NA,"C"
"huffau01","Silver Slugger",2008,"AL",NA,"DH"
"hamiljo03","Silver Slugger",2008,"AL",NA,"OF"
"quentca01","Silver Slugger",2008,"AL",NA,"OF"
"sizemgr01","Silver Slugger",2008,"AL",NA,"OF"
"jeterde01","Silver Slugger",2008,"AL",NA,"SS"
"pujolal01","Silver Slugger",2008,"NL",NA,"1B"
"utleych01","Silver Slugger",2008,"NL",NA,"2B"
"wrighda03","Silver Slugger",2008,"NL",NA,"3B"
"mccanbr01","Silver Slugger",2008,"NL",NA,"C"
"braunry02","Silver Slugger",2008,"NL",NA,"OF"
"hollima01","Silver Slugger",2008,"NL",NA,"OF"
"ludwiry01","Silver Slugger",2008,"NL",NA,"OF"
"zambrca01","Silver Slugger",2008,"NL",NA,"P"
"ramirha01","Silver Slugger",2008,"NL",NA,"SS"
"pujolal01","TSN Major League Player of the Year",2008,"ML",NA,NA
"leecl02","TSN Pitcher of the Year",2008,"AL",NA,NA
"linceti01","TSN Pitcher of the Year",2008,"NL",NA,NA
"rodrifr03","TSN Reliever of the Year",2008,"AL",NA,NA
"lidgebr01","TSN Reliever of the Year",2008,"NL",NA,NA
"hamelco01","World Series MVP",2008,"ML",NA,NA
"sabatcc01","ALCS MVP",2009,"AL",NA,NA
"crawfca02","All-Star Game MVP",2009,"ML",NA,NA
"rodrial01","Babe Ruth Award",2009,"AL",NA,"3B"
"hunteto01","Branch Rickey Award",2009,"ML",NA,NA
"hillaa01","Comeback Player of the Year",2009,"AL",NA,NA
"carpech02","Comeback Player of the Year",2009,"NL",NA,NA
"greinza01","Cy Young Award",2009,"AL",NA,NA
"linceti01","Cy Young Award",2009,"NL",NA,NA
"teixema01","Gold Glove",2009,"AL",NA,"1B"
"polanpl01","Gold Glove",2009,"AL",NA,"2B"
"longoev01","Gold Glove",2009,"AL",NA,"3B"
"mauerjo01","Gold Glove",2009,"AL",NA,"C"
"hunteto01","Gold Glove",2009,"AL",NA,"OF"
"jonesad01","Gold Glove",2009,"AL",NA,"OF"
"suzukic01","Gold Glove",2009,"AL",NA,"OF"
"buehrma01","Gold Glove",2009,"AL",NA,"P"
"jeterde01","Gold Glove",2009,"AL",NA,"SS"
"gonzaad01","Gold Glove",2009,"NL",NA,"1B"
"hudsoor01","Gold Glove",2009,"NL",NA,"2B"
"zimmery01","Gold Glove",2009,"NL",NA,"3B"
"molinya01","Gold Glove",2009,"NL",NA,"C"
"bournmi01","Gold Glove",2009,"NL",NA,"OF"
"kempma01","Gold Glove",2009,"NL",NA,"OF"
"victosh01","Gold Glove",2009,"NL",NA,"OF"
"wainwad01","Gold Glove",2009,"NL",NA,"P"
"rolliji01","Gold Glove",2009,"NL",NA,"SS"
"jeterde01","Hank Aaron Award",2009,"AL",NA,NA
"pujolal01","Hank Aaron Award",2009,"NL",NA,NA
"teahema01","Hutch Award",2009,"ML",NA,NA
"pujolal01","Lou Gehrig Memorial Award",2009,"ML",NA,NA
"mauerjo01","Most Valuable Player",2009,"AL",NA,NA
"pujolal01","Most Valuable Player",2009,"NL",NA,NA
"howarry01","NLCS MVP",2009,"NL",NA,NA
"jeterde01","Roberto Clemente Award",2009,"ML",NA,NA
"riverma01","Reliever of the Year Award",2009,"AL",NA,NA
"bellhe01","Reliever of the Year Award",2009,"NL",NA,NA
"bailean01","Rookie of the Year",2009,"AL",NA,NA
"coghlch01","Rookie of the Year",2009,"NL",NA,NA
"teixema01","Silver Slugger",2009,"AL",NA,"1B"
"hillaa01","Silver Slugger",2009,"AL",NA,"2B"
"longoev01","Silver Slugger",2009,"AL",NA,"3B"
"mauerjo01","Silver Slugger",2009,"AL",NA,"C"
"lindad01","Silver Slugger",2009,"AL",NA,"DH"
"bayja01","Silver Slugger",2009,"AL",NA,"OF"
"hunteto01","Silver Slugger",2009,"AL",NA,"OF"
"suzukic01","Silver Slugger",2009,"AL",NA,"OF"
"jeterde01","Silver Slugger",2009,"AL",NA,"SS"
"pujolal01","Silver Slugger",2009,"NL",NA,"1B"
"utleych01","Silver Slugger",2009,"NL",NA,"2B"
"zimmery01","Silver Slugger",2009,"NL",NA,"3B"
"mccanbr01","Silver Slugger",2009,"NL",NA,"C"
"braunry02","Silver Slugger",2009,"NL",NA,"OF"
"ethiean01","Silver Slugger",2009,"NL",NA,"OF"
"kempma01","Silver Slugger",2009,"NL",NA,"OF"
"zambrca01","Silver Slugger",2009,"NL",NA,"P"
"ramirha01","Silver Slugger",2009,"NL",NA,"SS"
"pujolal01","TSN Major League Player of the Year",2009,"ML",NA,NA
"greinza01","TSN Pitcher of the Year",2009,"AL",NA,NA
"linceti01","TSN Pitcher of the Year",2009,"NL",NA,NA
"riverma01","TSN Reliever of the Year",2009,"AL",NA,NA
"frankry01","TSN Reliever of the Year",2009,"NL",NA,NA
"matsuhi01","World Series MVP",2009,"ML",NA,NA
"hamiljo03","ALCS MVP",2010,"AL",NA,NA
"mccanbr01","All-Star Game MVP",2010,"NL",NA,NA
"linceti01","Babe Ruth Award",2010,"NL",NA,"P"
"wellsve01","Branch Rickey Award",2010,"ML",NA,NA
"liriafr01","Comeback Player of the Year",2010,"AL",NA,NA
"hudsoti01","Comeback Player of the Year",2010,"NL",NA,NA
"hernafe02","Cy Young Award",2010,"AL",NA,NA
"hallaro01","Cy Young Award",2010,"NL",NA,NA
"teixema01","Gold Glove",2010,"AL",NA,"1B"
"canoro01","Gold Glove",2010,"AL",NA,"2B"
"longoev01","Gold Glove",2010,"AL",NA,"3B"
"mauerjo01","Gold Glove",2010,"AL",NA,"C"
"crawfca02","Gold Glove",2010,"AL",NA,"OF"
"gutiefr01","Gold Glove",2010,"AL",NA,"OF"
"suzukic01","Gold Glove",2010,"AL",NA,"OF"
"buehrma01","Gold Glove",2010,"AL",NA,"P"
"jeterde01","Gold Glove",2010,"AL",NA,"SS"
"pujolal01","Gold Glove",2010,"NL",NA,"1B"
"phillbr01","Gold Glove",2010,"NL",NA,"2B"
"rolensc01","Gold Glove",2010,"NL",NA,"3B"
"molinya01","Gold Glove",2010,"NL",NA,"C"
"bournmi01","Gold Glove",2010,"NL",NA,"OF"
"gonzaca01","Gold Glove",2010,"NL",NA,"OF"
"victosh01","Gold Glove",2010,"NL",NA,"OF"
"arroybr01","Gold Glove",2010,"NL",NA,"P"
"tulowtr01","Gold Glove",2010,"NL",NA,"SS"
"bautijo02","Hank Aaron Award",2010,"AL",NA,NA
"vottojo01","Hank Aaron Award",2010,"NL",NA,NA
"hudsoti01","Hutch Award",2010,"ML",NA,NA
"jeterde01","Lou Gehrig Memorial Award",2010,"ML",NA,NA
"hamiljo03","Most Valuable Player",2010,"AL",NA,NA
"vottojo01","Most Valuable Player",2010,"NL",NA,NA
"rossco01","NLCS MVP",2010,"NL",NA,NA
"wakefti01","Roberto Clemente Award",2010,"ML",NA,NA
"soriara01","Reliever of the Year Award",2010,"AL",NA,NA
"bellhe01","Reliever of the Year Award",2010,"NL",NA,NA
"felizne01","Rookie of the Year",2010,"AL",NA,NA
"poseybu01","Rookie of the Year",2010,"NL",NA,NA
"cabremi01","Silver Slugger",2010,"AL",NA,"1B"
"canoro01","Silver Slugger",2010,"AL",NA,"2B"
"beltrad01","Silver Slugger",2010,"AL",NA,"3B"
"mauerjo01","Silver Slugger",2010,"AL",NA,"C"
"guerrvl01","Silver Slugger",2010,"AL",NA,"DH"
"bautijo02","Silver Slugger",2010,"AL",NA,"OF"
"crawfca02","Silver Slugger",2010,"AL",NA,"OF"
"hamiljo03","Silver Slugger",2010,"AL",NA,"OF"
"ramiral03","Silver Slugger",2010,"AL",NA,"SS"
"pujolal01","Silver Slugger",2010,"NL",NA,"1B"
"ugglada01","Silver Slugger",2010,"NL",NA,"2B"
"zimmery01","Silver Slugger",2010,"NL",NA,"3B"
"mccanbr01","Silver Slugger",2010,"NL",NA,"C"
"braunry02","Silver Slugger",2010,"NL",NA,"OF"
"gonzaca01","Silver Slugger",2010,"NL",NA,"OF"
"hollima01","Silver Slugger",2010,"NL",NA,"OF"
"gallayo01","Silver Slugger",2010,"NL",NA,"P"
"tulowtr01","Silver Slugger",2010,"NL",NA,"SS"
"hamiljo03","TSN Major League Player of the Year",2010,"ML",NA,NA
"hernafe02","TSN Pitcher of the Year",2010,"AL",NA,NA
"hallaro01","TSN Pitcher of the Year",2010,"NL",NA,NA
"soriara01","TSN Reliever of the Year",2010,"AL",NA,NA
"bellhe01","TSN Reliever of the Year",2010,"NL",NA,NA
"renteed01","World Series MVP",2010,"ML",NA,NA
"cruzne02","ALCS MVP",2011,"AL",NA,NA
"fieldpr01","All-Star Game MVP",2011,"NL",NA,NA
"freesda01","Babe Ruth Award",2011,"NL",NA,"P"
"victosh01","Branch Rickey Award",2011,"ML",NA,NA
"ellsbja01","Comeback Player of the Year",2011,"AL",NA,NA
"berkmla01","Comeback Player of the Year",2011,"NL",NA,NA
"verlaju01","Cy Young Award",2011,"AL",NA,NA
"kershcl01","Cy Young Award",2011,"NL",NA,NA
"gonzaad01","Gold Glove",2011,"AL",NA,"1B"
"pedrodu01","Gold Glove",2011,"AL",NA,"2B"
"beltrad01","Gold Glove",2011,"AL",NA,"3B"
"wietema01","Gold Glove",2011,"AL",NA,"C"
"ellsbja01","Gold Glove",2011,"AL",NA,"CF"
"gordoal01","Gold Glove",2011,"AL",NA,"LF"
"buehrma01","Gold Glove",2011,"AL",NA,"P"
"markani01","Gold Glove",2011,"AL",NA,"RF"
"aybarer01","Gold Glove",2011,"AL",NA,"SS"
"vottojo01","Gold Glove",2011,"NL",NA,"1B"
"phillbr01","Gold Glove",2011,"NL",NA,"2B"
"polanpl01","Gold Glove",2011,"NL",NA,"3B"
"molinya01","Gold Glove",2011,"NL",NA,"C"
"kempma01","Gold Glove",2011,"NL",NA,"CF"
"parrage01","Gold Glove",2011,"NL",NA,"LF"
"kershcl01","Gold Glove",2011,"NL",NA,"P"
"ethiean01","Gold Glove",2011,"NL",NA,"RF"
"tulowtr01","Gold Glove",2011,"NL",NA,"SS"
"bautijo02","Hank Aaron Award",2011,"AL",NA,NA
"kempma01","Hank Aaron Award",2011,"NL",NA,NA
"butlebi03","Hutch Award",2011,"ML",NA,NA
"zimmery01","Lou Gehrig Memorial Award",2011,"ML",NA,NA
"verlaju01","Most Valuable Player",2011,"AL",NA,NA
"braunry02","Most Valuable Player",2011,"NL",NA,NA
"freesda01","NLCS MVP",2011,"NL",NA,NA
"verlaju01","Pitching Triple Crown",2011,"AL",NA,NA
"kershcl01","Pitching Triple Crown",2011,"NL",NA,NA
"ortizda01","Roberto Clemente Award",2011,"ML",NA,NA
"valvejo01","Reliever of the Year Award",2011,"AL",NA,NA
"axforjo01","Reliever of the Year Award",2011,"NL",NA,NA
"hellije01","Rookie of the Year",2011,"AL",NA,NA
"kimbrcr01","Rookie of the Year",2011,"NL",NA,NA
"gonzaad01","Silver Slugger",2011,"AL",NA,"1B"
"canoro01","Silver Slugger",2011,"AL",NA,"2B"
"beltrad01","Silver Slugger",2011,"AL",NA,"3B"
"avilaal01","Silver Slugger",2011,"AL",NA,"C"
"ortizda01","Silver Slugger",2011,"AL",NA,"DH"
"bautijo02","Silver Slugger",2011,"AL",NA,"OF"
"ellsbja01","Silver Slugger",2011,"AL",NA,"OF"
"grandcu01","Silver Slugger",2011,"AL",NA,"OF"
"cabreas01","Silver Slugger",2011,"AL",NA,"SS"
"fieldpr01","Silver Slugger",2011,"NL",NA,"1B"
"phillbr01","Silver Slugger",2011,"NL",NA,"2B"
"ramirar01","Silver Slugger",2011,"NL",NA,"3B"
"mccanbr01","Silver Slugger",2011,"NL",NA,"C"
"braunry02","Silver Slugger",2011,"NL",NA,"OF"
"kempma01","Silver Slugger",2011,"NL",NA,"OF"
"uptonju01","Silver Slugger",2011,"NL",NA,"OF"
"hudsoda01","Silver Slugger",2011,"NL",NA,"P"
"tulowtr01","Silver Slugger",2011,"NL",NA,"SS"
"verlaju01","TSN Major League Player of the Year",2011,"ML",NA,NA
"verlaju01","TSN Pitcher of the Year",2011,"AL",NA,NA
"kershcl01","TSN Pitcher of the Year",2011,"NL",NA,NA
"freesda01","World Series MVP",2011,"ML",NA,NA
"youngde03","ALCS MVP",2012,"AL",NA,NA
"cabreme01","All-Star Game MVP",2012,"NL",NA,NA
"sandopa01","Babe Ruth Award",2012,"NL",NA,"P"
"dickera01","Branch Rickey Award",2012,"ML",NA,NA
"rodnefe01","Comeback Player of the Year",2012,"AL",NA,NA
"poseybu01","Comeback Player of the Year",2012,"NL",NA,NA
"priceda01","Cy Young Award",2012,"AL",NA,NA
"dickera01","Cy Young Award",2012,"NL",NA,NA
"teixema01","Gold Glove",2012,"AL",NA,"1B"
"canoro01","Gold Glove",2012,"AL",NA,"2B"
"beltrad01","Gold Glove",2012,"AL",NA,"3B"
"wietema01","Gold Glove",2012,"AL",NA,"C"
"jonesad01","Gold Glove",2012,"AL",NA,"CF"
"gordoal01","Gold Glove",2012,"AL",NA,"LF"
"hellije01","Gold Glove",2012,"AL",NA,"P"
"reddijo01","Gold Glove",2012,"AL",NA,"RF"
"hardyjj01","Gold Glove",2012,"AL",NA,"SS"
"larocad01","Gold Glove",2012,"NL",NA,"1B"
"barneda01","Gold Glove",2012,"NL",NA,"2B"
"headlch01","Gold Glove",2012,"NL",NA,"3B"
"molinya01","Gold Glove",2012,"NL",NA,"C"
"mccutan01","Gold Glove",2012,"NL",NA,"CF"
"gonzaca01","Gold Glove",2012,"NL",NA,"LF"
"buehrma01","Gold Glove",2012,"NL",NA,"P"
"heywaja01","Gold Glove",2012,"NL",NA,"RF"
"rolliji01","Gold Glove",2012,"NL",NA,"SS"
"cabremi01","Hank Aaron Award",2012,"AL",NA,NA
"poseybu01","Hank Aaron Award",2012,"NL",NA,NA
"zitoba01","Hutch Award",2012,"ML",NA,NA
"cabremi01","Most Valuable Player",2012,"AL",NA,NA
"poseybu01","Most Valuable Player",2012,"NL",NA,NA
"scutama01","NLCS MVP",2012,"NL",NA,NA
"kershcl01","Roberto Clemente Award",2012,"ML",NA,NA
"kimbrcr01","Reliever of the Year Award",2012,"NL",NA,NA
"troutmi01","Rookie of the Year",2012,"AL",NA,NA
"harpebr03","Rookie of the Year",2012,"NL",NA,NA
"fieldpr01","Silver Slugger",2012,"AL",NA,"1B"
"canoro01","Silver Slugger",2012,"AL",NA,"2B"
"cabremi01","Silver Slugger",2012,"AL",NA,"3B"
"pierzaj01","Silver Slugger",2012,"AL",NA,"C"
"butlebi03","Silver Slugger",2012,"AL",NA,"DH"
"hamiljo03","Silver Slugger",2012,"AL",NA,"OF"
"troutmi01","Silver Slugger",2012,"AL",NA,"OF"
"willijo03","Silver Slugger",2012,"AL",NA,"OF"
"jeterde01","Silver Slugger",2012,"AL",NA,"SS"
"larocad01","Silver Slugger",2012,"NL",NA,"1B"
"hillaa01","Silver Slugger",2012,"NL",NA,"2B"
"headlch01","Silver Slugger",2012,"NL",NA,"3B"
"poseybu01","Silver Slugger",2012,"NL",NA,"C"
"braunry01","Silver Slugger",2012,"NL",NA,"OF"
"bruceja01","Silver Slugger",2012,"NL",NA,"OF"
"mccutan01","Silver Slugger",2012,"NL",NA,"OF"
"strasst01","Silver Slugger",2012,"NL",NA,"P"
"desmoia01","Silver Slugger",2012,"NL",NA,"SS"
"cabremi01","Triple Crown",2012,"AL",NA,NA
"cabremi01","TSN Major League Player of the Year",2012,"ML",NA,NA
"priceda01","TSN Pitcher of the Year",2012,"AL","Y",NA
"verlaju01","TSN Pitcher of the Year",2012,"AL","Y",NA
"dickera01","TSN Pitcher of the Year",2012,"NL",NA,NA
"sandopa01","World Series MVP",2012,"ML",NA,NA
"ueharko01","ALCS MVP",2013,"AL",NA,NA
"riverma01","All-Star Game MVP",2013,"NL",NA,NA
"kershcl01","Branch Rickey Award",2013,"ML",NA,NA
"riverma01","Comeback Player of the Year",2013,"AL",NA,NA
"liriafr01","Comeback Player of the Year",2013,"NL",NA,NA
"scherma01","Cy Young Award",2013,"AL",NA,NA
"kershcl01","Cy Young Award",2013,"NL",NA,NA
"hosmeer01","Gold Glove",2013,"AL",NA,"1B"
"pedrodu01","Gold Glove",2013,"AL",NA,"2B"
"machama01","Gold Glove",2013,"AL",NA,"3B"
"perezsa02","Gold Glove",2013,"AL",NA,"C"
"jonesad01","Gold Glove",2013,"AL",NA,"CF"
"gordoal01","Gold Glove",2013,"AL",NA,"LF"
"dickera01","Gold Glove",2013,"AL",NA,"P"
"victosh01","Gold Glove",2013,"AL",NA,"RF"
"hardyjj01","Gold Glove",2013,"AL",NA,"SS"
"goldspa01","Gold Glove",2013,"NL",NA,"1B"
"phillbr01","Gold Glove",2013,"NL",NA,"2B"
"arenano01","Gold Glove",2013,"NL",NA,"3B"
"molinya01","Gold Glove",2013,"NL",NA,"C"
"gomezca01","Gold Glove",2013,"NL",NA,"CF"
"gonzaca01","Gold Glove",2013,"NL",NA,"LF"
"wainwad01","Gold Glove",2013,"NL",NA,"P"
"parrage01","Gold Glove",2013,"NL",NA,"RF"
"simmoan01","Gold Glove",2013,"NL",NA,"SS"
"cabremi01","Hank Aaron Award",2013,"AL",NA,NA
"goldspa01","Hank Aaron Award",2013,"NL",NA,NA
"cabremi01","Most Valuable Player",2013,"AL",NA,NA
"mccutan01","Most Valuable Player",2013,"NL",NA,NA
"wachami01","NLCS MVP",2013,"NL",NA,NA
"beltrca01","Roberto Clemente Award",2013,"ML",NA,NA
"myerswi01","Rookie of the Year",2013,"AL",NA,NA
"fernajo02","Rookie of the Year",2013,"NL",NA,NA
"davisch02","Silver Slugger",2013,"AL",NA,"1B"
"canoro01","Silver Slugger",2013,"AL",NA,"2B"
"cabremi01","Silver Slugger",2013,"AL",NA,"3B"
"mauerjo01","Silver Slugger",2013,"AL",NA,"C"
"ortizda01","Silver Slugger",2013,"AL",NA,"DH"
"hunteto01","Silver Slugger",2013,"AL",NA,"OF"
"jonesad01","Silver Slugger",2013,"AL",NA,"OF"
"troutmi01","Silver Slugger",2013,"AL",NA,"OF"
"hardyjj01","Silver Slugger",2013,"AL",NA,"SS"
"goldspa01","Silver Slugger",2013,"NL",NA,"1B"
"carpema01","Silver Slugger",2013,"NL",NA,"2B"
"alvarpe01","Silver Slugger",2013,"NL",NA,"3B"
"molinya01","Silver Slugger",2013,"NL",NA,"C"
"bruceja01","Silver Slugger",2013,"NL",NA,"OF"
"cuddymi01","Silver Slugger",2013,"NL",NA,"OF"
"mccutan01","Silver Slugger",2013,"NL",NA,"OF"
"greinza01","Silver Slugger",2013,"NL",NA,"P"
"desmoia01","Silver Slugger",2013,"NL",NA,"SS"
"cabremi01","TSN Major League Player of the Year",2013,"ML",NA,NA
"ortizda01","World Series MVP",2013,"ML",NA,NA
"cainlo01","ALCS MVP",2014,"AL",NA,NA
"troutmi01","All-Star Game MVP",2014,"AL",NA,NA
"rizzoan01","Branch Rickey Award",2014,"ML",NA,NA
"youngch03","Comeback Player of the Year",2014,"AL",NA,NA
"mcgehca01","Comeback Player of the Year",2014,"NL",NA,NA
"klubeco01","Cy Young Award",2014,"AL",NA,NA
"kershcl01","Cy Young Award",2014,"NL",NA,NA
"hosmeer01","Gold Glove",2014,"AL",NA,"1B"
"pedrodu01","Gold Glove",2014,"AL",NA,"2B"
"seageky01","Gold Glove",2014,"AL",NA,"3B"
"perezsa02","Gold Glove",2014,"AL",NA,"C"
"markani01","Gold Glove",2014,"AL",NA,"CF"
"gordoal01","Gold Glove",2014,"AL",NA,"LF"
"keuchda01","Gold Glove",2014,"AL",NA,"P"
"jonesad01","Gold Glove",2014,"AL",NA,"RF"
"hardyjj01","Gold Glove",2014,"AL",NA,"SS"
"gonzaad01","Gold Glove",2014,"NL",NA,"1B"
"lemahdj01","Gold Glove",2014,"NL",NA,"2B"
"arenano01","Gold Glove",2014,"NL",NA,"3B"
"molinya01","Gold Glove",2014,"NL",NA,"C"
"lagarju01","Gold Glove",2014,"NL",NA,"CF"
"yelicch01","Gold Glove",2014,"NL",NA,"LF"
"greinza01","Gold Glove",2014,"NL",NA,"P"
"heywaja01","Gold Glove",2014,"NL",NA,"RF"
"simmoan01","Gold Glove",2014,"NL",NA,"SS"
"troutmi01","Hank Aaron Award",2014,"AL",NA,NA
"stantmi03","Hank Aaron Award",2014,"NL",NA,NA
"troutmi01","Most Valuable Player",2014,"AL",NA,NA
"kershcl01","Most Valuable Player",2014,"NL",NA,NA
"bumgama01","NLCS MVP",2014,"NL",NA,NA
"konerpa01","Roberto Clemente Award",2014,"AL",NA,NA
"rolliji01","Roberto Clemente Award",2014,"NL",NA,NA
"abreujo02","Rookie of the Year",2014,"AL",NA,NA
"degroja01","Rookie of the Year",2014,"NL",NA,NA
"abreujo02","Silver Slugger",2014,"AL",NA,"1B"
"altuvjo01","Silver Slugger",2014,"AL",NA,"2B"
"beltrad01","Silver Slugger",2014,"AL",NA,"3B"
"gomesya01","Silver Slugger",2014,"AL",NA,"C"
"martivi01","Silver Slugger",2014,"AL",NA,"DH"
"troutmi01","Silver Slugger",2014,"AL",NA,"OF"
"brantmi02","Silver Slugger",2014,"AL",NA,"OF"
"bautijo02","Silver Slugger",2014,"AL",NA,"OF"
"ramiral03","Silver Slugger",2014,"AL",NA,"SS"
"gonzaad01","Silver Slugger",2014,"NL",NA,"1B"
"walkene01","Silver Slugger",2014,"NL",NA,"2B"
"rendoan01","Silver Slugger",2014,"NL",NA,"3B"
"poseybu01","Silver Slugger",2014,"NL",NA,"C"
"uptonju01","Silver Slugger",2014,"NL",NA,"OF"
"stantmi03","Silver Slugger",2014,"NL",NA,"OF"
"mccutan01","Silver Slugger",2014,"NL",NA,"OF"
"bumgama01","Silver Slugger",2014,"NL",NA,"P"
"desmoia01","Silver Slugger",2014,"NL",NA,"SS"
"kershcl01","TSN Major League Player of the Year",2014,"ML",NA,NA
"bumgama01","World Series MVP",2014,"ML",NA,NA
"escobal02","ALCS MVP",2015,"AL",NA,NA
"troutmi01","All-Star Game MVP",2015,"AL",NA,NA
"fieldpr01","Comeback Player of the Year",2015,"AL",NA,NA
"harvema01","Comeback Player of the Year",2015,"NL",NA,NA
"keuchda01","Cy Young Award",2015,"AL",NA,NA
"arrieja01","Cy Young Award",2015,"NL",NA,NA
"hosmeer01","Gold Glove",2015,"AL",NA,"1B"
"altuvjo01","Gold Glove",2015,"AL",NA,"2B"
"machama01","Gold Glove",2015,"AL",NA,"3B"
"perezsa02","Gold Glove",2015,"AL",NA,"C"
"kiermke01","Gold Glove",2015,"AL",NA,"CF"
"cespeyo01","Gold Glove",2015,"AL",NA,"LF"
"keuchda01","Gold Glove",2015,"AL",NA,"P"
"calhoko01","Gold Glove",2015,"AL",NA,"RF"
"escobal02","Gold Glove",2015,"AL",NA,"SS"
"goldspa01","Gold Glove",2015,"NL",NA,"1B"
"gordode01","Gold Glove",2015,"NL",NA,"2B"
"arenano01","Gold Glove",2015,"NL",NA,"3B"
"molinya01","Gold Glove",2015,"NL",NA,"C"
"polloaj01","Gold Glove",2015,"NL",NA,"CF"
"martest01","Gold Glove",2015,"NL",NA,"LF"
"greinza01","Gold Glove",2015,"NL",NA,"P"
"heywaja01","Gold Glove",2015,"NL",NA,"RF"
"crawfbr01","Gold Glove",2015,"NL",NA,"SS"
"donaljo02","Hank Aaron Award",2015,"AL",NA,NA
"harpebr03","Hank Aaron Award",2015,"ML",NA,NA
"donaljo02","Most Valuable Player",2015,"AL",NA,NA
"harpebr03","Most Valuable Player",2015,"NL",NA,NA
"murphda08","NLCS MVP",2015,"NL",NA,NA
"mccutan01","Roberto Clemente Award",2015,"ML",NA,NA
"correca01","Rookie of the Year",2015,"AL",NA,NA
"bryankr01","Rookie of the Year",2015,"NL",NA,NA
"cabremi01","Silver Slugger",2015,"AL",NA,"1B"
"altuvjo01","Silver Slugger",2015,"AL",NA,"2B"
"donaljo02","Silver Slugger",2015,"AL",NA,"3B"
"mccanbr01","Silver Slugger",2015,"AL",NA,"C"
"moralke01","Silver Slugger",2015,"AL",NA,"DH"
"troutmi01","Silver Slugger",2015,"AL",NA,"OF"
"martijd02","Silver Slugger",2015,"AL",NA,"OF"
"cruzne02","Silver Slugger",2015,"AL",NA,"OF"
"bogaexa01","Silver Slugger",2015,"AL",NA,"SS"
"goldspa01","Silver Slugger",2015,"NL",NA,"1B"
"gordode01","Silver Slugger",2015,"NL",NA,"2B"
"arenano01","Silver Slugger",2015,"NL",NA,"3B"
"poseybu01","Silver Slugger",2015,"NL",NA,"C"
"harpebr03","Silver Slugger",2015,"NL",NA,"OF"
"gonzaca01","Silver Slugger",2015,"NL",NA,"OF"
"mccutan01","Silver Slugger",2015,"NL",NA,"OF"
"bumgama01","Silver Slugger",2015,"NL",NA,"P"
"crawfbr01","Silver Slugger",2015,"NL",NA,"SS"
"donaljo02","TSN Major League Player of the Year",2015,"ML",NA,NA
"perezsa02","World Series MVP",2015,"ML",NA,NA
"perezsa02","Silver Slugger",2016,"AL",NA,"C"
"cabremi01","Silver Slugger",2016,"AL",NA,"1B"
"altuvjo01","Silver Slugger",2016,"AL",NA,"2B"
"donaljo02","Silver Slugger",2016,"AL",NA,"3B"
"bogaexa01","Silver Slugger",2016,"AL",NA,"SS"
"bettsmo01","Silver Slugger",2016,"AL",NA,"OF"
"troutmi01","Silver Slugger",2016,"AL",NA,"OF"
"trumbma01","Silver Slugger",2016,"AL",NA,"OF"
"ortizda01","Silver Slugger",2016,"AL",NA,"DH"
"ramoswi01","Silver Slugger",2016,"NL",NA,"C"
"rizzoan01","Silver Slugger",2016,"NL",NA,"1B"
"murphda08","Silver Slugger",2016,"NL",NA,"2B"
"arenano01","Silver Slugger",2016,"NL",NA,"3B"
"seageco01","Silver Slugger",2016,"NL",NA,"SS"
"blackch02","Silver Slugger",2016,"NL",NA,"OF"
"cespeyo01","Silver Slugger",2016,"NL",NA,"OF"
"yelicch01","Silver Slugger",2016,"NL",NA,"OF"
"arrieja01","Silver Slugger",2016,"NL",NA,"P"
"perezsa02","Gold Glove",2016,"AL",NA,"C"
"morelmi01","Gold Glove",2016,"AL",NA,"1B"
"kinslia01","Gold Glove",2016,"AL",NA,"2B"
"beltrad01","Gold Glove",2016,"AL",NA,"3B"
"lindofr01","Gold Glove",2016,"AL",NA,"SS"
"gardnbr01","Gold Glove",2016,"AL",NA,"OF"
"kiermke01","Gold Glove",2016,"AL",NA,"OF"
"bettsmo01","Gold Glove",2016,"AL",NA,"OF"
"keuchda01","Gold Glove",2016,"AL",NA,"P"
"poseybu01","Gold Glove",2016,"NL",NA,"C"
"rizzoan01","Gold Glove",2016,"NL",NA,"1B"
"panikjo01","Gold Glove",2016,"NL",NA,"2B"
"arenano01","Gold Glove",2016,"NL",NA,"3B"
"crawfbr01","Gold Glove",2016,"NL",NA,"SS"
"martest01","Gold Glove",2016,"NL",NA,"OF"
"inciaen01","Gold Glove",2016,"NL",NA,"OF"
"heywaja01","Gold Glove",2016,"NL",NA,"OF"
"greinza01","Gold Glove",2016,"NL",NA,"P"
"troutmi01","Most Valuable Player",2016,"AL",NA,NA
"bryankr01","Most Valuable Player",2016,"NL",NA,NA
"porceri01","Cy Young Award",2016,"AL",NA,NA
"scherma01","Cy Young Award",2016,"NL",NA,NA
"fulmemi01","Rookie of the Year",2016,"AL",NA,NA
"seageco01","Rookie of the Year",2016,"NL",NA,"Unanimous"
"grandcu01","Roberto Clemente Award",2016,"ML",NA,NA
"ortizda01","Hank Aaron Award",2016,"AL",NA,"DH"
"bryankr01","Hank Aaron Award",2016,"NL",NA,"3B"
"zobribe01","World Series MVP",2016,"ML",NA,NA
"millean01","ALCS MVP",2016,"AL",NA,NA
"baezja01","NLCS MVP",2016,"NL","Y","Co-MVP"
"lestejo01","NLCS MVP",2016,"NL","Y","Co-MVP"
"porceri01","Comeback Player of the Year",2016,"AL",NA,NA
"rendoan01","Comeback Player of the Year",2016,"NL",NA,NA
"ortizda01","Outstanding DH Award",2016,"AL",NA,NA
"brittza01","Reliever of the Year Award",2016,"AL",NA,NA
"janseke01","Reliever of the Year Award",2016,"NL",NA,NA
"altuvjo01","TSN Major League Player of the Year",2016,"ML",NA,NA
"brittza01","TSN Reliever of the Year",2016,"AL",NA,NA
"klubeco01","TSN Pitcher of the Year",2016,"AL",NA,NA
"janseke01","TSN Reliever of the Year",2016,"NL",NA,NA
"scherma01","TSN Pitcher of the Year",2016,"NL",NA,NA
"poseybu01","TSN All-Star",2016,"NL",NA,"C"
"freemfr01","TSN All-Star",2016,"NL",NA,"1B"
"murphda08","TSN All-Star",2016,"NL",NA,"2B"
"seageco01","TSN All-Star",2016,"NL",NA,"SS"
"bryankr01","TSN All-Star",2016,"NL",NA,"3B"
"yelicch01","TSN All-Star",2016,"NL",NA,"OF"
"cespeyo01","TSN All-Star",2016,"NL",NA,"OF"
"martest01","TSN All-Star",2016,"NL",NA,"OF"
"scherma01","TSN All-Star",2016,"NL",NA,"SP"
"janseke01","TSN All-Star",2016,"NL",NA,"RP"
"perezsa02","TSN All-Star",2016,"AL",NA,"C"
"cabremi01","TSN All-Star",2016,"AL",NA,"1B"
"altuvjo01","TSN All-Star",2016,"AL",NA,"2B"
"lindofr01","TSN All-Star",2016,"AL",NA,"SS"
"donaljo02","TSN All-Star",2016,"AL",NA,"3B"
"troutmi01","TSN All-Star",2016,"AL",NA,"OF"
"bettsmo01","TSN All-Star",2016,"AL",NA,"OF"
"bradlja02","TSN All-Star",2016,"AL",NA,"OF"
"ortizda01","TSN All-Star",2016,"AL",NA,"DH"
"klubeco01","TSN All-Star",2016,"AL",NA,"SP"
"brittza01","TSN All-Star",2016,"AL",NA,"RP"
"hollagr01","Reliever of the Year Award",2014,"AL",NA,NA
"kimbrcr01","Reliever of the Year Award",2014,"NL",NA,NA
"melanma01","Reliever of the Year Award",2015,"NL",NA,NA
"millean01","Reliever of the Year Award",2015,"AL",NA,NA
"altuvjo01","Most Valuable Player",2017,"AL",NA,NA
"stantmi03","Most Valuable Player",2017,"NL",NA,NA
"klubeco01","Cy Young Award",2017,"AL",NA,NA
"scherma01","Cy Young Award",2017,"NL",NA,NA
"judgeaa01","Rookie of the Year",2017,"AL",NA,NA
"bellico01","Rookie of the Year",2017,"NL",NA,NA
"rizzoan01","Roberto Clemente Award",2017,"ML",NA,NA
"altuvjo01","Hank Aaron Award",2017,"AL",NA,NA
"stantmi03","Hank Aaron Award",2017,"NL",NA,NA
"sanchga02","Silver Slugger",2017,"AL",NA,"C"
"hosmeer01","Silver Slugger",2017,"AL",NA,"1B"
"altuvjo01","Silver Slugger",2017,"AL",NA,"2B"
"ramirjo01","Silver Slugger",2017,"AL",NA,"3B"
"lindofr01","SIlver Slugger",2017,"AL",NA,"SS"
"judgeaa01","Silver Slugger",2017,"AL",NA,"OF"
"springe01","Silver Slugger",2017,"AL",NA,"OF"
"uptonju01","Silver Slugger",2017,"AL",NA,"OF"
"cruzne02","Silver Slugger",2017,"AL",NA,"DH"
"poseybu01","Silver Slugger",2017,"NL",NA,"C"
"goldspa01","Silver Slugger",2017,"NL",NA,"1B"
"murphda08","Silver Slugger",2017,"NL",NA,"2B"
"arenano01","Silver Slugger",2017,"NL",NA,"3B"
"seageco01","Silver Slugger",2017,"NL",NA,"SS"
"stantmi03","Silver Slugger",2017,"NL",NA,"OF"
"ozunama01","Silver Slugger",2017,"NL",NA,"OF"
"blackch02","Silver Slugger",2017,"NL",NA,"OF"
"wainwad01","Silver Slugger",2017,"NL",NA,"P"
"maldoma01","Gold Glove",2017,"AL",NA,"C"
"hosmeer01","Gold Glove",2017,"AL",NA,"1B"
"doziebr01","Gold Glove",2017,"AL",NA,"2B"
"longoev01","Gold Glove",2017,"AL",NA,"3B"
"simmoan01","Gold Glove",2017,"AL",NA,"SS"
"gordoal01","Gold Glove",2017,"AL",NA,"LF"
"buxtoby01","Gold Glove",2017,"AL",NA,"CF"
"bettsmo01","Gold Glove",2017,"AL",NA,"RF"
"stromma01","Gold Glove",2017,"AL",NA,"P"
"barnhtu01","Gold Glove",2017,"NL",NA,"C"
"goldspa01","Gold Glove",2017,"NL",NA,"1B"
"lemahdj01","Gold Glove",2017,"NL",NA,"2B"
"arenano01","Gold Glove",2017,"NL",NA,"3B"
"crawfbr01","Gold Glove",2017,"NL",NA,"SS"
